#
# A fatal error has been detected by the Java Runtime Environment:
#
#  SIGSEGV (0xb) at pc=0x00007ff81e2c4520, pid=48746, tid=123251
#
# JRE version: OpenJDK Runtime Environment Zulu21.32+17-CA (21.0.2+13) (build 21.0.2+13-LTS)
# Java VM: OpenJDK 64-Bit Server VM Zulu21.32+17-CA (21.0.2+13-LTS, mixed mode, sharing, tiered, compressed oops, compressed class ptrs, g1 gc, bsd-amd64)
# Problematic frame:
# C  [CoreVideo+0x3520]  CVXTime::translateTime(CVTimeStamp const*, CVTimeStamp*) const+0x1a
#
# No core dump will be written. Core dumps have been disabled. To enable core dumping, try "ulimit -c unlimited" before starting Java again
#
# If you would like to submit a bug report, please visit:
#   http://www.azul.com/support/
#

---------------  S U M M A R Y ------------

Command Line: --enable-preview -agentlib:jdwp=transport=dt_socket,server=n,address=65238 com.mycompany.javacheckers.Checkers

Host: "MacBookAir10,1" x86_64 (EMULATED) 2400 MHz, 8 cores, 8G, Darwin 24.2.0, macOS 15.2 (24C101)
Time: Sat Jan 25 00:31:40 2025 EST elapsed time: 765.800019 seconds (0d 0h 12m 45s)

---------------  T H R E A D  ---------------

Current thread is native thread

Stack: [0x000000030aa0b000,0x000000030aa8b000],  sp=0x000000030aa8aca0,  free space=511k
Native frames: (J=compiled Java code, j=interpreted, Vv=VM code, C=native code)
C  [CoreVideo+0x3520]  CVXTime::translateTime(CVTimeStamp const*, CVTimeStamp*) const+0x1a
C  [CoreVideo+0x3210]  CVDisplayLink::calculateNextWakeUpTime(CVTimeStamp*, CVTimeStamp*, bool)+0x124
C  [CoreVideo+0x27f0]  CVDisplayLink::runIOThread()+0x188
C  [libsystem_pthread.dylib+0x6253]  _pthread_start+0x63
C  [libsystem_pthread.dylib+0x1bef]  thread_start+0xf

siginfo: si_signo: 11 (SIGSEGV), si_code: 1 (SEGV_MAPERR), si_addr: 0x0000678b8824bc58

Registers:
RAX=0x0000678b8824baa0, RBX=0x000000030aa8ae30, RCX=0x0000000000000000, RDX=0x000000030aa8ae30
RSP=0x000000030aa8aca0, RBP=0x000000030aa8acd0, RSI=0x000000030aa8ace0, RDI=0x00006000005abaa0
R8 =0x00007ff855163dd0, R9 =0x00007fc5ce98a898, R10=0x00007fc5ce98a890, R11=0x00007fc5ce98a894
R12=0x000000030aa8ae30, R13=0x000000030aa8ace0, R14=0x00007fc5ce98a820, R15=0x00006000005abaa0
RIP=0x00007ff81e2c4520, EFLAGS=0x0000000000000246, ERR=0x0000000000000004
  TRAPNO=0x000000000000000e


Top of Stack: (sp=0x000000030aa8aca0)
0x000000030aa8aca0:   0000000000fe502a 000000030aa8ae30
0x000000030aa8acb0:   00007fc5ce98a918 0000000000000000
0x000000030aa8acc0:   00007fc5ce98a820 00007fc5ce98a8d8
0x000000030aa8acd0:   000000030aa8ae20 00007ff81e2c4210
0x000000030aa8ace0:   3b9aca0000000000 000357c25939c9b0
0x000000030aa8acf0:   000357c258b318fa 3ff0000000000000
0x000000030aa8ad00:   0000000000fe502a 0000000000000000
0x000000030aa8ad10:   0000000000000000 0000000000000000
0x000000030aa8ad20:   0000000000000001 0000000000000000
0x000000030aa8ad30:   000000030aa8ad50 00007ff81467f5cb
0x000000030aa8ad40:   000000000000003c 00007fc5ce98a838
0x000000030aa8ad50:   000000030aa8ade0 00007ff814684835
0x000000030aa8ad60:   0000000000000000 0000000000000000
0x000000030aa8ad70:   0000000000000000 0000040000000000
0x000000030aa8ad80:   0000000000000000 0000000000000000
0x000000030aa8ad90:   0000000000000000 0000000000000000
0x000000030aa8ada0:   0000000000000000 0000000000000000
0x000000030aa8adb0:   0000000000000000 0000000000000002
0x000000030aa8adc0:   0000000000000000 00007fc5ce98aa18
0x000000030aa8add0:   000000030aa8adf0 000000001467fa19
0x000000030aa8ade0:   00007fc5ce98aa00 0000000000000000
0x000000030aa8adf0:   000357c25a4b42b9 00007fc5ce98a820
0x000000030aa8ae00:   00007fc5ce98a918 0000000000000000
0x000000030aa8ae10:   000000030aa8ae98 00007fc5ce98a8d8
0x000000030aa8ae20:   000000030aa8afb0 00007ff81e2c37f0
0x000000030aa8ae30:   0000000000000000 0000000000000000
0x000000030aa8ae40:   0000000000000000 0000000000000000
0x000000030aa8ae50:   0000000000000000 0000000000000000
0x000000030aa8ae60:   0000000000000000 0000000000000000
0x000000030aa8ae70:   0000000000000013 0000000000000000
0x000000030aa8ae80:   0000000000000000 00007fc5ce98a838
0x000000030aa8ae90:   0000000000000000 0000000000000000 

Instructions: (pc=0x00007ff81e2c4520)
0x00007ff81e2c4420:   fc 58 59 39 48 8d 35 7d eb e9 36 f2 0f 11 55 b0
0x00007ff81e2c4430:   e8 09 a9 03 00 f2 0f 10 55 b0 e9 1f ff ff ff f2
0x00007ff81e2c4440:   4c 0f 2c d0 4d 8b 8e b8 01 00 00 48 8d 35 10 c2
0x00007ff81e2c4450:   03 00 bf 02 00 00 00 4c 89 f2 48 8b 4d d0 31 c0
0x00007ff81e2c4460:   41 52 41 ff b6 30 02 00 00 e8 25 5e 01 00 48 83
0x00007ff81e2c4470:   c4 10 49 8b be 38 02 00 00 e8 46 f5 ff ff 49 8b
0x00007ff81e2c4480:   be 38 02 00 00 e8 7a f5 ff ff 49 8b 06 4c 89 f7
0x00007ff81e2c4490:   48 8b 75 c0 ff 90 88 00 00 00 49 c7 86 30 02 00
0x00007ff81e2c44a0:   00 00 00 00 00 49 8b 06 4c 89 f7 48 89 de ff 90
0x00007ff81e2c44b0:   88 00 00 00 48 81 c4 18 01 00 00 5b 41 5c 41 5d
0x00007ff81e2c44c0:   41 5e 41 5f 5d c3 55 48 89 e5 41 57 41 56 53 50
0x00007ff81e2c44d0:   48 89 fb 4c 8d 77 18 4c 89 f7 e8 89 ab 03 00 4c
0x00007ff81e2c44e0:   8b bb b8 01 00 00 48 8b 9b c0 01 00 00 4c 89 f7
0x00007ff81e2c44f0:   e8 79 ab 03 00 4c 89 f8 48 89 da 48 83 c4 08 5b
0x00007ff81e2c4500:   41 5e 41 5f 5d c3 55 48 89 e5 41 57 41 56 41 55
0x00007ff81e2c4510:   41 54 53 50 49 89 d4 49 89 f5 49 89 ff 48 8b 07
0x00007ff81e2c4520:   4c 8b b0 b8 01 00 00 8b 98 c0 01 00 00 48 8b 4e
0x00007ff81e2c4530:   08 4c 8b 46 10 4c 8b 4e 40 48 8d 35 83 ce 04 00
0x00007ff81e2c4540:   bf 05 00 00 00 4c 89 fa 31 c0 e8 44 5d 01 00 49
0x00007ff81e2c4550:   8b 4c 24 08 4d 8b 44 24 10 4d 8b 4c 24 40 45 8b
0x00007ff81e2c4560:   54 24 04 f2 41 0f 10 44 24 18 48 8d 35 9d ce 04
0x00007ff81e2c4570:   00 bf 05 00 00 00 4c 89 fa b0 01 41 ff 74 24 20
0x00007ff81e2c4580:   41 52 e8 0c 5d 01 00 48 83 c4 10 48 8d 35 06 cf
0x00007ff81e2c4590:   04 00 bf 05 00 00 00 4c 89 fa 4c 89 f1 41 89 d8
0x00007ff81e2c45a0:   31 c0 e8 ec 5c 01 00 49 8b 4f 58 45 8b 47 50 48
0x00007ff81e2c45b0:   8d 35 31 cf 04 00 bf 05 00 00 00 4c 89 fa 31 c0
0x00007ff81e2c45c0:   e8 ce 5c 01 00 f2 41 0f 10 4f 10 0f 14 0d fe e3
0x00007ff81e2c45d0:   04 00 66 0f 5c 0d 06 e4 04 00 f2 41 0f 10 47 48
0x00007ff81e2c45e0:   66 0f 7c c9 48 8d 35 3f cf 04 00 bf 05 00 00 00
0x00007ff81e2c45f0:   4c 89 fa b0 02 e8 99 5c 01 00 4d 8b 4c 24 40 41
0x00007ff81e2c4600:   f6 c1 01 0f 84 94 00 00 00 49 8b 45 40 a8 01 75
0x00007ff81e2c4610:   08 a8 02 75 0a 31 c0 eb 7f 49 8b 45 08 eb 79 49 



---------------  P R O C E S S  ---------------

VM state: not at safepoint (normal execution)

VM Mutex/Monitor currently owned by a thread: None

Heap address: 0x0000000780000000, size: 2048 MB, Compressed Oops mode: Zero based, Oop shift amount: 3

CDS archive(s) mapped at: [0x000000012b000000-0x000000012bd00000-0x000000012bd00000), size 13631488, SharedBaseAddress: 0x000000012b000000, ArchiveRelocationMode: 1.
Compressed class space mapped at: 0x000000012c000000-0x000000016c000000, reserved size: 1073741824
Narrow klass base: 0x000000012b000000, Narrow klass shift: 0, Narrow klass range: 0x100000000

GC Precious Log:
<Skipped>

Heap:
 garbage-first heap   total 133120K, used 26707K [0x0000000780000000, 0x0000000800000000)
  region size 1024K, 6 young (6144K), 1 survivors (1024K)
 Metaspace       used 9508K, committed 9728K, reserved 1114112K
  class space    used 1032K, committed 1152K, reserved 1048576K

Heap Regions: E=young(eden), S=young(survivor), O=old, HS=humongous(starts), HC=humongous(continues), CS=collection set, F=free, TAMS=top-at-mark-start, PB=parsable bottom
|   0|0x0000000780000000, 0x0000000780100000, 0x0000000780100000|100%| O|  |TAMS 0x0000000780000000| PB 0x0000000780000000| Untracked 
|   1|0x0000000780100000, 0x0000000780200000, 0x0000000780200000|100%| O|  |TAMS 0x0000000780100000| PB 0x0000000780100000| Untracked 
|   2|0x0000000780200000, 0x0000000780300000, 0x0000000780300000|100%| O|  |TAMS 0x0000000780200000| PB 0x0000000780200000| Untracked 
|   3|0x0000000780300000, 0x0000000780400000, 0x0000000780400000|100%| O|  |TAMS 0x0000000780300000| PB 0x0000000780300000| Untracked 
|   4|0x0000000780400000, 0x0000000780500000, 0x0000000780500000|100%|HS|  |TAMS 0x0000000780400000| PB 0x0000000780400000| Complete 
|   5|0x0000000780500000, 0x0000000780600000, 0x0000000780600000|100%|HC|  |TAMS 0x0000000780500000| PB 0x0000000780500000| Complete 
|   6|0x0000000780600000, 0x0000000780700000, 0x0000000780700000|100%|HC|  |TAMS 0x0000000780600000| PB 0x0000000780600000| Complete 
|   7|0x0000000780700000, 0x0000000780800000, 0x0000000780800000|100%|HC|  |TAMS 0x0000000780700000| PB 0x0000000780700000| Complete 
|   8|0x0000000780800000, 0x0000000780900000, 0x0000000780900000|100%|HS|  |TAMS 0x0000000780800000| PB 0x0000000780800000| Complete 
|   9|0x0000000780900000, 0x0000000780a00000, 0x0000000780a00000|100%|HC|  |TAMS 0x0000000780900000| PB 0x0000000780900000| Complete 
|  10|0x0000000780a00000, 0x0000000780b00000, 0x0000000780b00000|100%|HC|  |TAMS 0x0000000780a00000| PB 0x0000000780a00000| Complete 
|  11|0x0000000780b00000, 0x0000000780c00000, 0x0000000780c00000|100%|HC|  |TAMS 0x0000000780b00000| PB 0x0000000780b00000| Complete 
|  12|0x0000000780c00000, 0x0000000780d00000, 0x0000000780d00000|100%|HS|  |TAMS 0x0000000780c00000| PB 0x0000000780c00000| Complete 
|  13|0x0000000780d00000, 0x0000000780e00000, 0x0000000780e00000|100%|HC|  |TAMS 0x0000000780d00000| PB 0x0000000780d00000| Complete 
|  14|0x0000000780e00000, 0x0000000780f00000, 0x0000000780f00000|100%|HC|  |TAMS 0x0000000780e00000| PB 0x0000000780e00000| Complete 
|  15|0x0000000780f00000, 0x0000000781000000, 0x0000000781000000|100%|HC|  |TAMS 0x0000000780f00000| PB 0x0000000780f00000| Complete 
|  16|0x0000000781000000, 0x0000000781100000, 0x0000000781100000|100%|HS|  |TAMS 0x0000000781000000| PB 0x0000000781000000| Complete 
|  17|0x0000000781100000, 0x0000000781200000, 0x0000000781200000|100%|HC|  |TAMS 0x0000000781100000| PB 0x0000000781100000| Complete 
|  18|0x0000000781200000, 0x0000000781300000, 0x0000000781300000|100%|HC|  |TAMS 0x0000000781200000| PB 0x0000000781200000| Complete 
|  19|0x0000000781300000, 0x0000000781400000, 0x0000000781400000|100%|HC|  |TAMS 0x0000000781300000| PB 0x0000000781300000| Complete 
|  20|0x0000000781400000, 0x000000078148c720, 0x0000000781500000| 54%| O|  |TAMS 0x0000000781400000| PB 0x0000000781400000| Untracked 
|  21|0x0000000781500000, 0x0000000781500000, 0x0000000781600000|  0%| F|  |TAMS 0x0000000781500000| PB 0x0000000781500000| Untracked 
|  22|0x0000000781600000, 0x0000000781600000, 0x0000000781700000|  0%| F|  |TAMS 0x0000000781600000| PB 0x0000000781600000| Untracked 
|  23|0x0000000781700000, 0x0000000781700000, 0x0000000781800000|  0%| F|  |TAMS 0x0000000781700000| PB 0x0000000781700000| Untracked 
|  24|0x0000000781800000, 0x0000000781800000, 0x0000000781900000|  0%| F|  |TAMS 0x0000000781800000| PB 0x0000000781800000| Untracked 
|  25|0x0000000781900000, 0x0000000781900000, 0x0000000781a00000|  0%| F|  |TAMS 0x0000000781900000| PB 0x0000000781900000| Untracked 
|  26|0x0000000781a00000, 0x0000000781a00000, 0x0000000781b00000|  0%| F|  |TAMS 0x0000000781a00000| PB 0x0000000781a00000| Untracked 
|  27|0x0000000781b00000, 0x0000000781b00000, 0x0000000781c00000|  0%| F|  |TAMS 0x0000000781b00000| PB 0x0000000781b00000| Untracked 
|  28|0x0000000781c00000, 0x0000000781c00000, 0x0000000781d00000|  0%| F|  |TAMS 0x0000000781c00000| PB 0x0000000781c00000| Untracked 
|  29|0x0000000781d00000, 0x0000000781d00000, 0x0000000781e00000|  0%| F|  |TAMS 0x0000000781d00000| PB 0x0000000781d00000| Untracked 
|  30|0x0000000781e00000, 0x0000000781e00000, 0x0000000781f00000|  0%| F|  |TAMS 0x0000000781e00000| PB 0x0000000781e00000| Untracked 
|  31|0x0000000781f00000, 0x0000000781f00000, 0x0000000782000000|  0%| F|  |TAMS 0x0000000781f00000| PB 0x0000000781f00000| Untracked 
|  32|0x0000000782000000, 0x0000000782000000, 0x0000000782100000|  0%| F|  |TAMS 0x0000000782000000| PB 0x0000000782000000| Untracked 
|  33|0x0000000782100000, 0x0000000782100000, 0x0000000782200000|  0%| F|  |TAMS 0x0000000782100000| PB 0x0000000782100000| Untracked 
|  34|0x0000000782200000, 0x0000000782200000, 0x0000000782300000|  0%| F|  |TAMS 0x0000000782200000| PB 0x0000000782200000| Untracked 
|  35|0x0000000782300000, 0x0000000782300000, 0x0000000782400000|  0%| F|  |TAMS 0x0000000782300000| PB 0x0000000782300000| Untracked 
|  36|0x0000000782400000, 0x0000000782400000, 0x0000000782500000|  0%| F|  |TAMS 0x0000000782400000| PB 0x0000000782400000| Untracked 
|  37|0x0000000782500000, 0x0000000782500000, 0x0000000782600000|  0%| F|  |TAMS 0x0000000782500000| PB 0x0000000782500000| Untracked 
|  38|0x0000000782600000, 0x0000000782600000, 0x0000000782700000|  0%| F|  |TAMS 0x0000000782600000| PB 0x0000000782600000| Untracked 
|  39|0x0000000782700000, 0x0000000782700000, 0x0000000782800000|  0%| F|  |TAMS 0x0000000782700000| PB 0x0000000782700000| Untracked 
|  40|0x0000000782800000, 0x0000000782800000, 0x0000000782900000|  0%| F|  |TAMS 0x0000000782800000| PB 0x0000000782800000| Untracked 
|  41|0x0000000782900000, 0x0000000782900000, 0x0000000782a00000|  0%| F|  |TAMS 0x0000000782900000| PB 0x0000000782900000| Untracked 
|  42|0x0000000782a00000, 0x0000000782a00000, 0x0000000782b00000|  0%| F|  |TAMS 0x0000000782a00000| PB 0x0000000782a00000| Untracked 
|  43|0x0000000782b00000, 0x0000000782b00000, 0x0000000782c00000|  0%| F|  |TAMS 0x0000000782b00000| PB 0x0000000782b00000| Untracked 
|  44|0x0000000782c00000, 0x0000000782c00000, 0x0000000782d00000|  0%| F|  |TAMS 0x0000000782c00000| PB 0x0000000782c00000| Untracked 
|  45|0x0000000782d00000, 0x0000000782d00000, 0x0000000782e00000|  0%| F|  |TAMS 0x0000000782d00000| PB 0x0000000782d00000| Untracked 
|  46|0x0000000782e00000, 0x0000000782e00000, 0x0000000782f00000|  0%| F|  |TAMS 0x0000000782e00000| PB 0x0000000782e00000| Untracked 
|  47|0x0000000782f00000, 0x0000000782f00000, 0x0000000783000000|  0%| F|  |TAMS 0x0000000782f00000| PB 0x0000000782f00000| Untracked 
|  48|0x0000000783000000, 0x0000000783000000, 0x0000000783100000|  0%| F|  |TAMS 0x0000000783000000| PB 0x0000000783000000| Untracked 
|  49|0x0000000783100000, 0x0000000783100000, 0x0000000783200000|  0%| F|  |TAMS 0x0000000783100000| PB 0x0000000783100000| Untracked 
|  50|0x0000000783200000, 0x0000000783200000, 0x0000000783300000|  0%| F|  |TAMS 0x0000000783200000| PB 0x0000000783200000| Untracked 
|  51|0x0000000783300000, 0x0000000783302850, 0x0000000783400000|  0%| S|CS|TAMS 0x0000000783300000| PB 0x0000000783300000| Complete 
|  52|0x0000000783400000, 0x0000000783400000, 0x0000000783500000|  0%| F|  |TAMS 0x0000000783400000| PB 0x0000000783400000| Untracked 
|  53|0x0000000783500000, 0x0000000783500000, 0x0000000783600000|  0%| F|  |TAMS 0x0000000783500000| PB 0x0000000783500000| Untracked 
|  54|0x0000000783600000, 0x0000000783600000, 0x0000000783700000|  0%| F|  |TAMS 0x0000000783600000| PB 0x0000000783600000| Untracked 
|  55|0x0000000783700000, 0x0000000783700000, 0x0000000783800000|  0%| F|  |TAMS 0x0000000783700000| PB 0x0000000783700000| Untracked 
|  56|0x0000000783800000, 0x0000000783800000, 0x0000000783900000|  0%| F|  |TAMS 0x0000000783800000| PB 0x0000000783800000| Untracked 
|  57|0x0000000783900000, 0x0000000783900000, 0x0000000783a00000|  0%| F|  |TAMS 0x0000000783900000| PB 0x0000000783900000| Untracked 
|  58|0x0000000783a00000, 0x0000000783a00000, 0x0000000783b00000|  0%| F|  |TAMS 0x0000000783a00000| PB 0x0000000783a00000| Untracked 
|  59|0x0000000783b00000, 0x0000000783b00000, 0x0000000783c00000|  0%| F|  |TAMS 0x0000000783b00000| PB 0x0000000783b00000| Untracked 
|  60|0x0000000783c00000, 0x0000000783c00000, 0x0000000783d00000|  0%| F|  |TAMS 0x0000000783c00000| PB 0x0000000783c00000| Untracked 
|  61|0x0000000783d00000, 0x0000000783d00000, 0x0000000783e00000|  0%| F|  |TAMS 0x0000000783d00000| PB 0x0000000783d00000| Untracked 
|  62|0x0000000783e00000, 0x0000000783e00000, 0x0000000783f00000|  0%| F|  |TAMS 0x0000000783e00000| PB 0x0000000783e00000| Untracked 
|  63|0x0000000783f00000, 0x0000000783f00000, 0x0000000784000000|  0%| F|  |TAMS 0x0000000783f00000| PB 0x0000000783f00000| Untracked 
|  64|0x0000000784000000, 0x0000000784000000, 0x0000000784100000|  0%| F|  |TAMS 0x0000000784000000| PB 0x0000000784000000| Untracked 
|  65|0x0000000784100000, 0x0000000784100000, 0x0000000784200000|  0%| F|  |TAMS 0x0000000784100000| PB 0x0000000784100000| Untracked 
|  66|0x0000000784200000, 0x0000000784200000, 0x0000000784300000|  0%| F|  |TAMS 0x0000000784200000| PB 0x0000000784200000| Untracked 
|  67|0x0000000784300000, 0x0000000784300000, 0x0000000784400000|  0%| F|  |TAMS 0x0000000784300000| PB 0x0000000784300000| Untracked 
|  68|0x0000000784400000, 0x0000000784400000, 0x0000000784500000|  0%| F|  |TAMS 0x0000000784400000| PB 0x0000000784400000| Untracked 
|  69|0x0000000784500000, 0x0000000784500000, 0x0000000784600000|  0%| F|  |TAMS 0x0000000784500000| PB 0x0000000784500000| Untracked 
|  70|0x0000000784600000, 0x0000000784600000, 0x0000000784700000|  0%| F|  |TAMS 0x0000000784600000| PB 0x0000000784600000| Untracked 
|  71|0x0000000784700000, 0x0000000784700000, 0x0000000784800000|  0%| F|  |TAMS 0x0000000784700000| PB 0x0000000784700000| Untracked 
|  72|0x0000000784800000, 0x0000000784800000, 0x0000000784900000|  0%| F|  |TAMS 0x0000000784800000| PB 0x0000000784800000| Untracked 
|  73|0x0000000784900000, 0x0000000784900000, 0x0000000784a00000|  0%| F|  |TAMS 0x0000000784900000| PB 0x0000000784900000| Untracked 
|  74|0x0000000784a00000, 0x0000000784a00000, 0x0000000784b00000|  0%| F|  |TAMS 0x0000000784a00000| PB 0x0000000784a00000| Untracked 
|  75|0x0000000784b00000, 0x0000000784b00000, 0x0000000784c00000|  0%| F|  |TAMS 0x0000000784b00000| PB 0x0000000784b00000| Untracked 
|  76|0x0000000784c00000, 0x0000000784c00000, 0x0000000784d00000|  0%| F|  |TAMS 0x0000000784c00000| PB 0x0000000784c00000| Untracked 
|  77|0x0000000784d00000, 0x0000000784d00000, 0x0000000784e00000|  0%| F|  |TAMS 0x0000000784d00000| PB 0x0000000784d00000| Untracked 
|  78|0x0000000784e00000, 0x0000000784e00000, 0x0000000784f00000|  0%| F|  |TAMS 0x0000000784e00000| PB 0x0000000784e00000| Untracked 
|  79|0x0000000784f00000, 0x0000000784f00000, 0x0000000785000000|  0%| F|  |TAMS 0x0000000784f00000| PB 0x0000000784f00000| Untracked 
|  80|0x0000000785000000, 0x0000000785000000, 0x0000000785100000|  0%| F|  |TAMS 0x0000000785000000| PB 0x0000000785000000| Untracked 
|  81|0x0000000785100000, 0x0000000785100000, 0x0000000785200000|  0%| F|  |TAMS 0x0000000785100000| PB 0x0000000785100000| Untracked 
|  82|0x0000000785200000, 0x0000000785200000, 0x0000000785300000|  0%| F|  |TAMS 0x0000000785200000| PB 0x0000000785200000| Untracked 
|  83|0x0000000785300000, 0x0000000785300000, 0x0000000785400000|  0%| F|  |TAMS 0x0000000785300000| PB 0x0000000785300000| Untracked 
|  84|0x0000000785400000, 0x0000000785400000, 0x0000000785500000|  0%| F|  |TAMS 0x0000000785400000| PB 0x0000000785400000| Untracked 
|  85|0x0000000785500000, 0x0000000785500000, 0x0000000785600000|  0%| F|  |TAMS 0x0000000785500000| PB 0x0000000785500000| Untracked 
|  86|0x0000000785600000, 0x0000000785600000, 0x0000000785700000|  0%| F|  |TAMS 0x0000000785600000| PB 0x0000000785600000| Untracked 
|  87|0x0000000785700000, 0x0000000785700000, 0x0000000785800000|  0%| F|  |TAMS 0x0000000785700000| PB 0x0000000785700000| Untracked 
|  88|0x0000000785800000, 0x0000000785800000, 0x0000000785900000|  0%| F|  |TAMS 0x0000000785800000| PB 0x0000000785800000| Untracked 
|  89|0x0000000785900000, 0x0000000785900000, 0x0000000785a00000|  0%| F|  |TAMS 0x0000000785900000| PB 0x0000000785900000| Untracked 
|  90|0x0000000785a00000, 0x0000000785a00000, 0x0000000785b00000|  0%| F|  |TAMS 0x0000000785a00000| PB 0x0000000785a00000| Untracked 
|  91|0x0000000785b00000, 0x0000000785b00000, 0x0000000785c00000|  0%| F|  |TAMS 0x0000000785b00000| PB 0x0000000785b00000| Untracked 
|  92|0x0000000785c00000, 0x0000000785c00000, 0x0000000785d00000|  0%| F|  |TAMS 0x0000000785c00000| PB 0x0000000785c00000| Untracked 
|  93|0x0000000785d00000, 0x0000000785d00000, 0x0000000785e00000|  0%| F|  |TAMS 0x0000000785d00000| PB 0x0000000785d00000| Untracked 
|  94|0x0000000785e00000, 0x0000000785e00000, 0x0000000785f00000|  0%| F|  |TAMS 0x0000000785e00000| PB 0x0000000785e00000| Untracked 
|  95|0x0000000785f00000, 0x0000000785f00000, 0x0000000786000000|  0%| F|  |TAMS 0x0000000785f00000| PB 0x0000000785f00000| Untracked 
|  96|0x0000000786000000, 0x0000000786000000, 0x0000000786100000|  0%| F|  |TAMS 0x0000000786000000| PB 0x0000000786000000| Untracked 
|  97|0x0000000786100000, 0x0000000786100000, 0x0000000786200000|  0%| F|  |TAMS 0x0000000786100000| PB 0x0000000786100000| Untracked 
|  98|0x0000000786200000, 0x0000000786200000, 0x0000000786300000|  0%| F|  |TAMS 0x0000000786200000| PB 0x0000000786200000| Untracked 
|  99|0x0000000786300000, 0x0000000786300000, 0x0000000786400000|  0%| F|  |TAMS 0x0000000786300000| PB 0x0000000786300000| Untracked 
| 100|0x0000000786400000, 0x0000000786400000, 0x0000000786500000|  0%| F|  |TAMS 0x0000000786400000| PB 0x0000000786400000| Untracked 
| 101|0x0000000786500000, 0x0000000786500000, 0x0000000786600000|  0%| F|  |TAMS 0x0000000786500000| PB 0x0000000786500000| Untracked 
| 102|0x0000000786600000, 0x0000000786600000, 0x0000000786700000|  0%| F|  |TAMS 0x0000000786600000| PB 0x0000000786600000| Untracked 
| 103|0x0000000786700000, 0x0000000786700000, 0x0000000786800000|  0%| F|  |TAMS 0x0000000786700000| PB 0x0000000786700000| Untracked 
| 104|0x0000000786800000, 0x0000000786800000, 0x0000000786900000|  0%| F|  |TAMS 0x0000000786800000| PB 0x0000000786800000| Untracked 
| 105|0x0000000786900000, 0x0000000786900000, 0x0000000786a00000|  0%| F|  |TAMS 0x0000000786900000| PB 0x0000000786900000| Untracked 
| 106|0x0000000786a00000, 0x0000000786a00000, 0x0000000786b00000|  0%| F|  |TAMS 0x0000000786a00000| PB 0x0000000786a00000| Untracked 
| 107|0x0000000786b00000, 0x0000000786b00000, 0x0000000786c00000|  0%| F|  |TAMS 0x0000000786b00000| PB 0x0000000786b00000| Untracked 
| 108|0x0000000786c00000, 0x0000000786c00000, 0x0000000786d00000|  0%| F|  |TAMS 0x0000000786c00000| PB 0x0000000786c00000| Untracked 
| 109|0x0000000786d00000, 0x0000000786d00000, 0x0000000786e00000|  0%| F|  |TAMS 0x0000000786d00000| PB 0x0000000786d00000| Untracked 
| 110|0x0000000786e00000, 0x0000000786e00000, 0x0000000786f00000|  0%| F|  |TAMS 0x0000000786e00000| PB 0x0000000786e00000| Untracked 
| 111|0x0000000786f00000, 0x0000000786f00000, 0x0000000787000000|  0%| F|  |TAMS 0x0000000786f00000| PB 0x0000000786f00000| Untracked 
| 112|0x0000000787000000, 0x0000000787000000, 0x0000000787100000|  0%| F|  |TAMS 0x0000000787000000| PB 0x0000000787000000| Untracked 
| 113|0x0000000787100000, 0x0000000787100000, 0x0000000787200000|  0%| F|  |TAMS 0x0000000787100000| PB 0x0000000787100000| Untracked 
| 114|0x0000000787200000, 0x0000000787200000, 0x0000000787300000|  0%| F|  |TAMS 0x0000000787200000| PB 0x0000000787200000| Untracked 
| 115|0x0000000787300000, 0x0000000787300000, 0x0000000787400000|  0%| F|  |TAMS 0x0000000787300000| PB 0x0000000787300000| Untracked 
| 116|0x0000000787400000, 0x0000000787400000, 0x0000000787500000|  0%| F|  |TAMS 0x0000000787400000| PB 0x0000000787400000| Untracked 
| 117|0x0000000787500000, 0x0000000787500000, 0x0000000787600000|  0%| F|  |TAMS 0x0000000787500000| PB 0x0000000787500000| Untracked 
| 118|0x0000000787600000, 0x0000000787600000, 0x0000000787700000|  0%| F|  |TAMS 0x0000000787600000| PB 0x0000000787600000| Untracked 
| 119|0x0000000787700000, 0x0000000787700000, 0x0000000787800000|  0%| F|  |TAMS 0x0000000787700000| PB 0x0000000787700000| Untracked 
| 120|0x0000000787800000, 0x0000000787800000, 0x0000000787900000|  0%| F|  |TAMS 0x0000000787800000| PB 0x0000000787800000| Untracked 
| 121|0x0000000787900000, 0x0000000787900000, 0x0000000787a00000|  0%| F|  |TAMS 0x0000000787900000| PB 0x0000000787900000| Untracked 
| 122|0x0000000787a00000, 0x0000000787a00000, 0x0000000787b00000|  0%| F|  |TAMS 0x0000000787a00000| PB 0x0000000787a00000| Untracked 
| 123|0x0000000787b00000, 0x0000000787b80800, 0x0000000787c00000| 50%| E|  |TAMS 0x0000000787b00000| PB 0x0000000787b00000| Complete 
| 124|0x0000000787c00000, 0x0000000787d00000, 0x0000000787d00000|100%| E|CS|TAMS 0x0000000787c00000| PB 0x0000000787c00000| Complete 
| 125|0x0000000787d00000, 0x0000000787e00000, 0x0000000787e00000|100%| E|CS|TAMS 0x0000000787d00000| PB 0x0000000787d00000| Complete 
| 126|0x0000000787e00000, 0x0000000787f00000, 0x0000000787f00000|100%| E|CS|TAMS 0x0000000787e00000| PB 0x0000000787e00000| Complete 
| 127|0x0000000787f00000, 0x0000000788000000, 0x0000000788000000|100%| E|CS|TAMS 0x0000000787f00000| PB 0x0000000787f00000| Complete 
|2046|0x00000007ffe00000, 0x00000007fff00000, 0x00000007fff00000|100%| O|  |TAMS 0x00000007ffe00000| PB 0x00000007ffe00000| Untracked 
|2047|0x00000007fff00000, 0x00000007fff054d0, 0x0000000800000000|  2%| O|  |TAMS 0x00000007fff00000| PB 0x00000007fff00000| Untracked 

Card table byte_map: [0x000000010bd53000,0x000000010c153000] _byte_map_base: 0x0000000108153000

Marking Bits: (CMBitMap*) 0x00007fc5ce80a010
 Bits: [0x0000000126db6000, 0x0000000128db6000)

Polling page: 0x000000010b57e000

Metaspace:

Usage:
  Non-class:      8.28 MB used.
      Class:      1.01 MB used.
       Both:      9.29 MB used.

Virtual space:
  Non-class space:       64.00 MB reserved,       8.38 MB ( 13%) committed,  1 nodes.
      Class space:        1.00 GB reserved,       1.12 MB ( <1%) committed,  1 nodes.
             Both:        1.06 GB reserved,       9.50 MB ( <1%) committed. 

Chunk freelists:
   Non-Class:  6.94 MB
       Class:  14.72 MB
        Both:  21.66 MB

MaxMetaspaceSize: unlimited
CompressedClassSpaceSize: 1.00 GB
Initial GC threshold: 21.00 MB
Current GC threshold: 21.00 MB
CDS: on
 - commit_granule_bytes: 65536.
 - commit_granule_words: 8192.
 - virtual_space_node_default_size: 8388608.
 - enlarge_chunks_in_place: 1.
 - use_allocation_guard: 0.


Internal statistics:

num_allocs_failed_limit: 0.
num_arena_births: 264.
num_arena_deaths: 0.
num_vsnodes_births: 2.
num_vsnodes_deaths: 0.
num_space_committed: 152.
num_space_uncommitted: 0.
num_chunks_returned_to_freelist: 0.
num_chunks_taken_from_freelist: 327.
num_chunk_merges: 0.
num_chunk_splits: 209.
num_chunks_enlarged: 112.
num_inconsistent_stats: 0.

CodeHeap 'non-profiled nmethods': size=120028Kb used=2727Kb max_used=2727Kb free=117300Kb
 bounds [0x000000011f87f000, 0x000000011fb2f000, 0x0000000126db6000]
CodeHeap 'profiled nmethods': size=120028Kb used=4306Kb max_used=4306Kb free=115721Kb
 bounds [0x0000000117db6000, 0x00000001181f6000, 0x000000011f2ed000]
CodeHeap 'non-nmethods': size=5704Kb used=1645Kb max_used=1707Kb free=4058Kb
 bounds [0x000000011f2ed000, 0x000000011f55d000, 0x000000011f87f000]
 total_blobs=2937 nmethods=2265 adapters=578
 compilation: enabled
              stopped_count=0, restarted_count=0
 full_count=0

Compilation events (20 events):
Event: 357.078 Thread 0x00007fc5cf039e00 2256       4       java.util.concurrent.locks.ReentrantReadWriteLock$ReadLock::unlock (10 bytes)
Event: 357.081 Thread 0x00007fc5cf039e00 nmethod 2256 0x000000011fb21990 code [0x000000011fb21b60, 0x000000011fb21eb8]
Event: 357.081 Thread 0x00007fc5cf039e00 2257       4       java.util.concurrent.locks.ReentrantReadWriteLock$Sync::tryReleaseShared (146 bytes)
Event: 357.082 Thread 0x00007fc5cf039e00 nmethod 2257 0x000000011fb22110 code [0x000000011fb222a0, 0x000000011fb224d0]
Event: 358.740 Thread 0x00007fc5cf039e00 2258   !   4       sun.lwawt.macosx.CFRetainedResource::execute (53 bytes)
Event: 358.746 Thread 0x00007fc5cf039e00 nmethod 2258 0x000000011fb22610 code [0x000000011fb22840, 0x000000011fb22fb8]
Event: 360.840 Thread 0x00007fc5cf039e00 2259   !   4       sun.java2d.metal.MTLLayer::drawInMTLContext (32 bytes)
Event: 360.851 Thread 0x00007fc5cf039e00 nmethod 2259 0x000000011fb23510 code [0x000000011fb237c0, 0x000000011fb247a8]
Event: 414.607 Thread 0x00007fc5cf03a600 2260       3       java.util.concurrent.locks.AbstractQueuedSynchronizer$Node::getAndUnsetStatus (14 bytes)
Event: 414.608 Thread 0x00007fc5cf03a600 nmethod 2260 0x00000001181e7110 code [0x00000001181e72c0, 0x00000001181e7578]
Event: 450.028 Thread 0x00007fc5cf039e00 2261       4       java.util.concurrent.TimeUnit::toNanos (45 bytes)
Event: 450.030 Thread 0x00007fc5cf039e00 nmethod 2261 0x000000011fb25290 code [0x000000011fb25420, 0x000000011fb25540]
Event: 452.274 Thread 0x00007fc5cf039e00 2262       4       java.util.concurrent.locks.AbstractQueuedSynchronizer$Node::getAndUnsetStatus (14 bytes)
Event: 452.276 Thread 0x00007fc5cf039e00 nmethod 2262 0x000000011fb25610 code [0x000000011fb25780, 0x000000011fb25858]
Event: 576.755 Thread 0x00007fc5cf039e00 2263   !   4       java.lang.Thread::sleep (82 bytes)
Event: 576.758 Thread 0x00007fc5cf039e00 nmethod 2263 0x000000011fb25910 code [0x000000011fb25ac0, 0x000000011fb25cb0]
Event: 627.468 Thread 0x00007fc5cf03a600 2264 %s!   3       sun.java2d.metal.MTLRenderQueue$QueueFlusher::run @ 2 (234 bytes)
Event: 627.472 Thread 0x00007fc5cf03a600 nmethod 2264% 0x00000001181e7690 code [0x00000001181e7ac0, 0x00000001181e9d10]
Event: 641.305 Thread 0x00007fc5cf039e00 2265 %s!   4       sun.java2d.metal.MTLRenderQueue$QueueFlusher::run @ 2 (234 bytes)
Event: 641.340 Thread 0x00007fc5cf039e00 nmethod 2265% 0x000000011fb25e90 code [0x000000011fb26220, 0x000000011fb27e40]

GC Heap History (20 events):
Event: 695.848 GC heap before
{Heap before GC invocations=476 (full 0):
 garbage-first heap   total 133120K, used 98895K [0x0000000780000000, 0x0000000800000000)
  region size 1024K, 76 young (77824K), 1 survivors (1024K)
 Metaspace       used 9508K, committed 9728K, reserved 1114112K
  class space    used 1032K, committed 1152K, reserved 1048576K
}
Event: 695.863 GC heap after
{Heap after GC invocations=477 (full 0):
 garbage-first heap   total 133120K, used 22099K [0x0000000780000000, 0x0000000800000000)
  region size 1024K, 1 young (1024K), 1 survivors (1024K)
 Metaspace       used 9508K, committed 9728K, reserved 1114112K
  class space    used 1032K, committed 1152K, reserved 1048576K
}
Event: 705.906 GC heap before
{Heap before GC invocations=477 (full 0):
 garbage-first heap   total 133120K, used 98899K [0x0000000780000000, 0x0000000800000000)
  region size 1024K, 76 young (77824K), 1 survivors (1024K)
 Metaspace       used 9508K, committed 9728K, reserved 1114112K
  class space    used 1032K, committed 1152K, reserved 1048576K
}
Event: 705.910 GC heap after
{Heap after GC invocations=478 (full 0):
 garbage-first heap   total 133120K, used 22095K [0x0000000780000000, 0x0000000800000000)
  region size 1024K, 1 young (1024K), 1 survivors (1024K)
 Metaspace       used 9508K, committed 9728K, reserved 1114112K
  class space    used 1032K, committed 1152K, reserved 1048576K
}
Event: 712.337 GC heap before
{Heap before GC invocations=478 (full 0):
 garbage-first heap   total 133120K, used 98895K [0x0000000780000000, 0x0000000800000000)
  region size 1024K, 76 young (77824K), 1 survivors (1024K)
 Metaspace       used 9508K, committed 9728K, reserved 1114112K
  class space    used 1032K, committed 1152K, reserved 1048576K
}
Event: 712.340 GC heap after
{Heap after GC invocations=479 (full 0):
 garbage-first heap   total 133120K, used 22095K [0x0000000780000000, 0x0000000800000000)
  region size 1024K, 1 young (1024K), 1 survivors (1024K)
 Metaspace       used 9508K, committed 9728K, reserved 1114112K
  class space    used 1032K, committed 1152K, reserved 1048576K
}
Event: 718.993 GC heap before
{Heap before GC invocations=479 (full 0):
 garbage-first heap   total 133120K, used 98895K [0x0000000780000000, 0x0000000800000000)
  region size 1024K, 76 young (77824K), 1 survivors (1024K)
 Metaspace       used 9508K, committed 9728K, reserved 1114112K
  class space    used 1032K, committed 1152K, reserved 1048576K
}
Event: 718.999 GC heap after
{Heap after GC invocations=480 (full 0):
 garbage-first heap   total 133120K, used 22095K [0x0000000780000000, 0x0000000800000000)
  region size 1024K, 1 young (1024K), 1 survivors (1024K)
 Metaspace       used 9508K, committed 9728K, reserved 1114112K
  class space    used 1032K, committed 1152K, reserved 1048576K
}
Event: 727.904 GC heap before
{Heap before GC invocations=480 (full 0):
 garbage-first heap   total 133120K, used 98895K [0x0000000780000000, 0x0000000800000000)
  region size 1024K, 76 young (77824K), 1 survivors (1024K)
 Metaspace       used 9508K, committed 9728K, reserved 1114112K
  class space    used 1032K, committed 1152K, reserved 1048576K
}
Event: 727.912 GC heap after
{Heap after GC invocations=481 (full 0):
 garbage-first heap   total 133120K, used 22099K [0x0000000780000000, 0x0000000800000000)
  region size 1024K, 1 young (1024K), 1 survivors (1024K)
 Metaspace       used 9508K, committed 9728K, reserved 1114112K
  class space    used 1032K, committed 1152K, reserved 1048576K
}
Event: 734.920 GC heap before
{Heap before GC invocations=481 (full 0):
 garbage-first heap   total 133120K, used 98899K [0x0000000780000000, 0x0000000800000000)
  region size 1024K, 76 young (77824K), 1 survivors (1024K)
 Metaspace       used 9508K, committed 9728K, reserved 1114112K
  class space    used 1032K, committed 1152K, reserved 1048576K
}
Event: 734.923 GC heap after
{Heap after GC invocations=482 (full 0):
 garbage-first heap   total 133120K, used 22097K [0x0000000780000000, 0x0000000800000000)
  region size 1024K, 1 young (1024K), 1 survivors (1024K)
 Metaspace       used 9508K, committed 9728K, reserved 1114112K
  class space    used 1032K, committed 1152K, reserved 1048576K
}
Event: 741.615 GC heap before
{Heap before GC invocations=482 (full 0):
 garbage-first heap   total 133120K, used 98897K [0x0000000780000000, 0x0000000800000000)
  region size 1024K, 76 young (77824K), 1 survivors (1024K)
 Metaspace       used 9508K, committed 9728K, reserved 1114112K
  class space    used 1032K, committed 1152K, reserved 1048576K
}
Event: 741.619 GC heap after
{Heap after GC invocations=483 (full 0):
 garbage-first heap   total 133120K, used 22095K [0x0000000780000000, 0x0000000800000000)
  region size 1024K, 1 young (1024K), 1 survivors (1024K)
 Metaspace       used 9508K, committed 9728K, reserved 1114112K
  class space    used 1032K, committed 1152K, reserved 1048576K
}
Event: 748.606 GC heap before
{Heap before GC invocations=483 (full 0):
 garbage-first heap   total 133120K, used 98895K [0x0000000780000000, 0x0000000800000000)
  region size 1024K, 76 young (77824K), 1 survivors (1024K)
 Metaspace       used 9508K, committed 9728K, reserved 1114112K
  class space    used 1032K, committed 1152K, reserved 1048576K
}
Event: 748.610 GC heap after
{Heap after GC invocations=484 (full 0):
 garbage-first heap   total 133120K, used 22095K [0x0000000780000000, 0x0000000800000000)
  region size 1024K, 1 young (1024K), 1 survivors (1024K)
 Metaspace       used 9508K, committed 9728K, reserved 1114112K
  class space    used 1032K, committed 1152K, reserved 1048576K
}
Event: 755.933 GC heap before
{Heap before GC invocations=484 (full 0):
 garbage-first heap   total 133120K, used 98895K [0x0000000780000000, 0x0000000800000000)
  region size 1024K, 76 young (77824K), 1 survivors (1024K)
 Metaspace       used 9508K, committed 9728K, reserved 1114112K
  class space    used 1032K, committed 1152K, reserved 1048576K
}
Event: 755.935 GC heap after
{Heap after GC invocations=485 (full 0):
 garbage-first heap   total 133120K, used 22095K [0x0000000780000000, 0x0000000800000000)
  region size 1024K, 1 young (1024K), 1 survivors (1024K)
 Metaspace       used 9508K, committed 9728K, reserved 1114112K
  class space    used 1032K, committed 1152K, reserved 1048576K
}
Event: 764.354 GC heap before
{Heap before GC invocations=485 (full 0):
 garbage-first heap   total 133120K, used 98895K [0x0000000780000000, 0x0000000800000000)
  region size 1024K, 76 young (77824K), 1 survivors (1024K)
 Metaspace       used 9508K, committed 9728K, reserved 1114112K
  class space    used 1032K, committed 1152K, reserved 1048576K
}
Event: 764.358 GC heap after
{Heap after GC invocations=486 (full 0):
 garbage-first heap   total 133120K, used 22097K [0x0000000780000000, 0x0000000800000000)
  region size 1024K, 1 young (1024K), 1 survivors (1024K)
 Metaspace       used 9508K, committed 9728K, reserved 1114112K
  class space    used 1032K, committed 1152K, reserved 1048576K
}

Dll operation events (8 events):
Event: 0.021 Loaded shared library /Applications/Apache NetBeans.app/Contents/Home/lib/libjava.dylib
Event: 0.518 Loaded shared library /Applications/Apache NetBeans.app/Contents/Home/lib/libnio.dylib
Event: 0.519 Loaded shared library /Applications/Apache NetBeans.app/Contents/Home/lib/libjimage.dylib
Event: 0.534 Loaded shared library /Applications/Apache NetBeans.app/Contents/Home/lib/libzip.dylib
Event: 0.568 Loaded shared library /Applications/Apache NetBeans.app/Contents/Home/lib/libawt.dylib
Event: 0.651 Loaded shared library /Applications/Apache NetBeans.app/Contents/Home/lib/libawt_lwawt.dylib
Event: 0.794 Loaded shared library /Applications/Apache NetBeans.app/Contents/Home/lib/libfontmanager.dylib
Event: 2.286 Loaded shared library /Applications/Apache NetBeans.app/Contents/Home/lib/libosxui.dylib

Deoptimization events (20 events):
Event: 302.219 Thread 0x00007fc5ce98c000 Uncommon trap: trap_request=0xffffffde fr.pc=0x000000011f983fb4 relative=0x0000000000000734
Event: 302.219 Thread 0x00007fc5ce98c000 Uncommon trap: reason=class_check action=maybe_recompile pc=0x000000011f983fb4 method=java.awt.AWTEvent.dispatched()V @ 11 c2
Event: 302.219 Thread 0x00007fc5ce98c000 DEOPT PACKING pc=0x000000011f983fb4 sp=0x000000030bd63780
Event: 302.219 Thread 0x00007fc5ce98c000 DEOPT UNPACKING pc=0x000000011f340f93 sp=0x000000030bd63660 mode 2
Event: 302.270 Thread 0x00007fc5ce98c000 Uncommon trap: trap_request=0xffffffcc fr.pc=0x000000011facbe70 relative=0x00000000000003b0
Event: 302.271 Thread 0x00007fc5ce98c000 Uncommon trap: reason=intrinsic_or_type_checked_inlining action=make_not_entrant pc=0x000000011facbe70 method=java.util.ArrayList.toArray([Ljava/lang/Object;)[Ljava/lang/Object; @ 36 c2
Event: 302.271 Thread 0x00007fc5ce98c000 DEOPT PACKING pc=0x000000011facbe70 sp=0x000000030bd62530
Event: 302.271 Thread 0x00007fc5ce98c000 DEOPT UNPACKING pc=0x000000011f340f93 sp=0x000000030bd62510 mode 2
Event: 318.584 Thread 0x00007fc5cf09ca00 DEOPT PACKING pc=0x00000001181e2da5 sp=0x000000030bb5d930
Event: 318.584 Thread 0x00007fc5cf09ca00 DEOPT UNPACKING pc=0x000000011f341710 sp=0x000000030bb5ced0 mode 0
Event: 413.475 Thread 0x00007fc5ce98c000 Uncommon trap: trap_request=0xffffff45 fr.pc=0x000000011fb1f51c relative=0x000000000000009c
Event: 413.475 Thread 0x00007fc5ce98c000 Uncommon trap: reason=unstable_if action=reinterpret pc=0x000000011fb1f51c method=jdk.internal.misc.Unsafe.getAndBitwiseAndInt(Ljava/lang/Object;JI)I @ 21 c2
Event: 413.476 Thread 0x00007fc5ce98c000 DEOPT PACKING pc=0x000000011fb1f51c sp=0x000000030bd62c60
Event: 413.476 Thread 0x00007fc5ce98c000 DEOPT UNPACKING pc=0x000000011f340f93 sp=0x000000030bd62b98 mode 2
Event: 626.062 Thread 0x00007fc5cf09ca00 Uncommon trap: trap_request=0xffffff45 fr.pc=0x000000011fb1ba30 relative=0x0000000000000610
Event: 626.062 Thread 0x00007fc5cf09ca00 Uncommon trap: reason=unstable_if action=reinterpret pc=0x000000011fb1ba30 method=sun.java2d.metal.MTLRenderQueue$QueueFlusher.run()V @ 22 c2
Event: 626.062 Thread 0x00007fc5cf09ca00 DEOPT PACKING pc=0x000000011fb1ba30 sp=0x000000030bb5da10
Event: 626.062 Thread 0x00007fc5cf09ca00 DEOPT UNPACKING pc=0x000000011f340f93 sp=0x000000030bb5d9d8 mode 2
Event: 643.523 Thread 0x00007fc5cf09ca00 DEOPT PACKING pc=0x00000001181e99a5 sp=0x000000030bb5d930
Event: 643.524 Thread 0x00007fc5cf09ca00 DEOPT UNPACKING pc=0x000000011f341710 sp=0x000000030bb5ced0 mode 0

Classes loaded (20 events):
Event: 275.595 Loading class sun/net/www/protocol/jrt/Handler
Event: 275.595 Loading class sun/net/www/protocol/jrt/Handler done
Event: 275.609 Loading class sun/text/resources/cldr/FormatData_en
Event: 275.609 Loading class sun/text/resources/cldr/FormatData_en done
Event: 275.609 Loading class sun/text/resources/cldr/FormatData_en_US
Event: 275.609 Loading class sun/text/resources/cldr/FormatData_en_US done
Event: 297.629 Loading class java/lang/NumberFormatException
Event: 297.629 Loading class java/lang/NumberFormatException done
Event: 301.935 Loading class sun/awt/DebugSettings
Event: 301.936 Loading class sun/awt/DebugSettings done
Event: 301.944 Loading class javax/swing/JComponent$KeyboardState
Event: 301.944 Loading class javax/swing/JComponent$KeyboardState done
Event: 301.944 Loading class javax/swing/JComponent$IntVector
Event: 301.944 Loading class javax/swing/JComponent$IntVector done
Event: 301.944 Loading class javax/swing/Popup$HeavyWeightWindow
Event: 301.945 Loading class javax/swing/JWindow
Event: 301.945 Loading class javax/swing/JWindow done
Event: 301.946 Loading class javax/swing/Popup$HeavyWeightWindow done
Event: 302.093 Loading class java/awt/image/BufferedImageOp
Event: 302.094 Loading class java/awt/image/BufferedImageOp done

Classes unloaded (0 events):
No events

Classes redefined (0 events):
No events

Internal exceptions (20 events):
Event: 2.708 Thread 0x00007fc5cf00a200 Exception <a 'java/lang/NoSuchMethodError'{0x0000000787b73d10}: 'void java.lang.invoke.DirectMethodHandle$Holder.invokeStatic(java.lang.Object, java.lang.Object, long)'> (0x0000000787b73d10) 
thrown [src/hotspot/share/interpreter/linkResolver.cpp, line 773]
Event: 2.736 Thread 0x00007fc5cf057400 Exception <a 'java/lang/NoSuchMethodError'{0x0000000787db0208}: 'void java.lang.invoke.DirectMethodHandle$Holder.invokeSpecial(java.lang.Object, java.lang.Object, long)'> (0x0000000787db0208) 
thrown [src/hotspot/share/interpreter/linkResolver.cpp, line 773]
Event: 2.796 Thread 0x00007fc5cf057400 Exception <a 'java/lang/NoSuchMethodError'{0x0000000787dbc3b0}: 'void java.lang.invoke.DirectMethodHandle$Holder.invokeStatic(java.lang.Object, long)'> (0x0000000787dbc3b0) 
thrown [src/hotspot/share/interpreter/linkResolver.cpp, line 773]
Event: 4.557 Thread 0x00007fc5cf00a200 Exception <a 'java/lang/NoSuchMethodError'{0x00000007879a8c40}: 'void java.lang.invoke.DirectMethodHandle$Holder.invokeStatic(java.lang.Object, long, long)'> (0x00000007879a8c40) 
thrown [src/hotspot/share/interpreter/linkResolver.cpp, line 773]
Event: 4.558 Thread 0x00007fc5cf00a200 Exception <a 'java/lang/NoSuchMethodError'{0x00000007879ad9f0}: 'java.lang.Object java.lang.invoke.DirectMethodHandle$Holder.newInvokeSpecial(java.lang.Object, long)'> (0x00000007879ad9f0) 
thrown [src/hotspot/share/interpreter/linkResolver.cpp, line 773]
Event: 4.558 Thread 0x00007fc5cf00a200 Exception <a 'java/lang/NoSuchMethodError'{0x00000007879b6d28}: 'java.lang.Object java.lang.invoke.DirectMethodHandle$Holder.newInvokeSpecial(java.lang.Object, java.lang.Object, int)'> (0x00000007879b6d28) 
thrown [src/hotspot/share/interpreter/linkResolver.cpp, line 773]
Event: 15.699 Thread 0x00007fc5ce98c000 Implicit null exception at 0x000000011f9276c6 to 0x000000011f927c78
Event: 272.559 Thread 0x00007fc5ce98c000 Implicit null exception at 0x000000011f9286ea to 0x000000011f92876d
Event: 273.527 Thread 0x00007fc5ce98c000 Implicit null exception at 0x000000011f8c80ac to 0x000000011f8c84ba
Event: 273.530 Thread 0x00007fc5ce98c000 Implicit null exception at 0x000000011f977ea1 to 0x000000011f978b26
Event: 273.592 Thread 0x00007fc5ce98c000 Implicit null exception at 0x000000011f8cf20c to 0x000000011f8cf440
Event: 273.704 Thread 0x00007fc5ce98c000 Exception <a 'java/lang/NoSuchMethodError'{0x0000000785f7d9b0}: 'void java.lang.invoke.DirectMethodHandle$Holder.invokeStatic(java.lang.Object, java.lang.Object)'> (0x0000000785f7d9b0) 
thrown [src/hotspot/share/interpreter/linkResolver.cpp, line 773]
Event: 273.834 Thread 0x00007fc5ce98c000 Exception <a 'java/lang/NoSuchMethodError'{0x0000000785f97ea0}: 'int java.lang.invoke.DirectMethodHandle$Holder.invokeStatic(java.lang.Object)'> (0x0000000785f97ea0) 
thrown [src/hotspot/share/interpreter/linkResolver.cpp, line 773]
Event: 273.839 Thread 0x00007fc5ce98c000 Implicit null exception at 0x000000011f954269 to 0x000000011f956aa0
Event: 273.929 Thread 0x00007fc5ce98c000 Exception <a 'java/lang/NoSuchMethodError'{0x0000000785fcb2b0}: 'java.lang.Object java.lang.invoke.DirectMethodHandle$Holder.invokeSpecial(java.lang.Object, java.lang.Object, double, double)'> (0x0000000785fcb2b0) 
thrown [src/hotspot/share/interpreter/linkResolver.cpp, line 773]
Event: 273.934 Thread 0x00007fc5ce98c000 Exception <a 'java/lang/NoSuchMethodError'{0x0000000785fe0660}: 'java.lang.Object java.lang.invoke.DirectMethodHandle$Holder.newInvokeSpecial(java.lang.Object, java.lang.Object, int, int)'> (0x0000000785fe0660) 
thrown [src/hotspot/share/interpreter/linkResolver.cpp, line 773]
Event: 273.937 Thread 0x00007fc5ce98c000 Exception <a 'java/lang/NoSuchMethodError'{0x0000000785e01c28}: 'java.lang.Object java.lang.invoke.DirectMethodHandle$Holder.newInvokeSpecial(java.lang.Object, java.lang.Object, int, int, int, int)'> (0x0000000785e01c28) 
thrown [src/hotspot/share/interpreter/linkResolver.cpp, line 773]
Event: 275.585 Thread 0x00007fc5ce98c000 Exception <a 'java/lang/NoSuchMethodError'{0x00000007854dac88}: 'java.lang.Object java.lang.invoke.DirectMethodHandle$Holder.newInvokeSpecial(java.lang.Object, int, java.lang.Object)'> (0x00000007854dac88) 
thrown [src/hotspot/share/interpreter/linkResolver.cpp, line 773]
Event: 293.139 Thread 0x00007fc5ce98c000 Implicit null exception at 0x000000011f9cee5e to 0x000000011f9cf140
Event: 297.669 Thread 0x00007fc5ce98c000 Implicit null exception at 0x000000011f9d155e to 0x000000011f9d4258

ZGC Phase Switch (0 events):
No events

VM Operations (20 events):
Event: 695.846 Executing VM operation: G1CollectForAllocation (G1 Evacuation Pause)
Event: 695.864 Executing VM operation: G1CollectForAllocation (G1 Evacuation Pause) done
Event: 705.906 Executing VM operation: G1CollectForAllocation (G1 Evacuation Pause)
Event: 705.910 Executing VM operation: G1CollectForAllocation (G1 Evacuation Pause) done
Event: 712.336 Executing VM operation: G1CollectForAllocation (G1 Evacuation Pause)
Event: 712.340 Executing VM operation: G1CollectForAllocation (G1 Evacuation Pause) done
Event: 718.992 Executing VM operation: G1CollectForAllocation (G1 Evacuation Pause)
Event: 718.999 Executing VM operation: G1CollectForAllocation (G1 Evacuation Pause) done
Event: 727.901 Executing VM operation: G1CollectForAllocation (G1 Evacuation Pause)
Event: 727.913 Executing VM operation: G1CollectForAllocation (G1 Evacuation Pause) done
Event: 734.919 Executing VM operation: G1CollectForAllocation (G1 Evacuation Pause)
Event: 734.923 Executing VM operation: G1CollectForAllocation (G1 Evacuation Pause) done
Event: 741.615 Executing VM operation: G1CollectForAllocation (G1 Evacuation Pause)
Event: 741.619 Executing VM operation: G1CollectForAllocation (G1 Evacuation Pause) done
Event: 748.606 Executing VM operation: G1CollectForAllocation (G1 Evacuation Pause)
Event: 748.610 Executing VM operation: G1CollectForAllocation (G1 Evacuation Pause) done
Event: 755.933 Executing VM operation: G1CollectForAllocation (G1 Evacuation Pause)
Event: 755.935 Executing VM operation: G1CollectForAllocation (G1 Evacuation Pause) done
Event: 764.354 Executing VM operation: G1CollectForAllocation (G1 Evacuation Pause)
Event: 764.358 Executing VM operation: G1CollectForAllocation (G1 Evacuation Pause) done

Events (20 events):
Event: 0.476 Thread 0x00007fc5ce8ace00 Thread added: 0x00007fc5ce8ace00
Event: 0.476 Protecting memory [0x000000030b5b4000,0x000000030b5b8000] with protection modes 0
Event: 0.831 Protecting memory [0x000000030985f000,0x0000000309863000] with protection modes 0
Event: 0.831 Thread 0x00007fc5cf057400 Thread added: 0x00007fc5cf057400
Event: 1.090 Thread 0x00007fc5cf078c00 Thread added: 0x00007fc5cf078c00
Event: 1.090 Protecting memory [0x000000030b6b7000,0x000000030b6bb000] with protection modes 0
Event: 2.450 Thread 0x00007fc5cf09ca00 Thread added: 0x00007fc5cf09ca00
Event: 2.450 Protecting memory [0x000000030ba5e000,0x000000030ba62000] with protection modes 0
Event: 2.464 Thread 0x00007fc5cd867600 Thread added: 0x00007fc5cd867600
Event: 2.464 Protecting memory [0x000000030bb61000,0x000000030bb65000] with protection modes 0
Event: 2.551 Thread 0x00007fc5ce98c000 Thread added: 0x00007fc5ce98c000
Event: 2.551 Protecting memory [0x000000030bc64000,0x000000030bc68000] with protection modes 0
Event: 2.789 Thread 0x00007fc5cd886000 Thread added: 0x00007fc5cd886000
Event: 2.789 Protecting memory [0x000000030bdea000,0x000000030bdee000] with protection modes 0
Event: 4.595 Protecting memory [0x000000030a0e2000,0x000000030a0e6000] with protection modes 3
Event: 4.595 Thread 0x00007fc5cf00a200 Thread exited: 0x00007fc5cf00a200
Event: 4.595 Protecting memory [0x000000030a0e2000,0x000000030a0e6000] with protection modes 0
Event: 4.595 Thread 0x00007fc5cf964a00 Thread added: 0x00007fc5cf964a00
Event: 273.985 Thread 0x00007fc5cd8ab800 Thread added: 0x00007fc5cd8ab800
Event: 273.985 Protecting memory [0x000000030c823000,0x000000030c827000] with protection modes 0


Dynamic libraries:
0x000000010b50a000 	/Applications/Apache NetBeans.app/Contents/Home/lib/libjli.dylib
0x00007ff822c7b000 	/usr/lib/libz.1.dylib
0x00007ff822d72000 	/usr/lib/libSystem.B.dylib
0x00007ff822d6c000 	/usr/lib/system/libcache.dylib
0x00007ff822d24000 	/usr/lib/system/libcommonCrypto.dylib
0x00007ff822d4e000 	/usr/lib/system/libcompiler_rt.dylib
0x00007ff822d42000 	/usr/lib/system/libcopyfile.dylib
0x00007ff8143e1000 	/usr/lib/system/libcorecrypto.dylib
0x00007ff8144d9000 	/usr/lib/system/libdispatch.dylib
0x00007ff81468a000 	/usr/lib/system/libdyld.dylib
0x00007ff822d62000 	/usr/lib/system/libkeymgr.dylib
0x00007ff822d07000 	/usr/lib/system/libmacho.dylib
0x00007ff822059000 	/usr/lib/system/libquarantine.dylib
0x00007ff822d5f000 	/usr/lib/system/libremovefile.dylib
0x00007ff81a0a2000 	/usr/lib/system/libsystem_asl.dylib
0x00007ff81437b000 	/usr/lib/system/libsystem_blocks.dylib
0x00007ff814524000 	/usr/lib/system/libsystem_c.dylib
0x00007ff822d56000 	/usr/lib/system/libsystem_collections.dylib
0x00007ff820df6000 	/usr/lib/system/libsystem_configuration.dylib
0x00007ff81fba0000 	/usr/lib/system/libsystem_containermanager.dylib
0x00007ff8228d7000 	/usr/lib/system/libsystem_coreservices.dylib
0x00007ff817b42000 	/usr/lib/system/libsystem_darwin.dylib
0x00007ffd19be8000 	/usr/lib/system/libsystem_darwindirectory.dylib
0x00007ff822d63000 	/usr/lib/system/libsystem_dnssd.dylib
0x00007ffd19bec000 	/usr/lib/system/libsystem_eligibility.dylib
0x00007ff814521000 	/usr/lib/system/libsystem_featureflags.dylib
0x00007ff8146c1000 	/usr/lib/system/libsystem_info.dylib
0x00007ff822c8f000 	/usr/lib/system/libsystem_m.dylib
0x00007ff814495000 	/usr/lib/system/libsystem_malloc.dylib
0x00007ff81a013000 	/usr/lib/system/libsystem_networkextension.dylib
0x00007ff817f7e000 	/usr/lib/system/libsystem_notify.dylib
0x00007ff820dfa000 	/usr/lib/system/libsystem_sandbox.dylib
0x00007ffd19bf3000 	/usr/lib/system/libsystem_sanitizers.dylib
0x00007ff822d5b000 	/usr/lib/system/libsystem_secinit.dylib
0x00007ff814642000 	/usr/lib/system/libsystem_kernel.dylib
0x00007ff8146b7000 	/usr/lib/system/libsystem_platform.dylib
0x00007ff81467e000 	/usr/lib/system/libsystem_pthread.dylib
0x00007ff81bdd1000 	/usr/lib/system/libsystem_symptoms.dylib
0x00007ff8143c6000 	/usr/lib/system/libsystem_trace.dylib
0x00007ff822d31000 	/usr/lib/system/libunwind.dylib
0x00007ff81437f000 	/usr/lib/system/libxpc.dylib
0x00007ff8142ac000 	/usr/lib/libobjc.A.dylib
0x00007ff8146ef000 	/System/Library/Frameworks/CoreFoundation.framework/Versions/A/CoreFoundation
0x00007ff82642d000 	/usr/lib/swift/libswiftCore.dylib
0x00007ff81462a000 	/usr/lib/libc++abi.dylib
0x00007ff822d3a000 	/usr/lib/liboah.dylib
0x00007ff8145ad000 	/usr/lib/libc++.1.dylib
0x00007ff8156af000 	/System/Library/Frameworks/Foundation.framework/Versions/C/Foundation
0x00007ff82f0df000 	/usr/lib/swift/libswiftObjectiveC.dylib
0x00007ff817e37000 	/System/Library/PrivateFrameworks/CoreServicesInternal.framework/Versions/A/CoreServicesInternal
0x00007ff822d74000 	/usr/lib/libfakelink.dylib
0x00007ff8178a3000 	/usr/lib/libicucore.A.dylib
0x00007ff822d77000 	/System/Library/PrivateFrameworks/SoftLinking.framework/Versions/A/SoftLinking
0x00007ff82a8b9000 	/System/Library/Frameworks/CoreServices.framework/Versions/A/CoreServices
0x00007ff8174d6000 	/System/Library/Frameworks/Security.framework/Versions/A/Security
0x00007ff817eb8000 	/System/Library/Frameworks/IOKit.framework/Versions/A/IOKit
0x00007ff82e72b000 	/System/Library/PrivateFrameworks/DiskImages.framework/Versions/A/DiskImages
0x00007ff91bacb000 	/System/Library/Frameworks/NetFS.framework/Versions/A/NetFS
0x00007ff819c6f000 	/System/Library/Frameworks/CFNetwork.framework/Versions/A/CFNetwork
0x00007ff81e160000 	/System/Library/Frameworks/CoreServices.framework/Versions/A/Frameworks/FSEvents.framework/Versions/A/FSEvents
0x00007ff817b4d000 	/System/Library/Frameworks/CoreServices.framework/Versions/A/Frameworks/CarbonCore.framework/Versions/A/CarbonCore
0x00007ff81cef9000 	/System/Library/Frameworks/CoreServices.framework/Versions/A/Frameworks/Metadata.framework/Versions/A/Metadata
0x00007ff8228de000 	/System/Library/Frameworks/CoreServices.framework/Versions/A/Frameworks/OSServices.framework/Versions/A/OSServices
0x00007ff822e50000 	/System/Library/Frameworks/CoreServices.framework/Versions/A/Frameworks/SearchKit.framework/Versions/A/SearchKit
0x00007ff81bd51000 	/System/Library/Frameworks/CoreServices.framework/Versions/A/Frameworks/AE.framework/Versions/A/AE
0x00007ff814b8c000 	/System/Library/Frameworks/CoreServices.framework/Versions/A/Frameworks/LaunchServices.framework/Versions/A/LaunchServices
0x00007ff8243e6000 	/System/Library/Frameworks/CoreServices.framework/Versions/A/Frameworks/DictionaryServices.framework/Versions/A/DictionaryServices
0x00007ff81e16e000 	/System/Library/Frameworks/CoreServices.framework/Versions/A/Frameworks/SharedFileList.framework/Versions/A/SharedFileList
0x00007ff81533d000 	/System/Library/Frameworks/SystemConfiguration.framework/Versions/A/SystemConfiguration
0x00007ff822ed5000 	/usr/lib/libapple_nghttp2.dylib
0x00007ff822f0b000 	/usr/lib/libcompression.dylib
0x00007ff81b9b9000 	/usr/lib/libsqlite3.dylib
0x00007ff81ce6c000 	/System/Library/PrivateFrameworks/CoreAnalytics.framework/Versions/A/CoreAnalytics
0x00007ff81a5a7000 	/System/Library/Frameworks/CoreGraphics.framework/Versions/A/CoreGraphics
0x00007ff827047000 	/System/Library/Frameworks/GSS.framework/Versions/A/GSS
0x00007ff82594a000 	/System/Library/PrivateFrameworks/InternationalSupport.framework/Versions/A/InternationalSupport
0x00007ff81bced000 	/System/Library/PrivateFrameworks/RunningBoardServices.framework/Versions/A/RunningBoardServices
0x00007ff81a02d000 	/usr/lib/libenergytrace.dylib
0x00007ff81bdd9000 	/System/Library/Frameworks/Network.framework/Versions/A/Network
0x00007ff81ce9b000 	/usr/lib/libDiagnosticMessagesClient.dylib
0x00007ff82207e000 	/usr/lib/libbsm.0.dylib
0x00007ff822d0b000 	/usr/lib/system/libkxld.dylib
0x00007ffd18abd000 	/usr/lib/libCoreEntitlements.dylib
0x00007ffc18e1a000 	/System/Library/PrivateFrameworks/MessageSecurity.framework/Versions/A/MessageSecurity
0x00007ff81b9a0000 	/System/Library/PrivateFrameworks/ProtocolBuffer.framework/Versions/A/ProtocolBuffer
0x00007ff81a02e000 	/usr/lib/libMobileGestalt.dylib
0x00007ff8228bd000 	/System/Library/PrivateFrameworks/AppleFSCompression.framework/Versions/A/AppleFSCompression
0x00007ff822066000 	/usr/lib/libcoretls.dylib
0x00007ff824453000 	/usr/lib/libcoretls_cfhelpers.dylib
0x00007ff822f05000 	/usr/lib/libpam.2.dylib
0x00007ff8244cd000 	/usr/lib/libxar.1.dylib
0x00007ff81e199000 	/System/Library/PrivateFrameworks/CoreAutoLayout.framework/Versions/A/CoreAutoLayout
0x00007ff81cf80000 	/System/Library/Frameworks/DiskArbitration.framework/Versions/A/DiskArbitration
0x00007ff822dc7000 	/usr/lib/libarchive.2.dylib
0x00007ff81e1e1000 	/usr/lib/libxml2.2.dylib
0x00007ff820e07000 	/usr/lib/liblangid.dylib
0x00007ff82876a000 	/System/Library/Frameworks/Combine.framework/Versions/A/Combine
0x00007ffb2421d000 	/System/Library/PrivateFrameworks/CollectionsInternal.framework/Versions/A/CollectionsInternal
0x00007ffc200a4000 	/System/Library/PrivateFrameworks/ReflectionInternal.framework/Versions/A/ReflectionInternal
0x00007ffc20c13000 	/System/Library/PrivateFrameworks/RuntimeInternal.framework/Versions/A/RuntimeInternal
0x00007ff91e5d0000 	/usr/lib/swift/libswiftCoreFoundation.dylib
0x00007ff91bf8a000 	/usr/lib/swift/libswiftDarwin.dylib
0x00007ff82c630000 	/usr/lib/swift/libswiftDispatch.dylib
0x00007ff91e621000 	/usr/lib/swift/libswiftIOKit.dylib
0x00007ffd1981e000 	/usr/lib/swift/libswiftSystem.dylib
0x00007ff91e5e1000 	/usr/lib/swift/libswiftXPC.dylib
0x00007ffd19896000 	/usr/lib/swift/libswift_Builtin_float.dylib
0x00007ffd19899000 	/usr/lib/swift/libswift_Concurrency.dylib
0x00007ffd199df000 	/usr/lib/swift/libswift_StringProcessing.dylib
0x00007ffd19a7a000 	/usr/lib/swift/libswift_errno.dylib
0x00007ffd19a7c000 	/usr/lib/swift/libswift_math.dylib
0x00007ffd19a7f000 	/usr/lib/swift/libswift_signal.dylib
0x00007ffd19a80000 	/usr/lib/swift/libswift_stdio.dylib
0x00007ffd19a81000 	/usr/lib/swift/libswift_time.dylib
0x00007ff82f0e3000 	/usr/lib/swift/libswiftos.dylib
0x00007ffd19a82000 	/usr/lib/swift/libswiftsys_time.dylib
0x00007ffd19a83000 	/usr/lib/swift/libswiftunistd.dylib
0x00007ff820e02000 	/System/Library/PrivateFrameworks/AppleSystemInfo.framework/Versions/A/AppleSystemInfo
0x00007ff91e4cd000 	/System/Library/PrivateFrameworks/LoggingSupport.framework/Versions/A/LoggingSupport
0x00007ff81e352000 	/System/Library/PrivateFrameworks/UserManagement.framework/Versions/A/UserManagement
0x00007ff819b9c000 	/usr/lib/libboringssl.dylib
0x00007ff81bdc1000 	/usr/lib/libdns_services.dylib
0x00007ff91d721000 	/usr/lib/libquic.dylib
0x00007ff8263b5000 	/usr/lib/libusrtcp.dylib
0x00007ffa20da2000 	/System/Library/PrivateFrameworks/InternalSwiftProtobuf.framework/Versions/A/InternalSwiftProtobuf
0x00007ffd19757000 	/usr/lib/swift/libswiftDistributed.dylib
0x00007ff819c6e000 	/usr/lib/libnetwork.dylib
0x00007ff822eb3000 	/System/Library/PrivateFrameworks/AppleSauce.framework/Versions/A/AppleSauce
0x00007ffd19787000 	/usr/lib/swift/libswiftObservation.dylib
0x00007ff8151cd000 	/System/Library/PrivateFrameworks/Lexicon.framework/Versions/A/Lexicon
0x00007ffb33164000 	/System/Library/PrivateFrameworks/IO80211.framework/Versions/A/IO80211
0x00007ff82c8a3000 	/System/Library/PrivateFrameworks/FrontBoardServices.framework/Versions/A/FrontBoardServices
0x00007ff821f98000 	/System/Library/Frameworks/SecurityFoundation.framework/Versions/A/SecurityFoundation
0x00007ff820f18000 	/System/Library/PrivateFrameworks/LinguisticData.framework/Versions/A/LinguisticData
0x00007ff821d7d000 	/System/Library/PrivateFrameworks/IOMobileFramebuffer.framework/Versions/A/IOMobileFramebuffer
0x00007ff81fbcd000 	/System/Library/Frameworks/IOSurface.framework/Versions/A/IOSurface
0x00007ff81bc0a000 	/System/Library/PrivateFrameworks/BaseBoard.framework/Versions/A/BaseBoard
0x00007ff82c974000 	/System/Library/PrivateFrameworks/BoardServices.framework/Versions/A/BoardServices
0x00007ff821f8b000 	/System/Library/PrivateFrameworks/AssertionServices.framework/Versions/A/AssertionServices
0x00007ff82e564000 	/System/Library/PrivateFrameworks/BackBoardServices.framework/Versions/A/BackBoardServices
0x00007ff82058c000 	/System/Library/Frameworks/ImageIO.framework/Versions/A/ImageIO
0x00007ff81a0d9000 	/System/Library/PrivateFrameworks/SkyLight.framework/Versions/A/SkyLight
0x00007ff81ffde000 	/System/Library/PrivateFrameworks/FontServices.framework/libFontParser.dylib
0x00007ff82ab61000 	/System/Library/Frameworks/Accelerate.framework/Versions/A/Accelerate
0x00007ff81a0b9000 	/System/Library/PrivateFrameworks/TCC.framework/Versions/A/TCC
0x00007ff831fd3000 	/System/Library/PrivateFrameworks/IOSurfaceAccelerator.framework/Versions/A/IOSurfaceAccelerator
0x00007ff8250ce000 	/System/Library/PrivateFrameworks/WatchdogClient.framework/Versions/A/WatchdogClient
0x00007ff816693000 	/System/Library/Frameworks/CoreDisplay.framework/Versions/A/CoreDisplay
0x00007ff81fe8d000 	/System/Library/Frameworks/CoreMedia.framework/Versions/A/CoreMedia
0x00007ff81fbe4000 	/System/Library/PrivateFrameworks/IOAccelerator.framework/Versions/A/IOAccelerator
0x00007ff81fbed000 	/System/Library/Frameworks/Metal.framework/Versions/A/Metal
0x00007ff81e2c1000 	/System/Library/Frameworks/CoreVideo.framework/Versions/A/CoreVideo
0x00007ff822f03000 	/System/Library/Frameworks/MetalPerformanceShaders.framework/Versions/A/MetalPerformanceShaders
0x00007ff8250d0000 	/System/Library/PrivateFrameworks/MultitouchSupport.framework/Versions/A/MultitouchSupport
0x00007ff81dabb000 	/System/Library/Frameworks/QuartzCore.framework/Versions/A/QuartzCore
0x00007ffc1f698000 	/System/Library/PrivateFrameworks/ProDisplayLibrary.framework/Versions/A/ProDisplayLibrary
0x00007ff825114000 	/System/Library/Frameworks/VideoToolbox.framework/Versions/A/VideoToolbox
0x00007ff92b0b2000 	/usr/lib/swift/libswiftMetal.dylib
0x00007ffa19493000 	/usr/lib/swift/libswiftOSLog.dylib
0x00007ff92faa4000 	/usr/lib/swift/libswiftQuartzCore.dylib
0x00007ff93404b000 	/usr/lib/swift/libswiftUniformTypeIdentifiers.dylib
0x00007ff921f2e000 	/usr/lib/swift/libswiftsimd.dylib
0x00007ff821f72000 	/System/Library/PrivateFrameworks/MobileKeyBag.framework/Versions/A/MobileKeyBag
0x00007ff820e01000 	/System/Library/PrivateFrameworks/AggregateDictionary.framework/Versions/A/AggregateDictionary
0x00007ff824455000 	/System/Library/PrivateFrameworks/APFS.framework/Versions/A/APFS
0x00007ffb20eb8000 	/System/Library/PrivateFrameworks/AppleKeyStore.framework/Versions/A/AppleKeyStore
0x00007ff8244db000 	/usr/lib/libutil.dylib
0x00007ff824434000 	/usr/lib/liblzma.5.dylib
0x00007ff81cf88000 	/System/Library/Frameworks/Accelerate.framework/Versions/A/Frameworks/vImage.framework/Versions/A/vImage
0x00007ff82a890000 	/System/Library/Frameworks/Accelerate.framework/Versions/A/Frameworks/vecLib.framework/Versions/A/vecLib
0x00007ff824510000 	/System/Library/Frameworks/Accelerate.framework/Versions/A/Frameworks/vecLib.framework/Versions/A/libvMisc.dylib
0x00007ff814ffe000 	/System/Library/Frameworks/Accelerate.framework/Versions/A/Frameworks/vecLib.framework/Versions/A/libBLAS.dylib
0x00007ff82ec4a000 	/System/Library/Frameworks/ApplicationServices.framework/Versions/A/ApplicationServices
0x00007ff81ae82000 	/System/Library/Frameworks/ColorSync.framework/Versions/A/ColorSync
0x00007ff816b67000 	/System/Library/Frameworks/CoreText.framework/Versions/A/CoreText
0x00007ff826c31000 	/System/Library/Frameworks/ApplicationServices.framework/Versions/A/Frameworks/ATS.framework/Versions/A/ATS
0x00007ff81b038000 	/System/Library/Frameworks/ApplicationServices.framework/Versions/A/Frameworks/HIServices.framework/Versions/A/HIServices
0x00007ff825812000 	/System/Library/Frameworks/ApplicationServices.framework/Versions/A/Frameworks/PrintCore.framework/Versions/A/PrintCore
0x00007ff827010000 	/System/Library/Frameworks/ApplicationServices.framework/Versions/A/Frameworks/QD.framework/Versions/A/QD
0x00007ff827009000 	/System/Library/Frameworks/ApplicationServices.framework/Versions/A/Frameworks/ColorSyncLegacy.framework/Versions/A/ColorSyncLegacy
0x00007ff826c07000 	/System/Library/Frameworks/ApplicationServices.framework/Versions/A/Frameworks/SpeechSynthesis.framework/Versions/A/SpeechSynthesis
0x00007ff821d4b000 	/System/Library/PrivateFrameworks/CoreEmoji.framework/Versions/A/CoreEmoji
0x00007ffb2a9ba000 	/System/Library/PrivateFrameworks/FontServices.framework/Versions/A/FontServices
0x00007ff8196bb000 	/System/Library/Frameworks/UniformTypeIdentifiers.framework/Versions/A/UniformTypeIdentifiers
0x00007ff824c27000 	/System/Library/PrivateFrameworks/OTSVG.framework/Versions/A/OTSVG
0x00007ff81de5e000 	/System/Library/Frameworks/ApplicationServices.framework/Versions/A/Frameworks/ATS.framework/Versions/A/Resources/libFontRegistry.dylib
0x00007ff824c77000 	/System/Library/PrivateFrameworks/FontServices.framework/libhvf.dylib
0x00007ffc1be83000 	/System/Library/PrivateFrameworks/ParsingInternal.framework/Versions/A/ParsingInternal
0x00007ffd197a2000 	/usr/lib/swift/libswiftRegexBuilder.dylib
0x00007ffd19937000 	/usr/lib/swift/libswift_RegexParser.dylib
0x00007ff824f97000 	/System/Library/PrivateFrameworks/AppleJPEG.framework/Versions/A/AppleJPEG
0x00007ff824a49000 	/usr/lib/libexpat.1.dylib
0x00007ff8256dd000 	/System/Library/Frameworks/ImageIO.framework/Versions/A/Resources/libPng.dylib
0x00007ff82570a000 	/System/Library/Frameworks/ImageIO.framework/Versions/A/Resources/libTIFF.dylib
0x00007ff8257fd000 	/System/Library/Frameworks/ImageIO.framework/Versions/A/Resources/libGIF.dylib
0x00007ff824fe3000 	/System/Library/Frameworks/ImageIO.framework/Versions/A/Resources/libJP2.dylib
0x00007ff8246a9000 	/usr/lib/libate.dylib
0x00007ff82579d000 	/System/Library/Frameworks/ImageIO.framework/Versions/A/Resources/libJPEG.dylib
0x00007ff825794000 	/System/Library/Frameworks/ImageIO.framework/Versions/A/Resources/libRadiance.dylib
0x00007ffb2f9cb000 	/System/Library/PrivateFrameworks/GPUCompiler.framework/Versions/32023/Libraries/libllvm-flatbuffers.dylib
0x00007ffb2aa80000 	/System/Library/PrivateFrameworks/FramePacing.framework/Versions/A/FramePacing
0x00007ffa33b92000 	/System/Library/Frameworks/OpenGL.framework/Versions/A/Libraries/libCoreFSCache.dylib
0x00007ffb2b697000 	/System/Library/PrivateFrameworks/GPUCompiler.framework/Versions/32023/Libraries/libGPUCompilerUtils.dylib
0x00007ffb2a9bb000 	/System/Library/PrivateFrameworks/FontServices.framework/libXTFontStaticRegistryData.dylib
0x00007ff820921000 	/System/Library/Frameworks/CoreImage.framework/Versions/A/CoreImage
0x00007ffa1cb3f000 	/System/Library/PrivateFrameworks/Symbolication.framework/Versions/A/Symbolication
0x00007ffc1ea24000 	/System/Library/PrivateFrameworks/PhotosensitivityProcessing.framework/Versions/A/PhotosensitivityProcessing
0x00007ffa33b9e000 	/System/Library/Frameworks/OpenGL.framework/Versions/A/OpenGL
0x00007ffb14bb5000 	/System/Library/Frameworks/OpenCL.framework/Versions/A/OpenCL
0x00007ff824c18000 	/System/Library/PrivateFrameworks/GraphVisualizer.framework/Versions/A/GraphVisualizer
0x00007ffa33bef000 	/System/Library/Frameworks/OpenGL.framework/Versions/A/Libraries/libGLU.dylib
0x00007ffa33bb1000 	/System/Library/Frameworks/OpenGL.framework/Versions/A/Libraries/libGFXShared.dylib
0x00007ffa33dab000 	/System/Library/Frameworks/OpenGL.framework/Versions/A/Libraries/libGL.dylib
0x00007ffa33bba000 	/System/Library/Frameworks/OpenGL.framework/Versions/A/Libraries/libGLImage.dylib
0x00007ffa33bae000 	/System/Library/Frameworks/OpenGL.framework/Versions/A/Libraries/libCVMSPluginSupport.dylib
0x00007ffd18bed000 	/usr/lib/libRosetta.dylib
0x00007ffa33b99000 	/System/Library/Frameworks/OpenGL.framework/Versions/A/Libraries/libCoreVMClient.dylib
0x00007ff820d3b000 	/System/Library/Frameworks/MetalPerformanceShaders.framework/Versions/A/Frameworks/MPSCore.framework/Versions/A/MPSCore
0x00007ff822817000 	/System/Library/Frameworks/MetalPerformanceShaders.framework/Versions/A/Frameworks/MPSImage.framework/Versions/A/MPSImage
0x00007ff822103000 	/System/Library/Frameworks/MetalPerformanceShaders.framework/Versions/A/Frameworks/MPSNeuralNetwork.framework/Versions/A/MPSNeuralNetwork
0x00007ff82265c000 	/System/Library/Frameworks/MetalPerformanceShaders.framework/Versions/A/Frameworks/MPSMatrix.framework/Versions/A/MPSMatrix
0x00007ff822413000 	/System/Library/Frameworks/MetalPerformanceShaders.framework/Versions/A/Frameworks/MPSRayIntersector.framework/Versions/A/MPSRayIntersector
0x00007ff82269b000 	/System/Library/Frameworks/MetalPerformanceShaders.framework/Versions/A/Frameworks/MPSNDArray.framework/Versions/A/MPSNDArray
0x00007ffb18682000 	/System/Library/Frameworks/MetalPerformanceShaders.framework/Versions/A/Frameworks/MPSFunctions.framework/Versions/A/MPSFunctions
0x00007ffb18665000 	/System/Library/Frameworks/MetalPerformanceShaders.framework/Versions/A/Frameworks/MPSBenchmarkLoop.framework/Versions/A/MPSBenchmarkLoop
0x00007ff814e77000 	/System/Library/PrivateFrameworks/MetalTools.framework/Versions/A/MetalTools
0x00007ff92343a000 	/System/Library/PrivateFrameworks/IOAccelMemoryInfo.framework/Versions/A/IOAccelMemoryInfo
0x00007ff92feaa000 	/System/Library/PrivateFrameworks/kperf.framework/Versions/A/kperf
0x00007ff91e5af000 	/System/Library/PrivateFrameworks/GPURawCounter.framework/Versions/A/GPURawCounter
0x00007ff82cdcd000 	/System/Library/PrivateFrameworks/CoreSymbolication.framework/Versions/A/CoreSymbolication
0x00007ff91e54f000 	/System/Library/PrivateFrameworks/MallocStackLogging.framework/Versions/A/MallocStackLogging
0x00007ff8247e0000 	/System/Library/PrivateFrameworks/CrashReporterSupport.framework/Versions/A/CrashReporterSupport
0x00007ff82cd8e000 	/System/Library/PrivateFrameworks/DebugSymbols.framework/Versions/A/DebugSymbols
0x00007ff92f127000 	/System/Library/PrivateFrameworks/OSAnalytics.framework/Versions/A/OSAnalytics
0x00007ff8257ce000 	/System/Library/Frameworks/ApplicationServices.framework/Versions/A/Frameworks/ATSUI.framework/Versions/A/ATSUI
0x00007ff826f9b000 	/usr/lib/libcups.2.dylib
0x00007ff827038000 	/System/Library/Frameworks/Kerberos.framework/Versions/A/Kerberos
0x00007ff826caa000 	/usr/lib/libresolv.9.dylib
0x00007ff822dae000 	/usr/lib/libiconv.2.dylib
0x00007ff824c8a000 	/System/Library/PrivateFrameworks/Heimdal.framework/Versions/A/Heimdal
0x00007ff82f03b000 	/System/Library/Frameworks/Kerberos.framework/Versions/A/Libraries/libHeimdalProxy.dylib
0x00007ff824a64000 	/usr/lib/libheimdal-asn1.dylib
0x00007ff81e138000 	/System/Library/Frameworks/OpenDirectory.framework/Versions/A/OpenDirectory
0x00007ff827095000 	/System/Library/PrivateFrameworks/CommonAuth.framework/Versions/A/CommonAuth
0x00007ff81e144000 	/System/Library/Frameworks/OpenDirectory.framework/Versions/A/Frameworks/CFOpenDirectory.framework/Versions/A/CFOpenDirectory
0x00007ff822d06000 	/usr/lib/libcharset.1.dylib
0x00007ffb1530c000 	/System/Library/Frameworks/AVFAudio.framework/Versions/A/AVFAudio
0x00007ff91891b000 	/System/Library/PrivateFrameworks/AXCoreUtilities.framework/Versions/A/AXCoreUtilities
0x00007ff8269fc000 	/System/Library/Frameworks/AudioToolbox.framework/Versions/A/AudioToolbox
0x00007ff816d8b000 	/System/Library/Frameworks/CoreAudio.framework/Versions/A/CoreAudio
0x00007ffc15f18000 	/System/Library/PrivateFrameworks/IsolatedCoreAudioClient.framework/Versions/A/IsolatedCoreAudioClient
0x00007ff826bef000 	/usr/lib/libAudioStatistics.dylib
0x00007ff81fe69000 	/System/Library/PrivateFrameworks/caulk.framework/Versions/A/caulk
0x00007ff8167be000 	/System/Library/PrivateFrameworks/AudioToolboxCore.framework/Versions/A/AudioToolboxCore
0x00007ff83142d000 	/System/Library/Frameworks/CoreMIDI.framework/Versions/A/CoreMIDI
0x00007ff826b96000 	/System/Library/PrivateFrameworks/AudioSession.framework/Versions/A/AudioSession
0x00007ff8284f6000 	/System/Library/Frameworks/IOBluetooth.framework/Versions/A/IOBluetooth
0x00007ff824b4e000 	/System/Library/PrivateFrameworks/MediaExperience.framework/Versions/A/MediaExperience
0x00007ffc2b619000 	/System/Library/PrivateFrameworks/Tightbeam.framework/Versions/A/Tightbeam
0x00007ffa146df000 	/System/Library/PrivateFrameworks/AFKUser.framework/Versions/A/AFKUser
0x00007ff824c6c000 	/System/Library/PrivateFrameworks/AppServerSupport.framework/Versions/A/AppServerSupport
0x00007ff82701b000 	/System/Library/PrivateFrameworks/perfdata.framework/Versions/A/perfdata
0x00007ff91d80b000 	/System/Library/PrivateFrameworks/SystemPolicy.framework/Versions/A/SystemPolicy
0x00007ff826ebb000 	/usr/lib/libSMC.dylib
0x00007ff8256a8000 	/usr/lib/libAudioToolboxUtility.dylib
0x00007ff827029000 	/usr/lib/libperfcheck.dylib
0x00007ffb214b4000 	/System/Library/PrivateFrameworks/AudioAnalytics.framework/Versions/A/AudioAnalytics
0x00007ffa27892000 	/System/Library/PrivateFrameworks/FeatureFlags.framework/Versions/A/FeatureFlags
0x00007ffa20b7d000 	/System/Library/Frameworks/OSLog.framework/Versions/A/OSLog
0x00007ff8228c8000 	/usr/lib/libbz2.1.0.dylib
0x00007ff91e57e000 	/usr/lib/libmis.dylib
0x00007ff8269bc000 	/System/Library/PrivateFrameworks/AudioSession.framework/libSessionUtility.dylib
0x00007ff825803000 	/System/Library/PrivateFrameworks/CMCaptureCore.framework/Versions/A/CMCaptureCore
0x00007ff824c83000 	/usr/lib/libspindump.dylib
0x00007ffb167ff000 	/System/Library/Frameworks/ExtensionFoundation.framework/Versions/A/ExtensionFoundation
0x00007ff82cedd000 	/System/Library/PrivateFrameworks/CoreTime.framework/Versions/A/CoreTime
0x00007ff82493a000 	/System/Library/PrivateFrameworks/PlugInKit.framework/Versions/A/PlugInKit
0x00007ff82b7f4000 	/System/Library/PrivateFrameworks/PowerLog.framework/Versions/A/PowerLog
0x00007ff82b704000 	/System/Library/Frameworks/CoreBluetooth.framework/Versions/A/CoreBluetooth
0x00007ff82f03c000 	/System/Library/Frameworks/AudioUnit.framework/Versions/A/AudioUnit
0x00007ff821e08000 	/System/Library/PrivateFrameworks/CoreUtils.framework/Versions/A/CoreUtils
0x00007ffb27d2d000 	/System/Library/PrivateFrameworks/CoreUtilsExtras.framework/Versions/A/CoreUtilsExtras
0x00007ff82abad000 	/System/Library/Frameworks/MediaAccessibility.framework/Versions/A/MediaAccessibility
0x00007ff92669a000 	/System/Library/PrivateFrameworks/AttributeGraph.framework/Versions/A/AttributeGraph
0x00007ffd188fa000 	/usr/lib/libAXSafeCategoryBundle.dylib
0x00007ff9189c0000 	/usr/lib/libAccessibility.dylib
0x00007ff821b54000 	/System/Library/Frameworks/Accelerate.framework/Versions/A/Frameworks/vecLib.framework/Versions/A/libvDSP.dylib
0x00007ff822fee000 	/System/Library/Frameworks/Accelerate.framework/Versions/A/Frameworks/vecLib.framework/Versions/A/libLAPACK.dylib
0x00007ff8220ed000 	/System/Library/Frameworks/Accelerate.framework/Versions/A/Frameworks/vecLib.framework/Versions/A/libLinearAlgebra.dylib
0x00007ff822ef0000 	/System/Library/Frameworks/Accelerate.framework/Versions/A/Frameworks/vecLib.framework/Versions/A/libSparseBLAS.dylib
0x00007ff822fe8000 	/System/Library/Frameworks/Accelerate.framework/Versions/A/Frameworks/vecLib.framework/Versions/A/libQuadrature.dylib
0x00007ff820f1e000 	/System/Library/Frameworks/Accelerate.framework/Versions/A/Frameworks/vecLib.framework/Versions/A/libBNNS.dylib
0x00007ff8152c6000 	/System/Library/Frameworks/Accelerate.framework/Versions/A/Frameworks/vecLib.framework/Versions/A/libSparse.dylib
0x00007ffc17108000 	/System/Library/PrivateFrameworks/MIL.framework/Versions/A/MIL
0x00007ff82578d000 	/System/Library/PrivateFrameworks/GPUWrangler.framework/Versions/A/GPUWrangler
0x00007ff825771000 	/System/Library/PrivateFrameworks/IOPresentment.framework/Versions/A/IOPresentment
0x00007ff825797000 	/System/Library/PrivateFrameworks/DSExternalDisplay.framework/Versions/A/DSExternalDisplay
0x00007ffa20f98000 	/System/Library/PrivateFrameworks/HIDDisplay.framework/Versions/A/HIDDisplay
0x00007ff9176fa000 	/System/Library/PrivateFrameworks/HID.framework/Versions/A/HID
0x00007ffc2eba2000 	/System/Library/PrivateFrameworks/VideoToolboxParavirtualizationSupport.framework/Versions/A/VideoToolboxParavirtualizationSupport
0x00007ff8249fb000 	/System/Library/PrivateFrameworks/AppleVA.framework/Versions/A/AppleVA
0x00007ff82ca1c000 	/System/Library/PrivateFrameworks/GraphicsServices.framework/Versions/A/GraphicsServices
0x00007ff81b50b000 	/System/Library/Frameworks/CoreData.framework/Versions/A/CoreData
0x00007ff827201000 	/System/Library/PrivateFrameworks/CorePhoneNumbers.framework/Versions/A/CorePhoneNumbers
0x00007ff82b8d4000 	/System/Library/PrivateFrameworks/MediaKit.framework/Versions/A/MediaKit
0x00007ff82b82e000 	/System/Library/Frameworks/DiscRecording.framework/Versions/A/DiscRecording
0x00007ffb1622b000 	/System/Library/Frameworks/CoreTransferable.framework/Versions/A/CoreTransferable
0x00007ff826ffe000 	/System/Library/PrivateFrameworks/NetAuth.framework/Versions/A/NetAuth
0x00007ff824ab9000 	/System/Library/PrivateFrameworks/IconServices.framework/Versions/A/IconServices
0x00007ff81e315000 	/System/Library/PrivateFrameworks/login.framework/Versions/A/Frameworks/loginsupport.framework/Versions/A/loginsupport
0x00007ff91e620000 	/usr/lib/swift/libswiftCoreImage.dylib
0x00007ff824a6d000 	/System/Library/PrivateFrameworks/IconFoundation.framework/Versions/A/IconFoundation
0x00007ff81deaa000 	/System/Library/PrivateFrameworks/CoreUI.framework/Versions/A/CoreUI
0x00007ff825886000 	/System/Library/PrivateFrameworks/TextureIO.framework/Versions/A/TextureIO
0x00007ff820554000 	/System/Library/PrivateFrameworks/CoreSVG.framework/Versions/A/CoreSVG
0x00007ff93405a000 	/usr/lib/swift/libswiftAccelerate.dylib
0x00007ff8247d7000 	/usr/lib/libIOReport.dylib
0x00007ffb210f5000 	/System/Library/PrivateFrameworks/AppleMobileFileIntegrity.framework/Versions/A/AppleMobileFileIntegrity
0x00007ffd18c32000 	/usr/lib/libTLE.dylib
0x00007ffa2f3d7000 	/System/Library/PrivateFrameworks/ConfigProfileHelper.framework/Versions/A/ConfigProfileHelper
0x00007ff82208e000 	/usr/lib/libmecab.dylib
0x00007ff8153c3000 	/usr/lib/libCRFSuite.dylib
0x00007ff820e09000 	/System/Library/PrivateFrameworks/CoreNLP.framework/Versions/A/CoreNLP
0x00007ff8220ea000 	/usr/lib/libgermantok.dylib
0x00007ff822eab000 	/usr/lib/libThaiTokenizer.dylib
0x00007ff82595a000 	/System/Library/PrivateFrameworks/DataDetectorsCore.framework/Versions/A/DataDetectorsCore
0x00007ff8194e0000 	/System/Library/PrivateFrameworks/UIFoundation.framework/Versions/A/UIFoundation
0x00007ff82205c000 	/usr/lib/libCheckFix.dylib
0x00007ff81ce9d000 	/System/Library/PrivateFrameworks/MetadataUtilities.framework/Versions/A/MetadataUtilities
0x00007ffb33393000 	/System/Library/PrivateFrameworks/InstalledContentLibrary.framework/Versions/A/InstalledContentLibrary
0x00007ff817e78000 	/System/Library/PrivateFrameworks/CoreServicesStore.framework/Versions/A/CoreServicesStore
0x00007ff81e196000 	/usr/lib/libapp_launch_measurement.dylib
0x00007ff92ffad000 	/System/Library/PrivateFrameworks/MobileSystemServices.framework/Versions/A/MobileSystemServices
0x00007ff8244df000 	/usr/lib/libxslt.1.dylib
0x00007ff822022000 	/System/Library/PrivateFrameworks/BackgroundTaskManagement.framework/Versions/A/BackgroundTaskManagement
0x00007ff82e8d9000 	/usr/lib/libcurl.4.dylib
0x00007ffd18fc6000 	/usr/lib/libcrypto.46.dylib
0x00007ffd19537000 	/usr/lib/libssl.48.dylib
0x00007ff82e5bd000 	/System/Library/Frameworks/LDAP.framework/Versions/A/LDAP
0x00007ff82e5f8000 	/System/Library/PrivateFrameworks/TrustEvaluationAgent.framework/Versions/A/TrustEvaluationAgent
0x00007ff826cc3000 	/usr/lib/libsasl2.2.dylib
0x00007ff83161f000 	/System/Library/Frameworks/Cocoa.framework/Versions/A/Cocoa
0x00007ff817fe9000 	/System/Library/Frameworks/AppKit.framework/Versions/C/AppKit
0x00007ffb241f6000 	/System/Library/PrivateFrameworks/CollectionViewCore.framework/Versions/A/CollectionViewCore
0x00007ff82a47f000 	/System/Library/PrivateFrameworks/RemoteViewServices.framework/Versions/A/RemoteViewServices
0x00007ff82054f000 	/System/Library/PrivateFrameworks/XCTTargetBootstrap.framework/Versions/A/XCTTargetBootstrap
0x00007ff8259a1000 	/System/Library/PrivateFrameworks/UserActivity.framework/Versions/A/UserActivity
0x00007ffc2d1d1000 	/System/Library/PrivateFrameworks/UIIntelligenceSupport.framework/Versions/A/UIIntelligenceSupport
0x00007ffb1b3c4000 	/System/Library/Frameworks/SwiftUICore.framework/Versions/A/SwiftUICore
0x00007ffc31c1f000 	/System/Library/PrivateFrameworks/WritingTools.framework/Versions/A/WritingTools
0x00007ffc30d84000 	/System/Library/PrivateFrameworks/WindowManagement.framework/Versions/A/WindowManagement
0x00007ff82053c000 	/System/Library/PrivateFrameworks/DFRFoundation.framework/Versions/A/DFRFoundation
0x00007ff921fd8000 	/System/Library/PrivateFrameworks/TextInput.framework/Versions/A/TextInput
0x00007ff82025f000 	/System/Library/Frameworks/Carbon.framework/Versions/A/Frameworks/HIToolbox.framework/Versions/A/HIToolbox
0x00007ff82a4b6000 	/System/Library/Frameworks/Carbon.framework/Versions/A/Frameworks/SpeechRecognition.framework/Versions/A/SpeechRecognition
0x00007ff916a7b000 	/System/Library/PrivateFrameworks/RenderBox.framework/Versions/A/RenderBox
0x00007ff81e12d000 	/System/Library/PrivateFrameworks/PerformanceAnalysis.framework/Versions/A/PerformanceAnalysis
0x00007ff82a833000 	/System/Library/Frameworks/Accessibility.framework/Versions/A/Accessibility
0x00007ffb166de000 	/System/Library/Frameworks/DeveloperToolsSupport.framework/Versions/A/DeveloperToolsSupport
0x00007ffb1bf2b000 	/System/Library/Frameworks/Symbols.framework/Versions/A/Symbols
0x00007ff91bf89000 	/usr/lib/swift/libswiftCoreGraphics.dylib
0x00007ff82b1be000 	/usr/lib/swift/libswiftFoundation.dylib
0x00007ffa2ee8f000 	/usr/lib/swift/libswiftSwiftOnoneSupport.dylib
0x00007ffa1d227000 	/System/Library/PrivateFrameworks/CoreMaterial.framework/Versions/A/CoreMaterial
0x00007ffc20cf4000 	/System/Library/PrivateFrameworks/SFSymbols.framework/Versions/A/SFSymbols
0x00007ff82a4a6000 	/System/Library/PrivateFrameworks/SpeechRecognitionCore.framework/Versions/A/SpeechRecognitionCore
0x000000010c86d000 	/Applications/Apache NetBeans.app/Contents/Home/lib/server/libjvm.dylib
0x000000010b5f8000 	/Applications/Apache NetBeans.app/Contents/Home/lib/libjimage.dylib
0x000000010b65f000 	/Applications/Apache NetBeans.app/Contents/Home/lib/libjdwp.dylib
0x000000010b711000 	/Applications/Apache NetBeans.app/Contents/Home/lib/libjava.dylib
0x00007ffd188f0000 	/usr/lib/i18n/libiconv_std.dylib
0x00007ffd188e7000 	/usr/lib/i18n/libUTF8.dylib
0x00007ffd188f5000 	/usr/lib/i18n/libmapper_none.dylib
0x000000010c2b7000 	/Applications/Apache NetBeans.app/Contents/Home/lib/libdt_socket.dylib
0x000000010c3b9000 	/Applications/Apache NetBeans.app/Contents/Home/lib/libnio.dylib
0x000000010c3f3000 	/Applications/Apache NetBeans.app/Contents/Home/lib/libnet.dylib
0x000000010c432000 	/Applications/Apache NetBeans.app/Contents/Home/lib/libzip.dylib
0x000000010c4fd000 	/Applications/Apache NetBeans.app/Contents/Home/lib/libawt.dylib
0x000000012adb6000 	/Applications/Apache NetBeans.app/Contents/Home/lib/libmlib_image.dylib
0x00007ffb17940000 	/System/Library/Frameworks/JavaRuntimeSupport.framework/Versions/A/JavaRuntimeSupport
0x00007ff91d273000 	/System/Library/Frameworks/Carbon.framework/Versions/A/Carbon
0x00007ff8338f6000 	/System/Library/Frameworks/Carbon.framework/Versions/A/Frameworks/CommonPanels.framework/Versions/A/CommonPanels
0x00007ff82e8c6000 	/System/Library/Frameworks/Carbon.framework/Versions/A/Frameworks/Help.framework/Versions/A/Help
0x00007ff8338fa000 	/System/Library/Frameworks/Carbon.framework/Versions/A/Frameworks/ImageCapture.framework/Versions/A/ImageCapture
0x00007ff8338d7000 	/System/Library/Frameworks/Carbon.framework/Versions/A/Frameworks/OpenScripting.framework/Versions/A/OpenScripting
0x00007ff8338f5000 	/System/Library/Frameworks/Carbon.framework/Versions/A/Frameworks/Ink.framework/Versions/A/Ink
0x00007ff8338f2000 	/System/Library/Frameworks/Carbon.framework/Versions/A/Frameworks/SecurityHI.framework/Versions/A/SecurityHI
0x0000000171f62000 	/Applications/Apache NetBeans.app/Contents/Home/lib/libawt_lwawt.dylib
0x000000010c487000 	/Applications/Apache NetBeans.app/Contents/Home/lib/libosxapp.dylib
0x00007ff91bfe9000 	/System/Library/Frameworks/ExceptionHandling.framework/Versions/A/ExceptionHandling
0x000000017247b000 	/Applications/Apache NetBeans.app/Contents/Home/lib/libfontmanager.dylib
0x0000000172244000 	/Applications/Apache NetBeans.app/Contents/Home/lib/libfreetype.dylib
0x00007ff81e016000 	/System/Library/PrivateFrameworks/ViewBridge.framework/Versions/A/ViewBridge
0x00007ff927602000 	/System/Library/CoreServices/RawCamera.bundle/Contents/MacOS/RawCamera
0x00007ff82f05b000 	/System/Library/PrivateFrameworks/StreamingZip.framework/Versions/A/StreamingZip
0x00007ff8270a5000 	/System/Library/PrivateFrameworks/MobileAsset.framework/Versions/A/MobileAsset
0x00007ff92500f000 	/System/Library/PrivateFrameworks/SoftwareUpdateCoreSupport.framework/Versions/A/SoftwareUpdateCoreSupport
0x00007ff92c7d2000 	/System/Library/PrivateFrameworks/SoftwareUpdateCoreConnect.framework/Versions/A/SoftwareUpdateCoreConnect
0x00007ff82e815000 	/System/Library/PrivateFrameworks/RemoteServiceDiscovery.framework/Versions/A/RemoteServiceDiscovery
0x00007ff924c7d000 	/System/Library/PrivateFrameworks/MSUDataAccessor.framework/Versions/A/MSUDataAccessor
0x00007ff92057a000 	/usr/lib/libbootpolicy.dylib
0x00007ff82e82a000 	/System/Library/PrivateFrameworks/RemoteXPC.framework/Versions/A/RemoteXPC
0x00007ff92bced000 	/usr/lib/libFDR.dylib
0x00007ff9314c2000 	/usr/lib/libamsupport.dylib
0x00007ffb2081d000 	/System/Library/PrivateFrameworks/AppleDeviceQuerySupport.framework/Versions/A/AppleDeviceQuerySupport
0x00007ff934240000 	/usr/lib/libpartition2_dynamic.dylib
0x00007ffb20b82000 	/System/Library/PrivateFrameworks/AppleJPEGXL.framework/Versions/A/AppleJPEGXL
0x00007ff82e2d6000 	/System/Library/PrivateFrameworks/CoreWiFi.framework/Versions/A/CoreWiFi
0x00007ffd191e8000 	/usr/lib/libmrc.dylib
0x00007ffb331c7000 	/System/Library/PrivateFrameworks/IPConfiguration.framework/Versions/A/IPConfiguration
0x00007ffa1d1ef000 	/System/Library/PrivateFrameworks/Netrb.framework/Versions/A/Netrb
0x00007ffa2790e000 	/System/Library/PrivateFrameworks/WiFiPeerToPeer.framework/Versions/A/WiFiPeerToPeer
0x00007ff822ae2000 	/System/Library/Frameworks/UserNotifications.framework/Versions/A/UserNotifications
0x00007ff82720a000 	/usr/lib/libTelephonyUtilDynamic.dylib
0x00007ff825a0f000 	/System/Library/Frameworks/MediaToolbox.framework/Versions/A/MediaToolbox
0x00007ff82bdad000 	/System/Library/PrivateFrameworks/CoreAVCHD.framework/Versions/A/CoreAVCHD
0x00007ff82bda9000 	/System/Library/PrivateFrameworks/Mangrove.framework/Versions/A/Mangrove
0x00007ffb22c42000 	/System/Library/PrivateFrameworks/CMPhoto.framework/Versions/A/CMPhoto
0x00007ff82c497000 	/System/Library/Frameworks/CoreTelephony.framework/Versions/A/CoreTelephony
0x00007ff82cc62000 	/System/Library/PrivateFrameworks/AppleVPA.framework/Versions/A/AppleVPA
0x00007ff82b9ee000 	/System/Library/PrivateFrameworks/CoreAUC.framework/Versions/A/CoreAUC
0x00007ff924642000 	/System/Library/Frameworks/Accelerate.framework/Versions/A/Frameworks/vImage.framework/Versions/A/Libraries/libCGInterfaces.dylib
0x000000012af9d000 	/usr/lib/libobjc-trampolines.dylib
0x00007ffd188fe000 	/usr/lib/libAccessibilityBaseImplementations.dylib
0x00007ffc31c23000 	/System/Library/PrivateFrameworks/WritingToolsUI.framework/Versions/A/WritingToolsUI
0x00007ffb3064d000 	/System/Library/PrivateFrameworks/GenerativeAssistantSettings.framework/Versions/A/GenerativeAssistantSettings
0x00007ffc297e5000 	/System/Library/PrivateFrameworks/TextComposer.framework/Versions/A/TextComposer
0x00007ff91e5d7000 	/usr/lib/swift/libswiftIntents.dylib
0x00007ffd197ad000 	/usr/lib/swift/libswiftSafariServices.dylib
0x00007ffd197b2000 	/usr/lib/swift/libswiftSpatial.dylib
0x00007ffa27785000 	/usr/lib/swift/libswiftWebKit.dylib
0x00007ffb15458000 	/System/Library/Frameworks/AppIntents.framework/Versions/A/AppIntents
0x00007ff92545a000 	/System/Library/Frameworks/SwiftUI.framework/Versions/A/SwiftUI
0x00007ffb1cb05000 	/System/Library/Frameworks/_AuthenticationServices_SwiftUI.framework/Versions/A/_AuthenticationServices_SwiftUI
0x00007ffb1f08b000 	/System/Library/PrivateFrameworks/Anvil.framework/Versions/A/Anvil
0x00007ff924af9000 	/System/Library/PrivateFrameworks/AppStoreDaemon.framework/Versions/A/AppStoreDaemon
0x00007ff831663000 	/System/Library/PrivateFrameworks/AppleMediaServices.framework/Versions/A/AppleMediaServices
0x00007ff921696000 	/System/Library/PrivateFrameworks/AppleMediaServicesUI.framework/Versions/A/AppleMediaServicesUI
0x00007ffb30622000 	/System/Library/PrivateFrameworks/GenerativeAssistantCommon.framework/Versions/A/GenerativeAssistantCommon
0x00007ffa2e5be000 	/System/Library/PrivateFrameworks/JetEngine.framework/Versions/A/JetEngine
0x00007ffc16ad9000 	/System/Library/PrivateFrameworks/LinkMetadata.framework/Versions/A/LinkMetadata
0x00007ff91ef1d000 	/System/Library/PrivateFrameworks/OnBoardingKit.framework/Versions/A/OnBoardingKit
0x00007ffc21a43000 	/System/Library/PrivateFrameworks/Settings.framework/Versions/A/Settings
0x00007ff822b2c000 	/System/Library/Frameworks/CoreSpotlight.framework/Versions/A/CoreSpotlight
0x00007ffc16d5f000 	/System/Library/PrivateFrameworks/LinkServices.framework/Versions/A/LinkServices
0x00007ffb287b4000 	/System/Library/PrivateFrameworks/DoNotDisturb.framework/Versions/A/DoNotDisturb
0x00007ff9234dc000 	/System/Library/PrivateFrameworks/IntentsCore.framework/Versions/A/IntentsCore
0x00007ffb21788000 	/System/Library/PrivateFrameworks/AvailabilityKit.framework/Versions/A/AvailabilityKit
0x00007ffc28635000 	/System/Library/PrivateFrameworks/StatusKit.framework/Versions/A/StatusKit
0x00007ffc2003e000 	/System/Library/PrivateFrameworks/RecapPerformanceTesting.framework/Versions/A/RecapPerformanceTesting
0x00007ffd18c31000 	/usr/lib/libSpatial.dylib
0x00007ffb21675000 	/System/Library/PrivateFrameworks/AuthenticationServicesCore.framework/Versions/A/AuthenticationServicesCore
0x00007ff927a99000 	/System/Library/Frameworks/AuthenticationServices.framework/Versions/A/AuthenticationServices
0x00007ff824916000 	/System/Library/PrivateFrameworks/SharedWebCredentials.framework/Versions/A/SharedWebCredentials
0x00007ff91fd83000 	/System/Library/PrivateFrameworks/SafariCore.framework/Versions/A/SafariCore
0x00007ff9275c1000 	/System/Library/PrivateFrameworks/SafariFoundation.framework/Versions/A/SafariFoundation
0x00007ffb22761000 	/System/Library/PrivateFrameworks/CBORLibrary.framework/Versions/A/CBORLibrary
0x00007ffb232e8000 	/System/Library/PrivateFrameworks/Chirp.framework/Versions/A/Chirp
0x00007ffa2f70c000 	/System/Library/PrivateFrameworks/RemoteManagement.framework/Versions/A/RemoteManagement
0x00007ffc202f1000 	/System/Library/PrivateFrameworks/RemoteManagementModel.framework/Versions/A/RemoteManagementModel
0x00007ffc20377000 	/System/Library/PrivateFrameworks/RemoteManagementStore.framework/Versions/A/RemoteManagementStore
0x00007ff8286d2000 	/usr/lib/libxcselect.dylib
0x00007ff92752e000 	/System/Library/PrivateFrameworks/DifferentialPrivacy.framework/Versions/A/DifferentialPrivacy
0x00007ff82b44a000 	/System/Library/Frameworks/Contacts.framework/Versions/A/Contacts
0x00007ffc2db93000 	/System/Library/PrivateFrameworks/VDAF.framework/Versions/A/VDAF
0x00007ff82b27d000 	/System/Library/PrivateFrameworks/ContactsPersistence.framework/Versions/A/ContactsPersistence
0x00007ff82a4bc000 	/System/Library/PrivateFrameworks/AppleLDAP.framework/Versions/A/AppleLDAP
0x00007ff82ec4e000 	/System/Library/Frameworks/ClassKit.framework/Versions/A/ClassKit
0x00007ff830d9d000 	/System/Library/PrivateFrameworks/CoreSuggestions.framework/Versions/A/CoreSuggestions
0x00007ff82b1bf000 	/System/Library/PrivateFrameworks/ContactsFoundation.framework/Versions/A/ContactsFoundation
0x00007ff82c9e3000 	/System/Library/PrivateFrameworks/vCard.framework/Versions/A/vCard
0x00007ffb244cf000 	/System/Library/PrivateFrameworks/ContactsMetrics.framework/Versions/A/ContactsMetrics
0x00007ff824d41000 	/System/Library/PrivateFrameworks/login.framework/Versions/A/login
0x00007ff81e720000 	/System/Library/PrivateFrameworks/CloudDocs.framework/Versions/A/CloudDocs
0x00007ff830323000 	/System/Library/PrivateFrameworks/ConfigurationProfiles.framework/Versions/A/ConfigurationProfiles
0x00007ffb27ed6000 	/System/Library/PrivateFrameworks/DMCUtilities.framework/Versions/A/DMCUtilities
0x00007ffc17088000 	/System/Library/PrivateFrameworks/MDMClientLibrary.framework/Versions/A/MDMClientLibrary
0x00007ffc2036c000 	/System/Library/PrivateFrameworks/RemoteManagementProtocol.framework/Versions/A/RemoteManagementProtocol
0x00007ffd18ad2000 	/usr/lib/libEndpointSecuritySystem.dylib
0x00007ff82abe5000 	/System/Library/PrivateFrameworks/SystemAdministration.framework/Versions/A/SystemAdministration
0x00007ff91602f000 	/System/Library/PrivateFrameworks/PowerlogControl.framework/Versions/A/PowerlogControl
0x00007ff82204f000 	/System/Library/Frameworks/ServiceManagement.framework/Versions/A/ServiceManagement
0x00007ff916031000 	/usr/lib/libUniversalAccess.dylib
0x00007ff831fdc000 	/System/Library/PrivateFrameworks/FamilyControls.framework/Versions/A/FamilyControls
0x00007ff82a474000 	/System/Library/Frameworks/DirectoryService.framework/Versions/A/DirectoryService
0x00007ff82e95c000 	/System/Library/PrivateFrameworks/LoginUIKit.framework/Versions/A/Frameworks/LoginUICore.framework/Versions/A/LoginUICore
0x00007ff824f1f000 	/usr/lib/libodfde.dylib
0x00007ff831fd7000 	/System/Library/PrivateFrameworks/UniversalAccess.framework/Versions/A/Libraries/libUAPreferences.dylib
0x00007ff831fff000 	/System/Library/PrivateFrameworks/CommerceKit.framework/Versions/A/Frameworks/CommerceCore.framework/Versions/A/CommerceCore
0x00007ffb27e9b000 	/System/Library/PrivateFrameworks/DEPClientLibrary.framework/Versions/A/DEPClientLibrary
0x00007ff91610c000 	/System/Library/PrivateFrameworks/SetupAssistantFramework.framework/Versions/A/SetupAssistantFramework
0x00007ff82ef2c000 	/System/Library/PrivateFrameworks/AuthKitUI.framework/Versions/A/AuthKitUI
0x00007ff82e9a2000 	/System/Library/PrivateFrameworks/AppSSO.framework/Versions/A/AppSSO
0x00007ff924878000 	/System/Library/PrivateFrameworks/LocalAuthenticationUI.framework/Versions/A/LocalAuthenticationUI
0x00007ffc1ea80000 	/System/Library/PrivateFrameworks/PlatformSSO.framework/Versions/A/PlatformSSO
0x00007ff92523f000 	/System/Library/PrivateFrameworks/AOSUI.framework/Versions/A/AOSUI
0x00007ff9180f6000 	/System/Library/Frameworks/ContactsUI.framework/Versions/A/ContactsUI
0x00007ff82b669000 	/System/Library/PrivateFrameworks/FamilyCircle.framework/Versions/A/FamilyCircle
0x00007ff931eb1000 	/System/Library/Frameworks/LinkPresentation.framework/Versions/A/LinkPresentation
0x00007ffc1eb4f000 	/System/Library/PrivateFrameworks/PlatformSSOCore.framework/Versions/A/PlatformSSOCore
0x00007ff917e1c000 	/System/Library/PrivateFrameworks/IASUtilities.framework/Versions/A/IASUtilities
0x00007ffb330c3000 	/System/Library/PrivateFrameworks/IASUtilitiesCore.framework/Versions/A/IASUtilitiesCore
0x00007ff91c04d000 	/System/Library/Frameworks/WebKit.framework/Versions/A/WebKit
0x00007ff9142ac000 	/System/Library/Frameworks/JavaScriptCore.framework/Versions/A/JavaScriptCore
0x00007ffc16fc2000 	/System/Library/PrivateFrameworks/LocalAuthenticationCoreUI.framework/Versions/A/LocalAuthenticationCoreUI
0x00007ff91e33c000 	/System/Library/Frameworks/LocalAuthentication.framework/Support/DaemonUtils.framework/Versions/A/DaemonUtils
0x00007ff921663000 	/System/Library/PrivateFrameworks/BridgeXPC.framework/Versions/A/BridgeXPC
0x00007ff824d61000 	/System/Library/PrivateFrameworks/CoreBrightness.framework/Versions/A/CoreBrightness
0x00007ff91efea000 	/System/Library/PrivateFrameworks/CoreKDL.framework/Versions/A/CoreKDL
0x00007ff91d804000 	/System/Library/PrivateFrameworks/EmbeddedOSSupportHost.framework/Versions/A/EmbeddedOSSupportHost
0x00007ffc29166000 	/System/Library/PrivateFrameworks/SystemStatus.framework/Versions/A/SystemStatus
0x00007ff83106d000 	/System/Library/Frameworks/WebKit.framework/Versions/A/Frameworks/WebKitLegacy.framework/Versions/A/WebKitLegacy
0x00007ff82eed4000 	/System/Library/PrivateFrameworks/CorePrediction.framework/Versions/A/CorePrediction
0x00007ff81edf0000 	/System/Library/Frameworks/WebKit.framework/Versions/A/Frameworks/WebCore.framework/Versions/A/Frameworks/libwebrtc.dylib
0x00007ff91bfec000 	/System/Library/PrivateFrameworks/SafariSafeBrowsing.framework/Versions/A/SafariSafeBrowsing
0x00007ff826d4f000 	/System/Library/Frameworks/SecurityInterface.framework/Versions/A/SecurityInterface
0x00007ff91ef1c000 	/System/Library/PrivateFrameworks/WebInspectorUI.framework/Versions/A/WebInspectorUI
0x00007ff9189e9000 	/System/Library/Frameworks/WebKit.framework/Versions/A/Frameworks/WebCore.framework/Versions/A/WebCore
0x00007ffb1c6c5000 	/System/Library/Frameworks/WebKit.framework/Versions/A/Frameworks/WebCore.framework/Versions/A/Frameworks/libANGLE-shared.dylib
0x00007ffc30a0a000 	/System/Library/PrivateFrameworks/WebGPU.framework/Versions/A/WebGPU
0x00007ff920cdd000 	/System/Library/Frameworks/SceneKit.framework/Versions/A/SceneKit
0x00007ff9307e9000 	/System/Library/Frameworks/ModelIO.framework/Versions/A/ModelIO
0x00007ff8286b5000 	/System/Library/Frameworks/MetalKit.framework/Versions/A/MetalKit
0x00007ff82a7c0000 	/System/Library/Frameworks/GLKit.framework/Versions/A/GLKit
0x00007ffd19d12000 	/usr/lib/usd/libusd_ms.dylib
0x00007ffc2d404000 	/System/Library/PrivateFrameworks/USDLib_FormatLoaderProxy.framework/Versions/A/USDLib_FormatLoaderProxy
0x00007ff91e0c7000 	/System/Library/PrivateFrameworks/CoreOptimization.framework/Versions/A/CoreOptimization
0x00007ff92c7e7000 	/System/Library/PrivateFrameworks/StorageKit.framework/Versions/A/StorageKit
0x00007ffb168f7000 	/System/Library/Frameworks/FSKit.framework/Versions/A/FSKit
0x00007ffb28540000 	/System/Library/PrivateFrameworks/DiskImages2.framework/Versions/A/DiskImages2
0x00007ffc16e9d000 	/System/Library/PrivateFrameworks/LiveFS.framework/Versions/A/LiveFS
0x00007ffd1643a000 	/System/Library/PrivateFrameworks/icloudMCCKit.framework/Versions/A/icloudMCCKit
0x00007ffb205e0000 	/System/Library/PrivateFrameworks/AppleAccountUI.framework/Versions/A/AppleAccountUI
0x00007ffb23bea000 	/System/Library/PrivateFrameworks/CloudSubscriptionFeatures.framework/Versions/A/CloudSubscriptionFeatures
0x00007ffa1d1f6000 	/System/Library/PrivateFrameworks/PreferencePanesSupport.framework/Versions/A/PreferencePanesSupport
0x00007ff9253e1000 	/System/Library/PrivateFrameworks/FindMyDeviceUI.framework/Versions/A/FindMyDeviceUI
0x00007ffc33b45000 	/System/Library/PrivateFrameworks/iCloudQuotaUI.framework/Versions/A/iCloudQuotaUI
0x00007ffa1d3b0000 	/System/Library/PrivateFrameworks/CoreCDPUI.framework/Versions/A/CoreCDPUI
0x00007ff91fb2a000 	/System/Library/PrivateFrameworks/CoreFollowUpUI.framework/Versions/A/CoreFollowUpUI
0x00007ff826d83000 	/System/Library/PrivateFrameworks/CoreFollowUp.framework/Versions/A/CoreFollowUp
0x00007ff92b627000 	/System/Library/PrivateFrameworks/IMCore.framework/Versions/A/IMCore
0x00007ff916094000 	/System/Library/PrivateFrameworks/CoreCDP.framework/Versions/A/CoreCDP
0x00007ff831657000 	/System/Library/PrivateFrameworks/AskPermission.framework/Versions/A/AskPermission
0x00007ff9234c2000 	/System/Library/Frameworks/Quartz.framework/Versions/A/Quartz
0x00007ff92f2cf000 	/System/Library/PrivateFrameworks/CloudPhotoServicesConfiguration.framework/Versions/A/CloudPhotoServicesConfiguration
0x00007ff921d83000 	/System/Library/PrivateFrameworks/CommerceKit.framework/Versions/A/CommerceKit
0x00007ff930135000 	/System/Library/PrivateFrameworks/FindMyMac.framework/Versions/A/FindMyMac
0x00007ff930016000 	/System/Library/Frameworks/PreferencePanes.framework/Versions/A/PreferencePanes
0x00007ff92496d000 	/System/Library/Frameworks/AddressBook.framework/Versions/A/AddressBook
0x00007ff8305e6000 	/System/Library/PrivateFrameworks/AOSAccounts.framework/Versions/A/AOSAccounts
0x00007ff82abe0000 	/System/Library/PrivateFrameworks/AppleSRP.framework/Versions/A/AppleSRP
0x00007ff91e26f000 	/System/Library/Frameworks/SafariServices.framework/Versions/A/SafariServices
0x00007ff82f043000 	/System/Library/PrivateFrameworks/NetFSServer.framework/Versions/A/NetFSServer
0x00007ff920ba8000 	/System/Library/Frameworks/PDFKit.framework/Versions/A/PDFKit
0x00007ff9310cf000 	/System/Library/PrivateFrameworks/EmailFoundation.framework/Versions/A/EmailFoundation
0x00007ff93006e000 	/System/Library/PrivateFrameworks/EmailCore.framework/Versions/A/EmailCore
0x00007ff933dbf000 	/System/Library/PrivateFrameworks/EmailAddressing.framework/Versions/A/EmailAddressing
0x00007ff933dcb000 	/System/Library/PrivateFrameworks/Email.framework/Versions/A/Email
0x00007ffb218cc000 	/System/Library/PrivateFrameworks/BackgroundSystemTasks.framework/Versions/A/BackgroundSystemTasks
0x00007ff91faae000 	/System/Library/PrivateFrameworks/IntlPreferences.framework/Versions/A/IntlPreferences
0x00007ffc17038000 	/System/Library/PrivateFrameworks/LockdownMode.framework/Versions/A/LockdownMode
0x00007ff82b663000 	/System/Library/PrivateFrameworks/CommunicationsFilter.framework/Versions/A/CommunicationsFilter
0x00007ffb2178b000 	/System/Library/PrivateFrameworks/AvatarKit.framework/Versions/A/AvatarKit
0x00007ffb2184b000 	/System/Library/PrivateFrameworks/AvatarPersistence.framework/Versions/A/AvatarPersistence
0x00007ffc203c9000 	/System/Library/PrivateFrameworks/RemoteUI.framework/Versions/A/RemoteUI
0x00007ff82a88e000 	/usr/lib/libCTGreenTeaLogger.dylib
0x00007ffb1c157000 	/System/Library/Frameworks/TipKit.framework/Versions/A/TipKit
0x00007ffa1f2d9000 	/System/Library/PrivateFrameworks/AppleCVA.framework/Versions/A/AppleCVA
0x00007ffb2184a000 	/System/Library/PrivateFrameworks/AvatarKitContent.framework/Versions/A/AvatarKitContent
0x00007ff82a8ba000 	/System/Library/PrivateFrameworks/CoreAppleCVA.framework/Versions/A/CoreAppleCVA
0x00007ffc1622c000 	/System/Library/PrivateFrameworks/LiftUI.framework/Versions/A/LiftUI
0x00007ffb168bf000 	/System/Library/Frameworks/ExtensionKit.framework/Versions/A/ExtensionKit
0x00007ffb23b65000 	/System/Library/PrivateFrameworks/CloudSettings.framework/Versions/A/CloudSettings
0x00007ff830e5b000 	/System/Library/Frameworks/EventKit.framework/Versions/A/EventKit
0x00007ff91f138000 	/System/Library/PrivateFrameworks/SearchFoundation.framework/Versions/A/SearchFoundation
0x00007ff91dd31000 	/System/Library/PrivateFrameworks/CoreRoutine.framework/Versions/A/CoreRoutine
0x00007ffb22f18000 	/System/Library/PrivateFrameworks/CalendarDatabase.framework/Versions/A/CalendarDatabase
0x00007ffb22e6e000 	/System/Library/PrivateFrameworks/CalendarDaemon.framework/Versions/A/CalendarDaemon
0x00007ff830291000 	/System/Library/PrivateFrameworks/CalendarFoundation.framework/Versions/A/CalendarFoundation
0x00007ff83024c000 	/System/Library/PrivateFrameworks/iCalendar.framework/Versions/A/iCalendar
0x00007ffb280be000 	/System/Library/PrivateFrameworks/DataAccessExpress.framework/Versions/A/DataAccessExpress
0x00007ff925089000 	/System/Library/PrivateFrameworks/FTClientServices.framework/Versions/A/FTClientServices
0x00007ff917ca9000 	/System/Library/PrivateFrameworks/CoreDAV.framework/Versions/A/CoreDAV
0x00007ff830d3d000 	/System/Library/PrivateFrameworks/CalDAV.framework/Versions/A/CalDAV
0x00007ff91bd59000 	/System/Library/PrivateFrameworks/TelephonyUtilities.framework/Versions/A/TelephonyUtilities
0x00007ff91fbdf000 	/System/Library/Frameworks/CallKit.framework/Versions/A/CallKit
0x00007ffa25ebd000 	/System/Library/PrivateFrameworks/IMTransferServices.framework/Versions/A/IMTransferServices
0x00007ff91e0e1000 	/System/Library/PrivateFrameworks/IncomingCallFilter.framework/Versions/A/IncomingCallFilter
0x00007ffc1a78c000 	/System/Library/PrivateFrameworks/NeighborhoodActivityConduit.framework/Versions/A/NeighborhoodActivityConduit
0x00007ffd18aaa000 	/usr/lib/libBASupport.dylib
0x00007ff92b3b7000 	/System/Library/PrivateFrameworks/SpotlightReceiver.framework/Versions/A/SpotlightReceiver
0x00007ffb23d7a000 	/System/Library/PrivateFrameworks/Coherence.framework/Versions/A/Coherence
0x00007ff91bc62000 	/System/Library/PrivateFrameworks/CoreParsec.framework/Versions/A/CoreParsec
0x00007ffc1cb4a000 	/System/Library/PrivateFrameworks/PegasusAPI.framework/Versions/A/PegasusAPI
0x00007ffc1d5de000 	/System/Library/PrivateFrameworks/PegasusConfiguration.framework/Versions/A/PegasusConfiguration
0x00007ffc17019000 	/System/Library/PrivateFrameworks/LocalStatusKit.framework/Versions/A/LocalStatusKit
0x00007ff92508d000 	/System/Library/PrivateFrameworks/CharacterPicker.framework/Versions/A/CharacterPicker
0x00007ff91e1e3000 	/System/Library/PrivateFrameworks/ContactsDonation.framework/Versions/A/ContactsDonation
0x00007ff91800b000 	/System/Library/PrivateFrameworks/ContactsUICore.framework/Versions/A/ContactsUICore
0x00007ff91db0f000 	/System/Library/PrivateFrameworks/DataDetectors.framework/Versions/A/DataDetectors
0x00007ff830d2b000 	/System/Library/Frameworks/MediaLibrary.framework/Versions/A/MediaLibrary
0x00007ff82b654000 	/System/Library/PrivateFrameworks/PersonaKit.framework/Versions/A/PersonaKit
0x00007ff917ffa000 	/System/Library/PrivateFrameworks/PersonaUI.framework/Versions/A/PersonaUI
0x00007ffc28763000 	/System/Library/PrivateFrameworks/Stickers.framework/Versions/A/Stickers
0x00007ff9266d8000 	/System/Library/PrivateFrameworks/EmojiFoundation.framework/Versions/A/EmojiFoundation
0x00007ff82b2f4000 	/System/Library/PrivateFrameworks/AddressBookCore.framework/Versions/A/AddressBookCore
0x00007ff924adc000 	/System/Library/PrivateFrameworks/ToneKit.framework/Versions/A/ToneKit
0x00007ff91faf2000 	/System/Library/PrivateFrameworks/ToneLibrary.framework/Versions/A/ToneLibrary
0x00007ffb2449f000 	/System/Library/PrivateFrameworks/ContactsAccounts.framework/Versions/A/ContactsAccounts
0x00007ffb1b2a2000 	/System/Library/Frameworks/SwiftData.framework/Versions/A/SwiftData
0x00007ff92fa36000 	/System/Library/PrivateFrameworks/Transparency.framework/Versions/A/Transparency
0x00007ff83023e000 	/System/Library/PrivateFrameworks/CoreRecents.framework/Versions/A/CoreRecents
0x00007ffb1f2a3000 	/System/Library/PrivateFrameworks/AppIntentsServices.framework/Versions/A/AppIntentsServices
0x00007ffa1cce0000 	/System/Library/PrivateFrameworks/DiagnosticRequest.framework/Versions/A/DiagnosticRequest
0x00007ff9233e6000 	/System/Library/PrivateFrameworks/Lookup.framework/Versions/A/Lookup
0x00007ffb1a48e000 	/System/Library/Frameworks/QuickLookUI.framework/Versions/A/QuickLookUI
0x00007ffb1ae33000 	/System/Library/Frameworks/ScreenCaptureKit.framework/Versions/A/ScreenCaptureKit
0x00007ff9206dc000 	/System/Library/Frameworks/Quartz.framework/Versions/A/Frameworks/QuartzComposer.framework/Versions/A/QuartzComposer
0x00007ff91fa86000 	/System/Library/Frameworks/Quartz.framework/Versions/A/Frameworks/QuartzFilters.framework/Versions/A/QuartzFilters
0x00007ff91ead0000 	/System/Library/Frameworks/Quartz.framework/Versions/A/Frameworks/ImageKit.framework/Versions/A/ImageKit
0x00007ff91d272000 	/System/Library/PrivateFrameworks/CorePDF.framework/Versions/A/CorePDF
0x00007ff828653000 	/System/Library/Frameworks/QuickLook.framework/Versions/A/QuickLook
0x00007ff832976000 	/System/Library/PrivateFrameworks/DisplayServices.framework/Versions/A/DisplayServices
0x00007ff91f9ef000 	/System/Library/Frameworks/ImageCaptureCore.framework/Versions/A/ImageCaptureCore
0x00007ffc2f5dc000 	/System/Library/PrivateFrameworks/VisionKitCore.framework/Versions/A/VisionKitCore
0x00007ff91bc33000 	/System/Library/PrivateFrameworks/QuickLookSupport.framework/Versions/A/QuickLookSupport
0x00007ff91db0a000 	/System/Library/PrivateFrameworks/QuickLookNonBaseSystem.framework/Versions/A/QuickLookNonBaseSystem
0x00007ffa20fa4000 	/System/Library/Frameworks/ReplayKit.framework/Versions/A/ReplayKit
0x00007ffc28fc8000 	/System/Library/PrivateFrameworks/Symptoms.framework/Versions/A/Frameworks/SymptomPresentationFeed.framework/Versions/A/SymptomPresentationFeed
0x00007ffc28d48000 	/System/Library/PrivateFrameworks/SymptomShared.framework/Versions/A/SymptomShared
0x00007ff833897000 	/System/Library/PrivateFrameworks/MarkupUI.framework/Versions/A/MarkupUI
0x00007ff91dae5000 	/System/Library/PrivateFrameworks/SidecarCore.framework/Versions/A/SidecarCore
0x00007ff92058b000 	/System/Library/PrivateFrameworks/AnnotationKit.framework/Versions/A/AnnotationKit
0x00007ffb1c297000 	/System/Library/Frameworks/Translation.framework/Versions/A/Translation
0x00007ffc18810000 	/System/Library/PrivateFrameworks/MediaAnalysisServices.framework/Versions/A/MediaAnalysisServices
0x00007ffa18fab000 	/System/Library/PrivateFrameworks/RevealCore.framework/Versions/A/RevealCore
0x00007ffa18fa0000 	/System/Library/PrivateFrameworks/Reveal.framework/Versions/A/Reveal
0x00007ffc2c52f000 	/System/Library/PrivateFrameworks/TranslationUIServices.framework/Versions/A/TranslationUIServices
0x00007ff91ed31000 	/System/Library/Frameworks/PencilKit.framework/Versions/A/PencilKit
0x00007ff91eefc000 	/System/Library/PrivateFrameworks/SidecarUI.framework/Versions/A/SidecarUI
0x00007ff91e622000 	/System/Library/PrivateFrameworks/CoreHandwriting.framework/Versions/A/CoreHandwriting
0x00007ff8153fa000 	/usr/lib/libmecabra.dylib
0x00007ff918443000 	/System/Library/PrivateFrameworks/Calculate.framework/Versions/A/Calculate
0x00007ff824509000 	/usr/lib/libChineseTokenizer.dylib
0x00007ffa2f63d000 	/System/Library/PrivateFrameworks/ScreenReaderCore.framework/Versions/A/ScreenReaderCore
0x00007ffc28acb000 	/System/Library/PrivateFrameworks/StocksKit.framework/Versions/A/StocksKit
0x00007ff9170ef000 	/System/Library/PrivateFrameworks/OAuth.framework/Versions/A/OAuth
0x00007ffc287d1000 	/System/Library/PrivateFrameworks/StocksCore.framework/Versions/A/StocksCore
0x00007ffc295a7000 	/System/Library/PrivateFrameworks/TeaFoundation.framework/Versions/A/TeaFoundation
0x00007ffc29724000 	/System/Library/PrivateFrameworks/TeaSettings.framework/Versions/A/TeaSettings
0x00007ffa26fef000 	/System/Library/PrivateFrameworks/NewsCore.framework/Versions/A/NewsCore
0x00007ffc29562000 	/System/Library/PrivateFrameworks/TeaDB.framework/Versions/A/TeaDB
0x00007ffa243b8000 	/System/Library/PrivateFrameworks/RemoteConfiguration.framework/Versions/A/RemoteConfiguration
0x00007ffa26c32000 	/System/Library/PrivateFrameworks/NewsTransport.framework/Versions/A/NewsTransport
0x00007ffa26fe1000 	/System/Library/PrivateFrameworks/NewsFoundation.framework/Versions/A/NewsFoundation
0x00007ffc1abb2000 	/System/Library/PrivateFrameworks/NewsURLBucket.framework/Versions/A/NewsURLBucket
0x00007ff921fa8000 	/System/Library/PrivateFrameworks/MobileInstallation.framework/Versions/A/MobileInstallation
0x00007ff92adc7000 	/System/Library/PrivateFrameworks/MMCS.framework/Versions/A/MMCS
0x00007ff830b92000 	/System/Library/PrivateFrameworks/ChunkingLibrary.framework/Versions/A/ChunkingLibrary
0x00007ff82ab8d000 	/System/Library/PrivateFrameworks/AssetCacheServices.framework/Versions/A/AssetCacheServices
0x00007ff922355000 	/System/Library/PrivateFrameworks/PhotoLibraryServices.framework/Versions/A/PhotoLibraryServices
0x00007ff91f623000 	/System/Library/Frameworks/Photos.framework/Versions/A/Photos
0x00007ff93228f000 	/System/Library/PrivateFrameworks/PhotosFormats.framework/Versions/A/PhotosFormats
0x00007ff92f2ff000 	/System/Library/PrivateFrameworks/CloudPhotoLibrary.framework/Versions/A/CloudPhotoLibrary
0x00007ffa17702000 	/System/Library/PrivateFrameworks/CloudPhotoServices.framework/Versions/A/CloudPhotoServices
0x00007ff933f24000 	/System/Library/PrivateFrameworks/CoreMediaStream.framework/Versions/A/CoreMediaStream
0x00007ff82bffc000 	/System/Library/PrivateFrameworks/CPAnalytics.framework/Versions/A/CPAnalytics
0x00007ff9306f7000 	/System/Library/PrivateFrameworks/MediaConversionService.framework/Versions/A/MediaConversionService
0x00007ff832643000 	/System/Library/PrivateFrameworks/PhotoFoundation.framework/Versions/A/PhotoFoundation
0x00007ffc1da4a000 	/System/Library/PrivateFrameworks/PhotoLibraryServicesCore.framework/Versions/A/PhotoLibraryServicesCore
0x00007ff82cb0c000 	/System/Library/PrivateFrameworks/AVFoundationCF.framework/Versions/A/AVFoundationCF
0x00007ffa25dbd000 	/usr/lib/swift/libswiftDemangle.dylib
0x00007ff91dd8f000 	/System/Library/PrivateFrameworks/MediaStream.framework/Versions/A/MediaStream
0x00007ff930c4d000 	/System/Library/PrivateFrameworks/NeutrinoCore.framework/Versions/A/NeutrinoCore
0x00007ff81b415000 	/System/Library/PrivateFrameworks/NLP.framework/Versions/A/NLP
0x00007ffa1646e000 	/System/Library/PrivateFrameworks/PhotoImaging.framework/Versions/A/PhotoImaging
0x00007ffa176c2000 	/System/Library/PrivateFrameworks/PhotosImagingFoundation.framework/Versions/A/PhotosImagingFoundation
0x00007ffc1e4f8000 	/System/Library/PrivateFrameworks/PhotosIntelligenceCore.framework/Versions/A/PhotosIntelligenceCore
0x00007ff82cfa5000 	/System/Library/PrivateFrameworks/EmbeddedAcousticRecognition.framework/Versions/A/EmbeddedAcousticRecognition
0x00007ff92f566000 	/System/Library/PrivateFrameworks/SDAPI.framework/Versions/A/SDAPI
0x00007ffa1770f000 	/System/Library/PrivateFrameworks/AutoLoop.framework/Versions/A/AutoLoop
0x00007ffc1edd7000 	/System/Library/PrivateFrameworks/Portrait.framework/Versions/A/Portrait
0x00007ffb20674000 	/System/Library/PrivateFrameworks/AppleDepth.framework/Versions/A/AppleDepth
0x00007ffb2ab4d000 	/System/Library/PrivateFrameworks/FusionTracker.framework/Versions/A/FusionTracker
0x00007ffb207ad000 	/System/Library/PrivateFrameworks/AppleDepthCore.framework/Versions/A/AppleDepthCore
0x00007ff9201a2000 	/System/Library/PrivateFrameworks/iTunesCloud.framework/Versions/A/iTunesCloud
0x00007ff9285ed000 	/System/Library/PrivateFrameworks/DAAPKit.framework/Versions/A/DAAPKit
0x00007ffd19837000 	/usr/lib/swift/libswiftVideoToolbox.dylib
0x00007ffc2b761000 	/System/Library/PrivateFrameworks/TipKitCore.framework/Versions/A/TipKitCore
0x00007ff92675d000 	/System/Library/PrivateFrameworks/CoreCDPInternal.framework/Versions/A/CoreCDPInternal
0x00007ff91703d000 	/System/Library/PrivateFrameworks/AccountsDaemon.framework/Versions/A/AccountsDaemon
0x00007ffc200ad000 	/System/Library/PrivateFrameworks/RegulatoryDomain.framework/Versions/A/RegulatoryDomain
0x00007ffa1d3ad000 	/System/Library/PrivateFrameworks/MachineSettings.framework/Versions/A/MachineSettings
0x00007ff92ff9b000 	/System/Library/PrivateFrameworks/BezelServices.framework/Versions/A/BezelServices
0x00007ff928676000 	/System/Library/PrivateFrameworks/SPOwner.framework/Versions/A/SPOwner
0x00007ff921de9000 	/System/Library/PrivateFrameworks/FMCore.framework/Versions/A/FMCore
0x00007ffc33aaa000 	/System/Library/PrivateFrameworks/iCloudQuota.framework/Versions/A/iCloudQuota
0x00007ff917f6f000 	/System/Library/PrivateFrameworks/CoreRecognition.framework/Versions/A/CoreRecognition
0x00007ffc1c605000 	/System/Library/PrivateFrameworks/PassKitMacHelperTemp.framework/Versions/A/PassKitMacHelperTemp
0x00007ff93004b000 	/System/Library/PrivateFrameworks/InAppMessages.framework/Versions/A/InAppMessages
0x00007ffa2e4ca000 	/System/Library/PrivateFrameworks/JetUI.framework/Versions/A/JetUI
0x00007ffc15fc3000 	/System/Library/PrivateFrameworks/JetPack.framework/Versions/A/JetPack
0x00007ffa235ba000 	/System/Library/PrivateFrameworks/PassKitUIFoundation.framework/Versions/A/PassKitUIFoundation
0x00007ff832a6c000 	/System/Library/PrivateFrameworks/PassKitCore.framework/Versions/A/PassKitCore
0x00007ff91e371000 	/System/Library/PrivateFrameworks/BiometricKit.framework/Versions/A/BiometricKit
0x00007ffc20c4a000 	/System/Library/PrivateFrameworks/SEService.framework/Versions/A/SEService
0x00007ff9234f9000 	/System/Library/PrivateFrameworks/NearField.framework/Versions/A/NearField
0x00007ffd18c09000 	/usr/lib/libSESShared.dylib
0x00007ffc20dd0000 	/System/Library/PrivateFrameworks/STSXPCHelperClient.framework/Versions/A/STSXPCHelperClient
0x00007ff924d0a000 	/usr/lib/libnfshared.dylib
0x00007ff930043000 	/System/Library/PrivateFrameworks/InAppMessagesCore.framework/Versions/A/InAppMessagesCore
0x00007ffc33234000 	/System/Library/PrivateFrameworks/_JetEngine_SwiftUI.framework/Versions/A/_JetEngine_SwiftUI
0x00007ffc28ff0000 	/System/Library/PrivateFrameworks/Synapse.framework/Versions/A/Synapse
0x00007ffb22d3d000 	/System/Library/PrivateFrameworks/CSExattrCrypto.framework/Versions/A/CSExattrCrypto
0x00007ff832650000 	/System/Library/PrivateFrameworks/IMSharedUtilities.framework/Versions/A/IMSharedUtilities
0x00007ffb3320c000 	/System/Library/PrivateFrameworks/InputAnalytics.framework/Versions/A/InputAnalytics
0x00007ff92bcde000 	/System/Library/Frameworks/InstantMessage.framework/Versions/A/InstantMessage
0x00007ff924872000 	/System/Library/PrivateFrameworks/IDSKVStore.framework/Versions/A/IDSKVStore
0x00007ff9246b6000 	/System/Library/PrivateFrameworks/IMDPersistence.framework/Versions/A/IMDPersistence
0x00007ffd19736000 	/usr/lib/swift/libswiftAppleArchive.dylib
0x00007ffc2db87000 	/System/Library/PrivateFrameworks/UserSafety.framework/Versions/A/UserSafety
0x00007ff82a4cd000 	/System/Library/Frameworks/MapKit.framework/Versions/A/MapKit
0x00007ffa2299a000 	/System/Library/PrivateFrameworks/BlastDoor.framework/Versions/A/BlastDoor
0x00007ffc17f9f000 	/System/Library/PrivateFrameworks/ManagedSettingsObjC.framework/Versions/A/ManagedSettingsObjC
0x00007ffb1ae89000 	/System/Library/Frameworks/SensitiveContentAnalysis.framework/Versions/A/SensitiveContentAnalysis
0x00007ffb3097a000 	/System/Library/PrivateFrameworks/GeoAnalytics.framework/Versions/A/GeoAnalytics
0x00007ff924d3e000 	/System/Library/PrivateFrameworks/Navigation.framework/Versions/A/Navigation
0x00007ff92db3a000 	/System/Library/PrivateFrameworks/VectorKit.framework/Versions/A/VectorKit
0x00007ff917ed8000 	/System/Library/PrivateFrameworks/VirtualGarage.framework/Versions/A/VirtualGarage
0x00007ff924ecf000 	/System/Library/Frameworks/ExternalAccessory.framework/ExternalAccessory
0x00007ff924ee8000 	/System/Library/PrivateFrameworks/IAP.framework/Versions/A/IAP
0x00007ff82a78b000 	/System/Library/PrivateFrameworks/IOPlatformPluginFamily.framework/Versions/A/IOPlatformPluginFamily
0x00007ffc16d30000 	/System/Library/PrivateFrameworks/LinkPresentationStyleSheetParsing.framework/Versions/A/LinkPresentationStyleSheetParsing
0x00007ffb2a1f2000 	/System/Library/PrivateFrameworks/FeedbackService.framework/Versions/A/FeedbackService
0x00007ff91e13f000 	/System/Library/PrivateFrameworks/CoreSDB.framework/Versions/A/CoreSDB
0x00007ffb2131b000 	/System/Library/PrivateFrameworks/AskToCore.framework/Versions/A/AskToCore
0x00007ff9230ec000 	/System/Library/PrivateFrameworks/StoreFoundation.framework/Versions/A/StoreFoundation
0x00007ff921de3000 	/System/Library/PrivateFrameworks/ServerInformation.framework/Versions/A/ServerInformation
0x00007ff921860000 	/System/Library/PrivateFrameworks/Install.framework/Frameworks/DistributionKit.framework/Versions/A/DistributionKit
0x00007ff91b9f2000 	/System/Library/PrivateFrameworks/PackageKit.framework/Versions/A/PackageKit
0x00007ff921880000 	/System/Library/PrivateFrameworks/OSPersonalization.framework/Versions/A/OSPersonalization
0x00007ff9235bd000 	/System/Library/PrivateFrameworks/BridgeOSSoftwareUpdate.framework/Versions/A/BridgeOSSoftwareUpdate
0x00007ff91e55e000 	/System/Library/PrivateFrameworks/StorageManagement.framework/Versions/A/StorageManagement
0x00007ff9313f1000 	/usr/lib/libauthinstall.dylib
0x00007ff9235c5000 	/System/Library/PrivateFrameworks/InstallerDiagnostics.framework/Versions/A/InstallerDiagnostics
0x00007ff93199a000 	/usr/lib/libcrypto.42.dylib
0x00007ff9235ac000 	/System/Library/PrivateFrameworks/GPUInfo.framework/Versions/A/GPUInfo
0x00007ff93013b000 	/System/Library/PrivateFrameworks/MobileActivationMacOS.framework/Versions/A/MobileActivationMacOS
0x00007ffb166db000 	/System/Library/Frameworks/DataDetection.framework/Versions/A/DataDetection
0x00007ffd19756000 	/usr/lib/swift/libswiftDataDetection.dylib
0x00007ff82bfa5000 	/System/Library/PrivateFrameworks/GenerationalStorage.framework/Versions/A/GenerationalStorage
0x00007ff827176000 	/System/Library/PrivateFrameworks/CacheDelete.framework/Versions/A/CacheDelete
0x00007ff82f168000 	/System/Library/Frameworks/QuickLookThumbnailing.framework/Versions/A/QuickLookThumbnailing
0x00007ff82bddc000 	/System/Library/Frameworks/FileProvider.framework/Versions/A/FileProvider
0x00007ff8196d1000 	/System/Library/PrivateFrameworks/DesktopServicesPriv.framework/Versions/A/DesktopServicesPriv
0x00007ff81bb71000 	/System/Library/Frameworks/Accounts.framework/Versions/A/Accounts
0x00007ff92360c000 	/System/Library/PrivateFrameworks/AOSKit.framework/Versions/A/AOSKit
0x00007ff8247f3000 	/System/Library/PrivateFrameworks/AppSSOCore.framework/Versions/A/AppSSOCore
0x00007ff82e962000 	/System/Library/PrivateFrameworks/AppSupport.framework/Versions/A/AppSupport
0x00007ff91d611000 	/System/Library/Frameworks/AVFoundation.framework/Versions/A/AVFoundation
0x00007ff82f098000 	/System/Library/PrivateFrameworks/DuetActivityScheduler.framework/Versions/A/DuetActivityScheduler
0x00007ff91e0e7000 	/System/Library/PrivateFrameworks/FTServices.framework/Versions/A/FTServices
0x00007ff92f1b5000 	/System/Library/PrivateFrameworks/NetworkServiceProxy.framework/Versions/A/NetworkServiceProxy
0x00007ff82cee7000 	/System/Library/PrivateFrameworks/Rapport.framework/Versions/A/Rapport
0x00007ffc28d57000 	/System/Library/PrivateFrameworks/Symptoms.framework/Versions/A/Frameworks/SymptomAnalytics.framework/Versions/A/SymptomAnalytics
0x00007ff82a7f9000 	/usr/lib/libnetworkextension.dylib
0x00007ff82b7e6000 	/System/Library/PrivateFrameworks/SymptomDiagnosticReporter.framework/Versions/A/SymptomDiagnosticReporter
0x00007ffa2339a000 	/System/Library/Frameworks/CryptoKit.framework/Versions/A/CryptoKit
0x00007ff82f037000 	/System/Library/PrivateFrameworks/CryptoKitCBridging.framework/Versions/A/CryptoKitCBridging
0x00007ff82ca2d000 	/System/Library/Frameworks/CryptoTokenKit.framework/Versions/A/CryptoTokenKit
0x00007ffa17c95000 	/usr/lib/swift/libswiftCryptoTokenKit.dylib
0x00007ff82ca8d000 	/System/Library/Frameworks/LocalAuthentication.framework/Versions/A/LocalAuthentication
0x00007ffc16eec000 	/System/Library/PrivateFrameworks/LocalAuthenticationCore.framework/Versions/A/LocalAuthenticationCore
0x00007ff82cadc000 	/System/Library/Frameworks/LocalAuthentication.framework/Support/SharedUtils.framework/Versions/A/SharedUtils
0x00007ff81e318000 	/System/Library/PrivateFrameworks/ApplePushService.framework/Versions/A/ApplePushService
0x00007ff91d82f000 	/System/Library/PrivateFrameworks/FindMyDevice.framework/Versions/A/FindMyDevice
0x00007ff81bbf5000 	/System/Library/PrivateFrameworks/CommonUtilities.framework/Versions/A/CommonUtilities
0x00007ff932da6000 	/System/Library/PrivateFrameworks/DeviceIdentity.framework/Versions/A/DeviceIdentity
0x00007ff824f20000 	/System/Library/PrivateFrameworks/Bom.framework/Versions/A/Bom
0x00007ff826ce3000 	/usr/lib/libParallelCompression.dylib
0x00007ffd18979000 	/usr/lib/libAppleArchive.dylib
0x00007ff826cd6000 	/System/Library/PrivateFrameworks/MultiverseSupport.framework/Versions/A/MultiverseSupport
0x00007ff832a50000 	/System/Library/PrivateFrameworks/FMCoreLite.framework/Versions/A/FMCoreLite
0x00007ff82290a000 	/System/Library/PrivateFrameworks/AuthKit.framework/Versions/A/AuthKit
0x00007ff82b906000 	/System/Library/PrivateFrameworks/DiskManagement.framework/Versions/A/DiskManagement
0x00007ff82b822000 	/System/Library/PrivateFrameworks/AppleIDAuthSupport.framework/Versions/A/AppleIDAuthSupport
0x00007ffb1d272000 	/System/Library/PrivateFrameworks/AAAFoundation.framework/Versions/A/AAAFoundation
0x00007ff8271c5000 	/System/Library/PrivateFrameworks/KeychainCircle.framework/Versions/A/KeychainCircle
0x00007ff918912000 	/System/Library/PrivateFrameworks/URLFormatting.framework/Versions/A/URLFormatting
0x00007ff82e8ce000 	/usr/lib/libcsfde.dylib
0x00007ff824984000 	/usr/lib/libCoreStorage.dylib
0x00007ff8285ca000 	/System/Library/PrivateFrameworks/ProtectedCloudStorage.framework/Versions/A/ProtectedCloudStorage
0x00007ff82e8ca000 	/System/Library/PrivateFrameworks/EFILogin.framework/Versions/A/EFILogin
0x00007ff9176c2000 	/System/Library/PrivateFrameworks/CloudServices.framework/Versions/A/CloudServices
0x00007ff82bfce000 	/System/Library/PrivateFrameworks/OctagonTrust.framework/Versions/A/OctagonTrust
0x00007ff82c646000 	/System/Library/PrivateFrameworks/AVFCore.framework/Versions/A/AVFCore
0x00007ff916117000 	/System/Library/PrivateFrameworks/AVFCapture.framework/Versions/A/AVFCapture
0x00007ffb22b3f000 	/System/Library/PrivateFrameworks/CMImaging.framework/Versions/A/CMImaging
0x00007ff91632e000 	/System/Library/PrivateFrameworks/Quagga.framework/Versions/A/Quagga
0x00007ff91645f000 	/System/Library/PrivateFrameworks/CMCapture.framework/Versions/A/CMCapture
0x00007ff826db3000 	/System/Library/Frameworks/CoreMediaIO.framework/Versions/A/CoreMediaIO
0x00007ff82f1af000 	/System/Library/PrivateFrameworks/Espresso.framework/Versions/A/Espresso
0x00007ffa2f9b7000 	/System/Library/PrivateFrameworks/ANECompiler.framework/Versions/A/ANECompiler
0x00007ff831298000 	/System/Library/PrivateFrameworks/AppleNeuralEngine.framework/Versions/A/AppleNeuralEngine
0x00007ffb18697000 	/System/Library/Frameworks/MetalPerformanceShadersGraph.framework/Versions/A/MetalPerformanceShadersGraph
0x00007ffc1794a000 	/System/Library/PrivateFrameworks/MLCompilerServices.framework/Versions/A/MLCompilerServices
0x00007ff83018a000 	/System/Library/PrivateFrameworks/ANEServices.framework/Versions/A/ANEServices
0x00007ff923400000 	/usr/lib/libncurses.5.4.dylib
0x00007ff817f90000 	/usr/lib/libsandbox.1.dylib
0x00007ff82497c000 	/usr/lib/libMatch.1.dylib
0x00007ffc178e9000 	/System/Library/PrivateFrameworks/MLCompilerRuntime.framework/Versions/A/MLCompilerRuntime
0x00007ffb23610000 	/System/Library/PrivateFrameworks/CinematicFraming.framework/Versions/A/CinematicFraming
0x00007ff91d274000 	/System/Library/Frameworks/CoreMotion.framework/Versions/A/CoreMotion
0x00007ff92bd91000 	/System/Library/PrivateFrameworks/TimeSync.framework/Versions/A/TimeSync
0x00007ffb286e0000 	/System/Library/PrivateFrameworks/DistributedSensing.framework/Versions/A/DistributedSensing
0x00007ff927a55000 	/System/Library/PrivateFrameworks/MobileBluetooth.framework/Versions/A/MobileBluetooth
0x00007ff826987000 	/System/Library/PrivateFrameworks/LocationSupport.framework/Versions/A/LocationSupport
0x00007ff92d766000 	/System/Library/PrivateFrameworks/IOKitten.framework/Versions/A/IOKitten
0x00007ff819947000 	/System/Library/PrivateFrameworks/CoreDuet.framework/Versions/A/CoreDuet
0x00007ff82dc17000 	/System/Library/PrivateFrameworks/CoreDuetContext.framework/Versions/A/CoreDuetContext
0x00007ffb21980000 	/System/Library/PrivateFrameworks/BiomeLibrary.framework/Versions/A/BiomeLibrary
0x00007ff9317fa000 	/System/Library/PrivateFrameworks/BiomePubSub.framework/Versions/A/BiomePubSub
0x00007ff81e379000 	/System/Library/Frameworks/CloudKit.framework/Versions/A/CloudKit
0x00007ff82dc6b000 	/System/Library/Frameworks/Intents.framework/Versions/A/Intents
0x00007ff830322000 	/System/Library/PrivateFrameworks/CoreDuetDaemonProtocol.framework/Versions/A/CoreDuetDaemonProtocol
0x00007ff8301b5000 	/System/Library/PrivateFrameworks/ProactiveSupport.framework/Versions/A/ProactiveSupport
0x00007ff92be0c000 	/System/Library/PrivateFrameworks/BiomeStreams.framework/Versions/A/BiomeStreams
0x00007ff931859000 	/System/Library/PrivateFrameworks/BiomeStorage.framework/Versions/A/BiomeStorage
0x00007ff92859f000 	/System/Library/PrivateFrameworks/BiomeFoundation.framework/Versions/A/BiomeFoundation
0x00007ffc15b76000 	/System/Library/PrivateFrameworks/IntelligencePlatformLibrary.framework/Versions/A/IntelligencePlatformLibrary
0x00007ffc1ed48000 	/System/Library/PrivateFrameworks/PoirotSchematizer.framework/Versions/A/PoirotSchematizer
0x00007ffb2201c000 	/System/Library/PrivateFrameworks/BiomeSync.framework/Versions/A/BiomeSync
0x00007ffb21961000 	/System/Library/PrivateFrameworks/BiomeFlexibleStorage.framework/Versions/A/BiomeFlexibleStorage
0x00007ffb21947000 	/System/Library/PrivateFrameworks/BiomeDSL.framework/Versions/A/BiomeDSL
0x00007ffc1edb9000 	/System/Library/PrivateFrameworks/PoirotUDFs.framework/Versions/A/PoirotUDFs
0x00007ffc1ed1f000 	/System/Library/PrivateFrameworks/PoirotSQLite.framework/Versions/A/PoirotSQLite
0x00007ff82ec4b000 	/System/Library/PrivateFrameworks/InternationalTextSearch.framework/Versions/A/InternationalTextSearch
0x00007ffb23278000 	/System/Library/PrivateFrameworks/CascadeSets.framework/Versions/A/CascadeSets
0x00007ffb1af39000 	/System/Library/Frameworks/SharedWithYouCore.framework/Versions/A/SharedWithYouCore
0x00007ff82ed13000 	/System/Library/PrivateFrameworks/AppleAccount.framework/Versions/A/AppleAccount
0x00007ff82f113000 	/System/Library/PrivateFrameworks/C2.framework/Versions/A/C2
0x00007ff81fa57000 	/System/Library/Frameworks/CoreLocation.framework/Versions/A/CoreLocation
0x00007ffb238cd000 	/System/Library/PrivateFrameworks/CloudAssets.framework/Versions/A/CloudAssets
0x00007ff82f10b000 	/System/Library/Frameworks/PushKit.framework/Versions/A/PushKit
0x00007ffa1973c000 	/usr/lib/swift/libswiftAVFoundation.dylib
0x00007ff91e5b3000 	/usr/lib/swift/libswiftCoreAudio.dylib
0x00007ff92465f000 	/usr/lib/swift/libswiftCoreLocation.dylib
0x00007ff924671000 	/usr/lib/swift/libswiftCoreMIDI.dylib
0x00007ffa17c97000 	/usr/lib/swift/libswiftCoreMedia.dylib
0x00007ff82817d000 	/System/Library/PrivateFrameworks/Sharing.framework/Versions/A/Sharing
0x00007ff82e2d5000 	/System/Library/PrivateFrameworks/Apple80211.framework/Versions/A/Apple80211
0x00007ff821d8d000 	/System/Library/Frameworks/CoreWLAN.framework/Versions/A/CoreWLAN
0x00007ff8323cd000 	/System/Library/PrivateFrameworks/AssistantServices.framework/Versions/A/AssistantServices
0x00007ff82cccf000 	/System/Library/PrivateFrameworks/SAObjects.framework/Versions/A/SAObjects
0x00007ff83200a000 	/System/Library/PrivateFrameworks/MediaRemote.framework/Versions/A/MediaRemote
0x00007ff923949000 	/System/Library/PrivateFrameworks/SiriInstrumentation.framework/Versions/A/SiriInstrumentation
0x00007ffc21ec3000 	/System/Library/PrivateFrameworks/SiriAnalytics.framework/Versions/A/SiriAnalytics
0x00007ffc26bd8000 	/System/Library/PrivateFrameworks/SiriTTSService.framework/Versions/A/SiriTTSService
0x00007ffc226fa000 	/System/Library/PrivateFrameworks/SiriCrossDeviceArbitration.framework/Versions/A/SiriCrossDeviceArbitration
0x00007ff92166d000 	/System/Library/PrivateFrameworks/FeedbackLogger.framework/Versions/A/FeedbackLogger
0x00007ffc22747000 	/System/Library/PrivateFrameworks/SiriCrossDeviceArbitrationFeedback.framework/Versions/A/SiriCrossDeviceArbitrationFeedback
0x00007ffb308a2000 	/System/Library/PrivateFrameworks/GenerativeModels.framework/Versions/A/GenerativeModels
0x00007ff917d9b000 	/System/Library/PrivateFrameworks/MediaServices.framework/Versions/A/MediaServices
0x00007ff827cfe000 	/System/Library/PrivateFrameworks/IDS.framework/Versions/A/IDS
0x00007ff824bef000 	/System/Library/PrivateFrameworks/PersistentConnection.framework/Versions/A/PersistentConnection
0x00007ff826913000 	/System/Library/PrivateFrameworks/IMFoundation.framework/Versions/A/IMFoundation
0x00007ff917f22000 	/System/Library/PrivateFrameworks/Marco.framework/Versions/A/Marco
0x00007ff827ece000 	/System/Library/PrivateFrameworks/IDSFoundation.framework/Versions/A/IDSFoundation
0x00007ff8338c0000 	/System/Library/PrivateFrameworks/Engram.framework/Versions/A/Engram
0x00007ff833866000 	/usr/lib/libtidy.A.dylib
0x00007ff92b8e9000 	/System/Library/PrivateFrameworks/FTAWD.framework/Versions/A/FTAWD
0x00007ff828844000 	/System/Library/PrivateFrameworks/GeoServices.framework/Versions/A/GeoServices
0x00007ffb30a77000 	/System/Library/PrivateFrameworks/GeoServicesCore.framework/Versions/A/GeoServicesCore
0x00007ff918911000 	/System/Library/PrivateFrameworks/PhoneNumbers.framework/Versions/A/PhoneNumbers
0x00007ffb28202000 	/System/Library/PrivateFrameworks/Dendrite.framework/Versions/A/Dendrite
0x00007ffb2142c000 	/System/Library/PrivateFrameworks/AtomicsInternal.framework/Versions/A/AtomicsInternal
0x00007ff925430000 	/usr/lib/libtailspin.dylib
0x00007ffa1781a000 	/System/Library/PrivateFrameworks/Osprey.framework/Versions/A/Osprey
0x00007ffc26207000 	/System/Library/PrivateFrameworks/SiriTTS.framework/Versions/A/SiriTTS
0x00007ff91e1fc000 	/System/Library/Frameworks/NaturalLanguage.framework/Versions/A/NaturalLanguage
0x00007ffc2523b000 	/System/Library/PrivateFrameworks/SiriPowerInstrumentation.framework/Versions/A/SiriPowerInstrumentation
0x00007ff91f075000 	/System/Library/PrivateFrameworks/Trial.framework/Versions/A/Trial
0x00007ff91effa000 	/System/Library/PrivateFrameworks/TrialProto.framework/Versions/A/TrialProto
0x00007ffa2789c000 	/usr/lib/swift/libswiftNaturalLanguage.dylib
0x00007ffc29560000 	/System/Library/PrivateFrameworks/TailspinSymbolication.framework/Versions/A/TailspinSymbolication
0x00007ffb27f8e000 	/System/Library/PrivateFrameworks/Darwinup.framework/Versions/A/Darwinup
0x00007ff93075f000 	/System/Library/PrivateFrameworks/SignpostSupport.framework/Versions/A/SignpostSupport
0x00007ff91e0cc000 	/System/Library/PrivateFrameworks/FeatureFlagsSupport.framework/Versions/A/FeatureFlagsSupport
0x00007ff92feaf000 	/System/Library/PrivateFrameworks/ktrace.framework/Versions/A/ktrace
0x00007ff930a00000 	/System/Library/PrivateFrameworks/SampleAnalysis.framework/Versions/A/SampleAnalysis
0x00007ffa18f73000 	/System/Library/PrivateFrameworks/kperfdata.framework/Versions/A/kperfdata
0x00007ff828764000 	/usr/lib/libdscsym.dylib
0x00007ffa19481000 	/System/Library/PrivateFrameworks/BulkSymbolication.framework/Versions/A/BulkSymbolication
0x00007ff81e803000 	/System/Library/Frameworks/CoreML.framework/Versions/A/CoreML
0x00007ffa25d8b000 	/usr/lib/libedit.3.dylib
0x00007ff822475000 	/System/Library/Frameworks/MLCompute.framework/Versions/A/MLCompute
0x00007ffc177b6000 	/System/Library/PrivateFrameworks/MLAssetIO.framework/Versions/A/MLAssetIO
0x00007ffd19778000 	/usr/lib/swift/libswiftMLCompute.dylib
0x00007ff8164e1000 	/System/Library/PrivateFrameworks/LanguageModeling.framework/Versions/A/LanguageModeling
0x00007ff81b188000 	/System/Library/PrivateFrameworks/Montreal.framework/Versions/A/Montreal
0x00007ff822db5000 	/usr/lib/libcmph.dylib
0x00007ffb3091c000 	/System/Library/PrivateFrameworks/GenerativeModelsFoundation.framework/Versions/A/GenerativeModelsFoundation
0x00007ffc2ba41000 	/System/Library/PrivateFrameworks/TokenGeneration.framework/Versions/A/TokenGeneration
0x00007ffb30793000 	/System/Library/PrivateFrameworks/GenerativeFunctions.framework/Versions/A/GenerativeFunctions
0x00007ffb307d7000 	/System/Library/PrivateFrameworks/GenerativeFunctionsFoundation.framework/Versions/A/GenerativeFunctionsFoundation
0x00007ffc1973b000 	/System/Library/PrivateFrameworks/ModelCatalog.framework/Versions/A/ModelCatalog
0x00007ffc217e3000 	/System/Library/PrivateFrameworks/SensitiveContentAnalysisML.framework/Versions/A/SensitiveContentAnalysisML
0x00007ffb30835000 	/System/Library/PrivateFrameworks/GenerativeFunctionsInstrumentation.framework/Versions/A/GenerativeFunctionsInstrumentation
0x00007ffc1faf6000 	/System/Library/PrivateFrameworks/PromptKit.framework/Versions/A/PromptKit
0x00007ffc1f75d000 	/System/Library/PrivateFrameworks/ProactiveDaemonSupport.framework/Versions/A/ProactiveDaemonSupport
0x00007ffc2bbad000 	/System/Library/PrivateFrameworks/TokenGenerationCore.framework/Versions/A/TokenGenerationCore
0x00007ffc2eae0000 	/System/Library/PrivateFrameworks/VectorSearch.framework/Versions/A/VectorSearch
0x00007ffd19814000 	/usr/lib/swift/libswiftSynchronization.dylib
0x00007ffc198d0000 	/System/Library/PrivateFrameworks/ModelManagerServices.framework/Versions/A/ModelManagerServices
0x00007ff91830e000 	/System/Library/PrivateFrameworks/ProactiveEventTracker.framework/Versions/A/ProactiveEventTracker
0x00007ffc2d495000 	/System/Library/PrivateFrameworks/UnifiedAssetFramework.framework/Versions/A/UnifiedAssetFramework
0x00007ffb20880000 	/System/Library/PrivateFrameworks/AppleFlatBuffers.framework/Versions/A/AppleFlatBuffers
0x00007ffb1d28a000 	/System/Library/PrivateFrameworks/AAAFoundationSwift.framework/Versions/A/AAAFoundationSwift
0x00007ff82eea1000 	/System/Library/PrivateFrameworks/AppleIDSSOAuthentication.framework/Versions/A/AppleIDSSOAuthentication
0x00007ff92b0b9000 	/usr/lib/swift/libswiftCompression.dylib
0x00007ffc21998000 	/System/Library/PrivateFrameworks/SentencePieceInternal.framework/Versions/A/SentencePieceInternal
0x00007ff82ac20000 	/System/Library/Frameworks/Vision.framework/Versions/A/Vision
0x00007ffb27ac5000 	/System/Library/PrivateFrameworks/CoreSceneUnderstanding.framework/Versions/A/CoreSceneUnderstanding
0x00007ffc2f591000 	/System/Library/PrivateFrameworks/VisionCore.framework/Versions/A/VisionCore
0x00007ff926831000 	/System/Library/Frameworks/Vision.framework/libfaceCore.dylib
0x00007ff927514000 	/System/Library/PrivateFrameworks/Futhark.framework/Versions/A/Futhark
0x00007ff92ae75000 	/System/Library/PrivateFrameworks/InertiaCam.framework/Versions/A/InertiaCam
0x00007ff9272bf000 	/System/Library/PrivateFrameworks/TextRecognition.framework/Versions/A/TextRecognition
0x00007ff824812000 	/System/Library/PrivateFrameworks/CVNLP.framework/Versions/A/CVNLP
0x00007ffb2fa6e000 	/System/Library/PrivateFrameworks/GRDBInternal.framework/Versions/A/GRDBInternal
0x00007ff831048000 	/System/Library/PrivateFrameworks/RTCReporting.framework/Versions/A/RTCReporting
0x00007ff82f0fb000 	/System/Library/PrivateFrameworks/IntentsFoundation.framework/Versions/A/IntentsFoundation
0x00007ffb27df1000 	/System/Library/PrivateFrameworks/CryptoKitPrivate.framework/Versions/A/CryptoKitPrivate
0x00007ff827a54000 	/System/Library/Frameworks/NetworkExtension.framework/Versions/A/NetworkExtension
0x00007ff922f8d000 	/System/Library/PrivateFrameworks/CaptiveNetwork.framework/Versions/A/CaptiveNetwork
0x00007ff82e7d6000 	/System/Library/PrivateFrameworks/EAP8021X.framework/Versions/A/EAP8021X
0x00007ffd1976b000 	/usr/lib/swift/libswiftFileProvider.dylib
0x00007ff9309ce000 	/System/Library/PrivateFrameworks/UIKitServices.framework/Versions/A/UIKitServices
0x000000017f1c6000 	/System/Library/Extensions/AGXMetal13_3.bundle/Contents/MacOS/AGXMetal13_3
0x00007ff91770a000 	/System/Library/PrivateFrameworks/IOGPU.framework/Versions/A/IOGPU
0x000000017242b000 	/Applications/Apache NetBeans.app/Contents/Home/lib/libosxui.dylib
0x00007ffc29a2f000 	/System/Library/PrivateFrameworks/TextInputUI.framework/Versions/A/TextInputUI
0x00007ffc29a4b000 	/System/Library/PrivateFrameworks/TextInputUIMacHelper.framework/Versions/A/TextInputUIMacHelper
0x00007ffc20eda000 	/System/Library/PrivateFrameworks/Sage.framework/Versions/A/Sage


VM Arguments:
jvm_args: --enable-preview -agentlib:jdwp=transport=dt_socket,server=n,address=65238 
java_command: com.mycompany.javacheckers.Checkers
java_class_path (initial): /Users/robertpalmer/Desktop/Coding/Java/JavaCheckers/target/classes:/Users/robertpalmer/.m2/repository/commons-lang/commons-lang/2.6/commons-lang-2.6.jar
Launcher Type: SUN_STANDARD

[Global flags]
     intx CICompilerCount                          = 4                                         {product} {ergonomic}
     uint ConcGCThreads                            = 2                                         {product} {ergonomic}
     uint G1ConcRefinementThreads                  = 8                                         {product} {ergonomic}
   size_t G1HeapRegionSize                         = 1048576                                   {product} {ergonomic}
    uintx GCDrainStackTargetSize                   = 64                                        {product} {ergonomic}
   size_t InitialHeapSize                          = 134217728                                 {product} {ergonomic}
   size_t MarkStackSize                            = 4194304                                   {product} {ergonomic}
   size_t MaxHeapSize                              = 2147483648                                {product} {ergonomic}
   size_t MaxNewSize                               = 1287651328                                {product} {ergonomic}
   size_t MinHeapDeltaBytes                        = 1048576                                   {product} {ergonomic}
   size_t MinHeapSize                              = 8388608                                   {product} {ergonomic}
    uintx NonNMethodCodeHeapSize                   = 5839372                                {pd product} {ergonomic}
    uintx NonProfiledCodeHeapSize                  = 122909434                              {pd product} {ergonomic}
    uintx ProfiledCodeHeapSize                     = 122909434                              {pd product} {ergonomic}
    uintx ReservedCodeCacheSize                    = 251658240                              {pd product} {ergonomic}
     bool SegmentedCodeCache                       = true                                      {product} {ergonomic}
   size_t SoftMaxHeapSize                          = 2147483648                             {manageable} {ergonomic}
     bool UseCompressedOops                        = true                           {product lp64_product} {ergonomic}
     bool UseG1GC                                  = true                                      {product} {ergonomic}
     bool UseNUMA                                  = false                                     {product} {ergonomic}
     bool UseNUMAInterleaving                      = false                                     {product} {ergonomic}

Logging:
Log output configuration:
 #0: stdout all=warning uptime,level,tags foldmultilines=false
 #1: stderr all=off uptime,level,tags foldmultilines=false

Environment Variables:
JAVA_HOME=/Applications/Apache NetBeans.app/Contents/Home
PATH=/usr/bin:/bin:/usr/sbin:/sbin
SHELL=/bin/zsh
LC_CTYPE=UTF-8
TMPDIR=/var/folders/gl/y60l7cg13q5fbnqg8ytjy1_80000gn/T/

Active Locale:
LC_ALL=C/UTF-8/C/C/C/C
LC_COLLATE=C
LC_CTYPE=UTF-8
LC_MESSAGES=C
LC_MONETARY=C
LC_NUMERIC=C
LC_TIME=C

Signal Handlers:
   SIGSEGV: crash_handler in libjvm.dylib, mask=11100110100111111111111111111111, flags=SA_ONSTACK|SA_RESTART|SA_SIGINFO, unblocked
    SIGBUS: crash_handler in libjvm.dylib, mask=11100110100111111111111111111111, flags=SA_RESTART|SA_SIGINFO, unblocked
    SIGFPE: crash_handler in libjvm.dylib, mask=11100110100111111111111111111111, flags=SA_RESTART|SA_SIGINFO, unblocked
   SIGPIPE: javaSignalHandler in libjvm.dylib, mask=11100110100111111111111111111111, flags=SA_RESTART|SA_SIGINFO, blocked
   SIGXFSZ: javaSignalHandler in libjvm.dylib, mask=11100110100111111111111111111111, flags=SA_RESTART|SA_SIGINFO, blocked
    SIGILL: crash_handler in libjvm.dylib, mask=11100110100111111111111111111111, flags=SA_RESTART|SA_SIGINFO, unblocked
   SIGUSR2: SR_handler in libjvm.dylib, mask=00000000000000000000000000000000, flags=SA_RESTART|SA_SIGINFO, blocked
    SIGHUP: UserHandler in libjvm.dylib, mask=11100110100111111111111111111111, flags=SA_RESTART|SA_SIGINFO, blocked
    SIGINT: SIG_IGN, mask=11111111011111110111111111111111, flags=none, blocked
   SIGTERM: UserHandler in libjvm.dylib, mask=11100110100111111111111111111111, flags=SA_RESTART|SA_SIGINFO, blocked
   SIGQUIT: UserHandler in libjvm.dylib, mask=11100110100111111111111111111111, flags=SA_RESTART|SA_SIGINFO, blocked
   SIGTRAP: crash_handler in libjvm.dylib, mask=11100110100111111111111111111111, flags=SA_RESTART|SA_SIGINFO, unblocked


Periodic native trim disabled

---------------  S Y S T E M  ---------------

OS:
uname: Darwin 24.2.0 Darwin Kernel Version 24.2.0: Fri Dec  6 18:40:14 PST 2024; root:xnu-11215.61.5~2/RELEASE_ARM64_T8103 x86_64
OS uptime: 29 days 10:47 hours
rlimit (soft/hard): STACK 8176k/65520k , CORE 0k/infinity , NPROC 1333/2000 , NOFILE 10240/infinity , AS infinity/infinity , CPU infinity/infinity , DATA infinity/infinity , FSIZE infinity/infinity , MEMLOCK infinity/infinity , RSS infinity/infinity
load average: 37.80 13.12 8.00

CPU: (EMULATED) total 8 (initial active 8) (1 cores per cpu, 1 threads per core) family 6 model 44 stepping 0 microcode 0x0, cx8, cmov, fxsr, mmx, sse, sse2, sse3, ssse3, sse4.1, sse4.2, popcnt, tsc, tscinvbit, aes, clmul, clflush, rdtscp
machdep.cpu.brand_string:Apple M1
hw.cpufrequency:2400000000
hw.cpufrequency_min:2400000000
hw.cpufrequency_max:2400000000
hw.cachelinesize:64
hw.l1icachesize:131072
hw.l1dcachesize:65536
hw.l2cachesize:4194304

Memory: 4k page, physical 8388608k(40276k free), swap 6291456k(877120k free)

vm_info: OpenJDK 64-Bit Server VM (21.0.2+13-LTS) for bsd-amd64 JRE (21.0.2+13-LTS) (Zulu21.32+17-CA), built on 2024-01-09T19:41:02Z by "tester" with clang Apple LLVM 14.0.3 (clang-1403.0.22.14.1)

END.
