#
# A fatal error has been detected by the Java Runtime Environment:
#
#  SIGSEGV (0xb) at pc=0x00007ff80b7ec082, pid=7632, tid=93383
#
# JRE version: OpenJDK Runtime Environment Zulu21.32+17-CA (21.0.2+13) (build 21.0.2+13-LTS)
# Java VM: OpenJDK 64-Bit Server VM Zulu21.32+17-CA (21.0.2+13-LTS, mixed mode, sharing, tiered, compressed oops, compressed class ptrs, g1 gc, bsd-amd64)
# Problematic frame:
# C  [CoreVideo+0x2082]  CVHWTime::reset()+0x2e
#
# No core dump will be written. Core dumps have been disabled. To enable core dumping, try "ulimit -c unlimited" before starting Java again
#
# If you would like to submit a bug report, please visit:
#   http://www.azul.com/support/
#

---------------  S U M M A R Y ------------

Command Line: --enable-preview -agentlib:jdwp=transport=dt_socket,server=n,address=50042 com.mycompany.javacheckers.Checkers

Host: "MacBookAir10,1" x86_64 (EMULATED) 2400 MHz, 8 cores, 8G, Darwin 24.3.0, macOS 15.3.2 (24D81)
Time: Tue Mar 18 09:41:01 2025 EDT elapsed time: 1368.939186 seconds (0d 0h 22m 48s)

---------------  T H R E A D  ---------------

Current thread is native thread

Stack: [0x000000030a813000,0x000000030a893000],  sp=0x000000030a892df0,  free space=511k
Native frames: (J=compiled Java code, j=interpreted, Vv=VM code, C=native code)
C  [CoreVideo+0x2082]  CVHWTime::reset()+0x2e
C  [CoreVideo+0x29f0]  CVXTime::reset()+0x2c
C  [CoreVideo+0x2722]  CVDisplayLink::runIOThread()+0xba
C  [libsystem_pthread.dylib+0x6253]  _pthread_start+0x63
C  [libsystem_pthread.dylib+0x1bef]  thread_start+0xf

siginfo: si_signo: 11 (SIGSEGV), si_code: 1 (SEGV_MAPERR), si_addr: 0x00000000000001f7

Registers:
RAX=0x000000000000002f, RBX=0x00006000024e9a48, RCX=0x0000000000000000, RDX=0x00006000024e9a48
RSP=0x000000030a892df0, RBP=0x000000030a892e00, RSI=0x00007ff80b803444, RDI=0x00007ff844d6da00
R8 =0x00000000000120a8, R9 =0x0000040000000502, R10=0x0000000000050728, R11=0x0000000000000000
R12=0x0000000000000000, R13=0x0000000000000000, R14=0x0000000000000000, R15=0x0000000000000000
RIP=0x00007ff80b7ec082, EFLAGS=0x0000000000000202, ERR=0x0000000000000004
  TRAPNO=0x000000000000000e


Top of Stack: (sp=0x000000030a892df0)
0x000000030a892df0:   00006000024e9a40 0000000000000000
0x000000030a892e00:   000000030a892e20 00007ff80b7ec9f0
0x000000030a892e10:   00007f906e9c2020 0000000000016cc7
0x000000030a892e20:   000000030a892fb0 00007ff80b7ec722
0x000000030a892e30:   0000000000000017 0000000000000000
0x000000030a892e40:   0000000000000000 0000000000000000
0x000000030a892e50:   0000000000000000 0000000000000000
0x000000030a892e60:   0000000000000000 0000000000000000
0x000000030a892e70:   0000000000000000 0000000000000000
0x000000030a892e80:   0000000000000000 00007f906e9c2038
0x000000030a892e90:   0000000000000000 0000000203404410
0x000000030a892ea0:   00001dd000000000 000001f500001dbc
0x000000030a892eb0:   000001f500000014 000001f500000014
0x000000030a892ec0:   0000000000000014 65686e006176616a
0x000000030a892ed0:   000000007265706c 65686e006176616a
0x000000030a892ee0:   000000007265706c 0000000000000000
0x000000030a892ef0:   0000000000000000 00000b5800000019
0x000000030a892f00:   ffffffff00000001 0000000000000000
0x000000030a892f10:   0000000067d8d645 0000000000097176
0x000000030a892f20:   00000009c5088000 0000000007ac2000
0x000000030a892f30:   000000077b8153e5 00000001c76b3581
0x000000030a892f40:   0000000727426a5b 000000016ec3fb07
0x000000030a892f50:   000bb28000000001 000012fd00000366
0x000000030a892f60:   007f4e13006ce7f8 0719b0dd0d2dcf74
0x000000030a892f70:   0000002e0237e4aa 0000001f00000005
0x000000030a892f80:   92aa031bd70300a1 000000030a893000
0x000000030a892f90:   0000000000000000 0000000000000000
0x000000030a892fa0:   0000000000000000 0000000000000000
0x000000030a892fb0:   000000030a892fd0 00007ff801b94253
0x000000030a892fc0:   0000000000000000 0000000000000000
0x000000030a892fd0:   000000030a892ff0 00007ff801b8fbef
0x000000030a892fe0:   0000000000000000 00007ff7ffbfc8f0 

Instructions: (pc=0x00007ff80b7ec082)
0x00007ff80b7ebf82:   02 00 00 48 89 83 58 02 00 00 48 8b 31 48 8b 0d
0x00007ff80b7ebf92:   52 f7 f6 35 48 8b 11 48 89 c7 e8 bf b9 03 00 48
0x00007ff80b7ebfa2:   c7 83 68 02 00 00 00 00 00 00 48 c7 83 70 02 00
0x00007ff80b7ebfb2:   00 02 00 00 00 c6 43 10 01 48 8b 05 9e cb f5 35
0x00007ff80b7ebfc2:   48 8b 00 48 3b 45 e8 75 0c 48 89 d8 48 83 c4 40
0x00007ff80b7ebfd2:   5b 41 5e 5d c3 e8 08 bd 03 00 48 89 c3 4c 89 f7
0x00007ff80b7ebfe2:   e8 8d bd 03 00 eb 03 48 89 c3 48 89 df e8 cc bc
0x00007ff80b7ebff2:   03 00 55 48 89 e5 41 56 53 48 89 fb 48 89 37 4c
0x00007ff80b7ec002:   8d 77 08 4c 89 f7 e8 23 00 00 00 48 c7 43 48 00
0x00007ff80b7ec012:   00 00 00 c7 43 50 00 00 00 00 0f 57 c0 0f 11 43
0x00007ff80b7ec022:   58 4c 89 f7 5b 41 5e 5d e9 25 00 00 00 90 55 48
0x00007ff80b7ec032:   89 e5 48 89 37 48 8b 86 c8 01 00 00 48 89 47 08
0x00007ff80b7ec042:   0f 57 c0 0f 11 47 10 0f 11 47 20 0f 11 47 2c 5d
0x00007ff80b7ec052:   c3 90 55 48 89 e5 41 56 53 48 89 fb 48 8b 4f 28
0x00007ff80b7ec062:   48 8d 35 f3 ef 04 00 45 31 f6 bf 04 00 00 00 48
0x00007ff80b7ec072:   89 da 31 c0 e8 18 72 01 00 4c 89 73 28 48 8b 03
0x00007ff80b7ec082:   48 8b 80 c8 01 00 00 48 89 43 08 4c 89 73 30 c7
0x00007ff80b7ec092:   43 38 00 00 00 00 0f 57 c0 0f 11 43 10 4c 89 73
0x00007ff80b7ec0a2:   20 5b 41 5e 5d c3 55 48 89 e5 41 57 41 56 41 55
0x00007ff80b7ec0b2:   41 54 53 50 41 89 f6 48 89 fb 89 f7 e8 75 b9 03
0x00007ff80b7ec0c2:   00 41 89 c7 48 c7 83 b8 01 00 00 e9 03 00 00 48
0x00007ff80b7ec0d2:   c7 83 c0 01 00 00 60 ea 00 00 48 8d 05 32 33 58
0x00007ff80b7ec0e2:   39 80 38 00 75 05 e8 39 01 00 00 48 8d 05 10 33
0x00007ff80b7ec0f2:   58 39 8b 00 f2 48 0f 2a c0 48 8d 05 06 33 58 39
0x00007ff80b7ec102:   8b 00 f2 48 0f 2a c8 f2 0f 10 15 e7 fc 04 00 f2
0x00007ff80b7ec112:   0f 5e d0 f2 0f 59 d1 f2 48 0f 2c c2 48 89 c1 48
0x00007ff80b7ec122:   c1 f9 3f f2 0f 5c 15 2b f8 04 00 f2 48 0f 2c d2
0x00007ff80b7ec132:   48 21 ca 48 09 c2 48 89 93 c8 01 00 00 45 85 ff
0x00007ff80b7ec142:   0f 84 b5 00 00 00 45 31 e4 45 0f a3 e7 72 0f 41
0x00007ff80b7ec152:   ff c4 41 83 fc 20 75 f1 41 bc 20 00 00 00 48 8d
0x00007ff80b7ec162:   35 3d ef 03 00 bf 01 00 00 00 48 89 da 44 89 75
0x00007ff80b7ec172:   d4 44 89 f1 31 c0 e8 16 71 01 00 4c 8d 6b 18 4c 



---------------  P R O C E S S  ---------------

VM state: not at safepoint (normal execution)

VM Mutex/Monitor currently owned by a thread: None

Heap address: 0x0000000780000000, size: 2048 MB, Compressed Oops mode: Zero based, Oop shift amount: 3

CDS archive(s) mapped at: [0x000000012b000000-0x000000012bd00000-0x000000012bd00000), size 13631488, SharedBaseAddress: 0x000000012b000000, ArchiveRelocationMode: 1.
Compressed class space mapped at: 0x000000012c000000-0x000000016c000000, reserved size: 1073741824
Narrow klass base: 0x000000012b000000, Narrow klass shift: 0, Narrow klass range: 0x100000000

GC Precious Log:
<Skipped>

Heap:
 garbage-first heap   total 133120K, used 51847K [0x0000000780000000, 0x0000000800000000)
  region size 1024K, 35 young (35840K), 1 survivors (1024K)
 Metaspace       used 9520K, committed 9792K, reserved 1114112K
  class space    used 1013K, committed 1152K, reserved 1048576K

Heap Regions: E=young(eden), S=young(survivor), O=old, HS=humongous(starts), HC=humongous(continues), CS=collection set, F=free, TAMS=top-at-mark-start, PB=parsable bottom
|   0|0x0000000780000000, 0x0000000780100000, 0x0000000780100000|100%|HS|  |TAMS 0x0000000780000000| PB 0x0000000780000000| Complete 
|   1|0x0000000780100000, 0x0000000780200000, 0x0000000780200000|100%|HC|  |TAMS 0x0000000780100000| PB 0x0000000780100000| Complete 
|   2|0x0000000780200000, 0x0000000780300000, 0x0000000780300000|100%|HC|  |TAMS 0x0000000780200000| PB 0x0000000780200000| Complete 
|   3|0x0000000780300000, 0x0000000780400000, 0x0000000780400000|100%|HC|  |TAMS 0x0000000780300000| PB 0x0000000780300000| Complete 
|   4|0x0000000780400000, 0x0000000780500000, 0x0000000780500000|100%|HS|  |TAMS 0x0000000780400000| PB 0x0000000780400000| Complete 
|   5|0x0000000780500000, 0x0000000780600000, 0x0000000780600000|100%|HC|  |TAMS 0x0000000780500000| PB 0x0000000780500000| Complete 
|   6|0x0000000780600000, 0x0000000780700000, 0x0000000780700000|100%|HC|  |TAMS 0x0000000780600000| PB 0x0000000780600000| Complete 
|   7|0x0000000780700000, 0x0000000780800000, 0x0000000780800000|100%|HC|  |TAMS 0x0000000780700000| PB 0x0000000780700000| Complete 
|   8|0x0000000780800000, 0x0000000780900000, 0x0000000780900000|100%| O|  |TAMS 0x0000000780800000| PB 0x0000000780800000| Untracked 
|   9|0x0000000780900000, 0x0000000780a00000, 0x0000000780a00000|100%| O|  |TAMS 0x0000000780900000| PB 0x0000000780900000| Untracked 
|  10|0x0000000780a00000, 0x0000000780b00000, 0x0000000780b00000|100%|HS|  |TAMS 0x0000000780a00000| PB 0x0000000780a00000| Complete 
|  11|0x0000000780b00000, 0x0000000780c00000, 0x0000000780c00000|100%|HC|  |TAMS 0x0000000780b00000| PB 0x0000000780b00000| Complete 
|  12|0x0000000780c00000, 0x0000000780d00000, 0x0000000780d00000|100%|HC|  |TAMS 0x0000000780c00000| PB 0x0000000780c00000| Complete 
|  13|0x0000000780d00000, 0x0000000780e00000, 0x0000000780e00000|100%|HC|  |TAMS 0x0000000780d00000| PB 0x0000000780d00000| Complete 
|  14|0x0000000780e00000, 0x0000000780f00000, 0x0000000780f00000|100%| O|  |TAMS 0x0000000780e00000| PB 0x0000000780e00000| Untracked 
|  15|0x0000000780f00000, 0x0000000780f9a710, 0x0000000781000000| 60%| O|  |TAMS 0x0000000780f00000| PB 0x0000000780f00000| Untracked 
|  16|0x0000000781000000, 0x0000000781000000, 0x0000000781100000|  0%| F|  |TAMS 0x0000000781000000| PB 0x0000000781000000| Untracked 
|  17|0x0000000781100000, 0x0000000781100000, 0x0000000781200000|  0%| F|  |TAMS 0x0000000781100000| PB 0x0000000781100000| Untracked 
|  18|0x0000000781200000, 0x0000000781200000, 0x0000000781300000|  0%| F|  |TAMS 0x0000000781200000| PB 0x0000000781200000| Untracked 
|  19|0x0000000781300000, 0x0000000781300000, 0x0000000781400000|  0%| F|  |TAMS 0x0000000781300000| PB 0x0000000781300000| Untracked 
|  20|0x0000000781400000, 0x0000000781400000, 0x0000000781500000|  0%| F|  |TAMS 0x0000000781400000| PB 0x0000000781400000| Untracked 
|  21|0x0000000781500000, 0x0000000781500000, 0x0000000781600000|  0%| F|  |TAMS 0x0000000781500000| PB 0x0000000781500000| Untracked 
|  22|0x0000000781600000, 0x0000000781600000, 0x0000000781700000|  0%| F|  |TAMS 0x0000000781600000| PB 0x0000000781600000| Untracked 
|  23|0x0000000781700000, 0x0000000781700000, 0x0000000781800000|  0%| F|  |TAMS 0x0000000781700000| PB 0x0000000781700000| Untracked 
|  24|0x0000000781800000, 0x0000000781800000, 0x0000000781900000|  0%| F|  |TAMS 0x0000000781800000| PB 0x0000000781800000| Untracked 
|  25|0x0000000781900000, 0x0000000781900000, 0x0000000781a00000|  0%| F|  |TAMS 0x0000000781900000| PB 0x0000000781900000| Untracked 
|  26|0x0000000781a00000, 0x0000000781a00000, 0x0000000781b00000|  0%| F|  |TAMS 0x0000000781a00000| PB 0x0000000781a00000| Untracked 
|  27|0x0000000781b00000, 0x0000000781b00000, 0x0000000781c00000|  0%| F|  |TAMS 0x0000000781b00000| PB 0x0000000781b00000| Untracked 
|  28|0x0000000781c00000, 0x0000000781c00000, 0x0000000781d00000|  0%| F|  |TAMS 0x0000000781c00000| PB 0x0000000781c00000| Untracked 
|  29|0x0000000781d00000, 0x0000000781d00000, 0x0000000781e00000|  0%| F|  |TAMS 0x0000000781d00000| PB 0x0000000781d00000| Untracked 
|  30|0x0000000781e00000, 0x0000000781e00000, 0x0000000781f00000|  0%| F|  |TAMS 0x0000000781e00000| PB 0x0000000781e00000| Untracked 
|  31|0x0000000781f00000, 0x0000000781f00000, 0x0000000782000000|  0%| F|  |TAMS 0x0000000781f00000| PB 0x0000000781f00000| Untracked 
|  32|0x0000000782000000, 0x0000000782000000, 0x0000000782100000|  0%| F|  |TAMS 0x0000000782000000| PB 0x0000000782000000| Untracked 
|  33|0x0000000782100000, 0x0000000782100000, 0x0000000782200000|  0%| F|  |TAMS 0x0000000782100000| PB 0x0000000782100000| Untracked 
|  34|0x0000000782200000, 0x0000000782200000, 0x0000000782300000|  0%| F|  |TAMS 0x0000000782200000| PB 0x0000000782200000| Untracked 
|  35|0x0000000782300000, 0x0000000782300000, 0x0000000782400000|  0%| F|  |TAMS 0x0000000782300000| PB 0x0000000782300000| Untracked 
|  36|0x0000000782400000, 0x0000000782400000, 0x0000000782500000|  0%| F|  |TAMS 0x0000000782400000| PB 0x0000000782400000| Untracked 
|  37|0x0000000782500000, 0x0000000782500000, 0x0000000782600000|  0%| F|  |TAMS 0x0000000782500000| PB 0x0000000782500000| Untracked 
|  38|0x0000000782600000, 0x0000000782600000, 0x0000000782700000|  0%| F|  |TAMS 0x0000000782600000| PB 0x0000000782600000| Untracked 
|  39|0x0000000782700000, 0x0000000782700000, 0x0000000782800000|  0%| F|  |TAMS 0x0000000782700000| PB 0x0000000782700000| Untracked 
|  40|0x0000000782800000, 0x0000000782800000, 0x0000000782900000|  0%| F|  |TAMS 0x0000000782800000| PB 0x0000000782800000| Untracked 
|  41|0x0000000782900000, 0x0000000782900000, 0x0000000782a00000|  0%| F|  |TAMS 0x0000000782900000| PB 0x0000000782900000| Untracked 
|  42|0x0000000782a00000, 0x0000000782a00000, 0x0000000782b00000|  0%| F|  |TAMS 0x0000000782a00000| PB 0x0000000782a00000| Untracked 
|  43|0x0000000782b00000, 0x0000000782b00000, 0x0000000782c00000|  0%| F|  |TAMS 0x0000000782b00000| PB 0x0000000782b00000| Untracked 
|  44|0x0000000782c00000, 0x0000000782c00000, 0x0000000782d00000|  0%| F|  |TAMS 0x0000000782c00000| PB 0x0000000782c00000| Untracked 
|  45|0x0000000782d00000, 0x0000000782d00000, 0x0000000782e00000|  0%| F|  |TAMS 0x0000000782d00000| PB 0x0000000782d00000| Untracked 
|  46|0x0000000782e00000, 0x0000000782e00000, 0x0000000782f00000|  0%| F|  |TAMS 0x0000000782e00000| PB 0x0000000782e00000| Untracked 
|  47|0x0000000782f00000, 0x0000000782f00000, 0x0000000783000000|  0%| F|  |TAMS 0x0000000782f00000| PB 0x0000000782f00000| Untracked 
|  48|0x0000000783000000, 0x0000000783000000, 0x0000000783100000|  0%| F|  |TAMS 0x0000000783000000| PB 0x0000000783000000| Untracked 
|  49|0x0000000783100000, 0x0000000783100000, 0x0000000783200000|  0%| F|  |TAMS 0x0000000783100000| PB 0x0000000783100000| Untracked 
|  50|0x0000000783200000, 0x0000000783200000, 0x0000000783300000|  0%| F|  |TAMS 0x0000000783200000| PB 0x0000000783200000| Untracked 
|  51|0x0000000783300000, 0x0000000783302110, 0x0000000783400000|  0%| S|CS|TAMS 0x0000000783300000| PB 0x0000000783300000| Complete 
|  52|0x0000000783400000, 0x0000000783400000, 0x0000000783500000|  0%| F|  |TAMS 0x0000000783400000| PB 0x0000000783400000| Untracked 
|  53|0x0000000783500000, 0x0000000783500000, 0x0000000783600000|  0%| F|  |TAMS 0x0000000783500000| PB 0x0000000783500000| Untracked 
|  54|0x0000000783600000, 0x0000000783600000, 0x0000000783700000|  0%| F|  |TAMS 0x0000000783600000| PB 0x0000000783600000| Untracked 
|  55|0x0000000783700000, 0x0000000783700000, 0x0000000783800000|  0%| F|  |TAMS 0x0000000783700000| PB 0x0000000783700000| Untracked 
|  56|0x0000000783800000, 0x0000000783800000, 0x0000000783900000|  0%| F|  |TAMS 0x0000000783800000| PB 0x0000000783800000| Untracked 
|  57|0x0000000783900000, 0x0000000783900000, 0x0000000783a00000|  0%| F|  |TAMS 0x0000000783900000| PB 0x0000000783900000| Untracked 
|  58|0x0000000783a00000, 0x0000000783a00000, 0x0000000783b00000|  0%| F|  |TAMS 0x0000000783a00000| PB 0x0000000783a00000| Untracked 
|  59|0x0000000783b00000, 0x0000000783b00000, 0x0000000783c00000|  0%| F|  |TAMS 0x0000000783b00000| PB 0x0000000783b00000| Untracked 
|  60|0x0000000783c00000, 0x0000000783c00000, 0x0000000783d00000|  0%| F|  |TAMS 0x0000000783c00000| PB 0x0000000783c00000| Untracked 
|  61|0x0000000783d00000, 0x0000000783d00000, 0x0000000783e00000|  0%| F|  |TAMS 0x0000000783d00000| PB 0x0000000783d00000| Untracked 
|  62|0x0000000783e00000, 0x0000000783e00000, 0x0000000783f00000|  0%| F|  |TAMS 0x0000000783e00000| PB 0x0000000783e00000| Untracked 
|  63|0x0000000783f00000, 0x0000000783f00000, 0x0000000784000000|  0%| F|  |TAMS 0x0000000783f00000| PB 0x0000000783f00000| Untracked 
|  64|0x0000000784000000, 0x0000000784000000, 0x0000000784100000|  0%| F|  |TAMS 0x0000000784000000| PB 0x0000000784000000| Untracked 
|  65|0x0000000784100000, 0x0000000784100000, 0x0000000784200000|  0%| F|  |TAMS 0x0000000784100000| PB 0x0000000784100000| Untracked 
|  66|0x0000000784200000, 0x0000000784200000, 0x0000000784300000|  0%| F|  |TAMS 0x0000000784200000| PB 0x0000000784200000| Untracked 
|  67|0x0000000784300000, 0x0000000784300000, 0x0000000784400000|  0%| F|  |TAMS 0x0000000784300000| PB 0x0000000784300000| Untracked 
|  68|0x0000000784400000, 0x0000000784400000, 0x0000000784500000|  0%| F|  |TAMS 0x0000000784400000| PB 0x0000000784400000| Untracked 
|  69|0x0000000784500000, 0x0000000784500000, 0x0000000784600000|  0%| F|  |TAMS 0x0000000784500000| PB 0x0000000784500000| Untracked 
|  70|0x0000000784600000, 0x0000000784600000, 0x0000000784700000|  0%| F|  |TAMS 0x0000000784600000| PB 0x0000000784600000| Untracked 
|  71|0x0000000784700000, 0x0000000784700000, 0x0000000784800000|  0%| F|  |TAMS 0x0000000784700000| PB 0x0000000784700000| Untracked 
|  72|0x0000000784800000, 0x0000000784800000, 0x0000000784900000|  0%| F|  |TAMS 0x0000000784800000| PB 0x0000000784800000| Untracked 
|  73|0x0000000784900000, 0x0000000784900000, 0x0000000784a00000|  0%| F|  |TAMS 0x0000000784900000| PB 0x0000000784900000| Untracked 
|  74|0x0000000784a00000, 0x0000000784a00000, 0x0000000784b00000|  0%| F|  |TAMS 0x0000000784a00000| PB 0x0000000784a00000| Untracked 
|  75|0x0000000784b00000, 0x0000000784b00000, 0x0000000784c00000|  0%| F|  |TAMS 0x0000000784b00000| PB 0x0000000784b00000| Untracked 
|  76|0x0000000784c00000, 0x0000000784c00000, 0x0000000784d00000|  0%| F|  |TAMS 0x0000000784c00000| PB 0x0000000784c00000| Untracked 
|  77|0x0000000784d00000, 0x0000000784d00000, 0x0000000784e00000|  0%| F|  |TAMS 0x0000000784d00000| PB 0x0000000784d00000| Untracked 
|  78|0x0000000784e00000, 0x0000000784e00000, 0x0000000784f00000|  0%| F|  |TAMS 0x0000000784e00000| PB 0x0000000784e00000| Untracked 
|  79|0x0000000784f00000, 0x0000000784f00000, 0x0000000785000000|  0%| F|  |TAMS 0x0000000784f00000| PB 0x0000000784f00000| Untracked 
|  80|0x0000000785000000, 0x0000000785000000, 0x0000000785100000|  0%| F|  |TAMS 0x0000000785000000| PB 0x0000000785000000| Untracked 
|  81|0x0000000785100000, 0x0000000785100000, 0x0000000785200000|  0%| F|  |TAMS 0x0000000785100000| PB 0x0000000785100000| Untracked 
|  82|0x0000000785200000, 0x0000000785200000, 0x0000000785300000|  0%| F|  |TAMS 0x0000000785200000| PB 0x0000000785200000| Untracked 
|  83|0x0000000785300000, 0x0000000785300000, 0x0000000785400000|  0%| F|  |TAMS 0x0000000785300000| PB 0x0000000785300000| Untracked 
|  84|0x0000000785400000, 0x0000000785400000, 0x0000000785500000|  0%| F|  |TAMS 0x0000000785400000| PB 0x0000000785400000| Untracked 
|  85|0x0000000785500000, 0x0000000785500000, 0x0000000785600000|  0%| F|  |TAMS 0x0000000785500000| PB 0x0000000785500000| Untracked 
|  86|0x0000000785600000, 0x0000000785600000, 0x0000000785700000|  0%| F|  |TAMS 0x0000000785600000| PB 0x0000000785600000| Untracked 
|  87|0x0000000785700000, 0x0000000785700000, 0x0000000785800000|  0%| F|  |TAMS 0x0000000785700000| PB 0x0000000785700000| Untracked 
|  88|0x0000000785800000, 0x0000000785800000, 0x0000000785900000|  0%| F|  |TAMS 0x0000000785800000| PB 0x0000000785800000| Untracked 
|  89|0x0000000785900000, 0x0000000785900000, 0x0000000785a00000|  0%| F|  |TAMS 0x0000000785900000| PB 0x0000000785900000| Untracked 
|  90|0x0000000785a00000, 0x0000000785a00000, 0x0000000785b00000|  0%| F|  |TAMS 0x0000000785a00000| PB 0x0000000785a00000| Untracked 
|  91|0x0000000785b00000, 0x0000000785b00000, 0x0000000785c00000|  0%| F|  |TAMS 0x0000000785b00000| PB 0x0000000785b00000| Untracked 
|  92|0x0000000785c00000, 0x0000000785c00000, 0x0000000785d00000|  0%| F|  |TAMS 0x0000000785c00000| PB 0x0000000785c00000| Untracked 
|  93|0x0000000785d00000, 0x0000000785d00000, 0x0000000785e00000|  0%| F|  |TAMS 0x0000000785d00000| PB 0x0000000785d00000| Untracked 
|  94|0x0000000785e00000, 0x0000000785f00000, 0x0000000785f00000|100%| E|  |TAMS 0x0000000785e00000| PB 0x0000000785e00000| Complete 
|  95|0x0000000785f00000, 0x0000000786000000, 0x0000000786000000|100%| E|CS|TAMS 0x0000000785f00000| PB 0x0000000785f00000| Complete 
|  96|0x0000000786000000, 0x0000000786100000, 0x0000000786100000|100%| E|CS|TAMS 0x0000000786000000| PB 0x0000000786000000| Complete 
|  97|0x0000000786100000, 0x0000000786200000, 0x0000000786200000|100%| E|CS|TAMS 0x0000000786100000| PB 0x0000000786100000| Complete 
|  98|0x0000000786200000, 0x0000000786300000, 0x0000000786300000|100%| E|CS|TAMS 0x0000000786200000| PB 0x0000000786200000| Complete 
|  99|0x0000000786300000, 0x0000000786400000, 0x0000000786400000|100%| E|CS|TAMS 0x0000000786300000| PB 0x0000000786300000| Complete 
| 100|0x0000000786400000, 0x0000000786500000, 0x0000000786500000|100%| E|CS|TAMS 0x0000000786400000| PB 0x0000000786400000| Complete 
| 101|0x0000000786500000, 0x0000000786600000, 0x0000000786600000|100%| E|CS|TAMS 0x0000000786500000| PB 0x0000000786500000| Complete 
| 102|0x0000000786600000, 0x0000000786700000, 0x0000000786700000|100%| E|CS|TAMS 0x0000000786600000| PB 0x0000000786600000| Complete 
| 103|0x0000000786700000, 0x0000000786800000, 0x0000000786800000|100%| E|CS|TAMS 0x0000000786700000| PB 0x0000000786700000| Complete 
| 104|0x0000000786800000, 0x0000000786900000, 0x0000000786900000|100%| E|CS|TAMS 0x0000000786800000| PB 0x0000000786800000| Complete 
| 105|0x0000000786900000, 0x0000000786a00000, 0x0000000786a00000|100%| E|CS|TAMS 0x0000000786900000| PB 0x0000000786900000| Complete 
| 106|0x0000000786a00000, 0x0000000786b00000, 0x0000000786b00000|100%| E|CS|TAMS 0x0000000786a00000| PB 0x0000000786a00000| Complete 
| 107|0x0000000786b00000, 0x0000000786c00000, 0x0000000786c00000|100%| E|CS|TAMS 0x0000000786b00000| PB 0x0000000786b00000| Complete 
| 108|0x0000000786c00000, 0x0000000786d00000, 0x0000000786d00000|100%| E|CS|TAMS 0x0000000786c00000| PB 0x0000000786c00000| Complete 
| 109|0x0000000786d00000, 0x0000000786e00000, 0x0000000786e00000|100%| E|CS|TAMS 0x0000000786d00000| PB 0x0000000786d00000| Complete 
| 110|0x0000000786e00000, 0x0000000786f00000, 0x0000000786f00000|100%| E|CS|TAMS 0x0000000786e00000| PB 0x0000000786e00000| Complete 
| 111|0x0000000786f00000, 0x0000000787000000, 0x0000000787000000|100%| E|CS|TAMS 0x0000000786f00000| PB 0x0000000786f00000| Complete 
| 112|0x0000000787000000, 0x0000000787100000, 0x0000000787100000|100%| E|CS|TAMS 0x0000000787000000| PB 0x0000000787000000| Complete 
| 113|0x0000000787100000, 0x0000000787200000, 0x0000000787200000|100%| E|CS|TAMS 0x0000000787100000| PB 0x0000000787100000| Complete 
| 114|0x0000000787200000, 0x0000000787300000, 0x0000000787300000|100%| E|CS|TAMS 0x0000000787200000| PB 0x0000000787200000| Complete 
| 115|0x0000000787300000, 0x0000000787400000, 0x0000000787400000|100%| E|CS|TAMS 0x0000000787300000| PB 0x0000000787300000| Complete 
| 116|0x0000000787400000, 0x0000000787500000, 0x0000000787500000|100%| E|CS|TAMS 0x0000000787400000| PB 0x0000000787400000| Complete 
| 117|0x0000000787500000, 0x0000000787600000, 0x0000000787600000|100%| E|CS|TAMS 0x0000000787500000| PB 0x0000000787500000| Complete 
| 118|0x0000000787600000, 0x0000000787700000, 0x0000000787700000|100%| E|CS|TAMS 0x0000000787600000| PB 0x0000000787600000| Complete 
| 119|0x0000000787700000, 0x0000000787800000, 0x0000000787800000|100%| E|CS|TAMS 0x0000000787700000| PB 0x0000000787700000| Complete 
| 120|0x0000000787800000, 0x0000000787900000, 0x0000000787900000|100%| E|CS|TAMS 0x0000000787800000| PB 0x0000000787800000| Complete 
| 121|0x0000000787900000, 0x0000000787a00000, 0x0000000787a00000|100%| E|CS|TAMS 0x0000000787900000| PB 0x0000000787900000| Complete 
| 122|0x0000000787a00000, 0x0000000787b00000, 0x0000000787b00000|100%| E|CS|TAMS 0x0000000787a00000| PB 0x0000000787a00000| Complete 
| 123|0x0000000787b00000, 0x0000000787c00000, 0x0000000787c00000|100%| E|CS|TAMS 0x0000000787b00000| PB 0x0000000787b00000| Complete 
| 124|0x0000000787c00000, 0x0000000787d00000, 0x0000000787d00000|100%| E|CS|TAMS 0x0000000787c00000| PB 0x0000000787c00000| Complete 
| 125|0x0000000787d00000, 0x0000000787e00000, 0x0000000787e00000|100%| E|CS|TAMS 0x0000000787d00000| PB 0x0000000787d00000| Complete 
| 126|0x0000000787e00000, 0x0000000787f00000, 0x0000000787f00000|100%| E|CS|TAMS 0x0000000787e00000| PB 0x0000000787e00000| Complete 
| 127|0x0000000787f00000, 0x0000000788000000, 0x0000000788000000|100%| E|CS|TAMS 0x0000000787f00000| PB 0x0000000787f00000| Complete 
|2046|0x00000007ffe00000, 0x00000007fff00000, 0x00000007fff00000|100%| O|  |TAMS 0x00000007ffe00000| PB 0x00000007ffe00000| Untracked 
|2047|0x00000007fff00000, 0x00000007fff054d0, 0x0000000800000000|  2%| O|  |TAMS 0x00000007fff00000| PB 0x00000007fff00000| Untracked 

Card table byte_map: [0x000000010b50c000,0x000000010b90c000] _byte_map_base: 0x000000010790c000

Marking Bits: (CMBitMap*) 0x00007f906f00d210
 Bits: [0x000000012656f000, 0x000000012856f000)

Polling page: 0x000000010ad36000

Metaspace:

Usage:
  Non-class:      8.31 MB used.
      Class:   1013.91 KB used.
       Both:      9.30 MB used.

Virtual space:
  Non-class space:       64.00 MB reserved,       8.44 MB ( 13%) committed,  1 nodes.
      Class space:        1.00 GB reserved,       1.12 MB ( <1%) committed,  1 nodes.
             Both:        1.06 GB reserved,       9.56 MB ( <1%) committed. 

Chunk freelists:
   Non-Class:  6.95 MB
       Class:  14.74 MB
        Both:  21.69 MB

MaxMetaspaceSize: unlimited
CompressedClassSpaceSize: 1.00 GB
Initial GC threshold: 21.00 MB
Current GC threshold: 21.00 MB
CDS: on
 - commit_granule_bytes: 65536.
 - commit_granule_words: 8192.
 - virtual_space_node_default_size: 8388608.
 - enlarge_chunks_in_place: 1.
 - use_allocation_guard: 0.


Internal statistics:

num_allocs_failed_limit: 0.
num_arena_births: 226.
num_arena_deaths: 0.
num_vsnodes_births: 2.
num_vsnodes_deaths: 0.
num_space_committed: 153.
num_space_uncommitted: 0.
num_chunks_returned_to_freelist: 0.
num_chunks_taken_from_freelist: 292.
num_chunk_merges: 0.
num_chunk_splits: 179.
num_chunks_enlarged: 96.
num_inconsistent_stats: 0.

CodeHeap 'non-profiled nmethods': size=120028Kb used=3093Kb max_used=3093Kb free=116934Kb
 bounds [0x000000011f038000, 0x000000011f348000, 0x000000012656f000]
CodeHeap 'profiled nmethods': size=120028Kb used=4656Kb max_used=4656Kb free=115371Kb
 bounds [0x000000011756f000, 0x00000001179ff000, 0x000000011eaa6000]
CodeHeap 'non-nmethods': size=5704Kb used=1640Kb max_used=1704Kb free=4063Kb
 bounds [0x000000011eaa6000, 0x000000011ed16000, 0x000000011f038000]
 total_blobs=3077 nmethods=2410 adapters=573
 compilation: enabled
              stopped_count=0, restarted_count=0
 full_count=0

Compilation events (20 events):
Event: 134.680 Thread 0x00007f906e853400 2400       4       org.netbeans.modules.debugger.jpda.visual.remote.RemoteAWTService::access$000 (4 bytes)
Event: 134.681 Thread 0x00007f906e853400 nmethod 2400 0x000000011f336390 code [0x000000011f336500, 0x000000011f336578]
Event: 134.681 Thread 0x00007f906e853400 2401       4       org.netbeans.modules.debugger.jpda.visual.remote.RemoteAWTService::access$100 (4 bytes)
Event: 134.682 Thread 0x00007f906e853400 nmethod 2401 0x000000011f336690 code [0x000000011f336800, 0x000000011f336878]
Event: 149.039 Thread 0x00007f906e853400 2402       4       java.util.concurrent.locks.ReentrantReadWriteLock$Sync::tryReleaseShared (146 bytes)
Event: 149.041 Thread 0x00007f906e853400 nmethod 2402 0x000000011f336990 code [0x000000011f336b20, 0x000000011f336d50]
Event: 150.005 Thread 0x00007f906e853400 2403   !   4       sun.lwawt.macosx.CFRetainedResource::execute (53 bytes)
Event: 150.010 Thread 0x00007f906e853400 nmethod 2403 0x000000011f336e90 code [0x000000011f3370c0, 0x000000011f337830]
Event: 152.022 Thread 0x00007f906e853400 2404   !   4       sun.java2d.metal.MTLLayer::drawInMTLContext (32 bytes)
Event: 152.034 Thread 0x00007f906e853400 nmethod 2404 0x000000011f337d90 code [0x000000011f338040, 0x000000011f339040]
Event: 554.436 Thread 0x00007f906e853400 2406       4       java.util.concurrent.TimeUnit::toNanos (45 bytes)
Event: 554.437 Thread 0x00007f906e853400 nmethod 2406 0x000000011f339e90 code [0x000000011f33a020, 0x000000011f33a140]
Event: 562.277 Thread 0x00007f906e853400 2407   !   4       java.lang.Thread::beforeSleep (33 bytes)
Event: 562.278 Thread 0x00007f906e853400 nmethod 2407 0x000000011f33a210 code [0x000000011f33a380, 0x000000011f33a3e8]
Event: 575.655 Thread 0x00007f906e853400 2408   !   4       java.lang.Thread::sleep (82 bytes)
Event: 575.658 Thread 0x00007f906e853400 nmethod 2408 0x000000011f33a510 code [0x000000011f33a6c0, 0x000000011f33a8b0]
Event: 900.001 Thread 0x00007f906e855400 2409 %s!   3       sun.java2d.metal.MTLRenderQueue$QueueFlusher::run @ 2 (234 bytes)
Event: 900.008 Thread 0x00007f906e855400 nmethod 2409% 0x00000001179f7f90 code [0x00000001179f83c0, 0x00000001179fa610]
Event: 908.067 Thread 0x00007f906e853400 2410 %s!   4       sun.java2d.metal.MTLRenderQueue$QueueFlusher::run @ 2 (234 bytes)
Event: 908.099 Thread 0x00007f906e853400 nmethod 2410% 0x000000011f33aa90 code [0x000000011f33ae00, 0x000000011f33c698]

GC Heap History (20 events):
Event: 1308.654 GC heap before
{Heap before GC invocations=264 (full 0):
 garbage-first heap   total 133120K, used 93831K [0x0000000780000000, 0x0000000800000000)
  region size 1024K, 76 young (77824K), 1 survivors (1024K)
 Metaspace       used 9520K, committed 9792K, reserved 1114112K
  class space    used 1013K, committed 1152K, reserved 1048576K
}
Event: 1308.662 GC heap after
{Heap after GC invocations=265 (full 0):
 garbage-first heap   total 133120K, used 17031K [0x0000000780000000, 0x0000000800000000)
  region size 1024K, 1 young (1024K), 1 survivors (1024K)
 Metaspace       used 9520K, committed 9792K, reserved 1114112K
  class space    used 1013K, committed 1152K, reserved 1048576K
}
Event: 1315.131 GC heap before
{Heap before GC invocations=265 (full 0):
 garbage-first heap   total 133120K, used 93831K [0x0000000780000000, 0x0000000800000000)
  region size 1024K, 76 young (77824K), 1 survivors (1024K)
 Metaspace       used 9520K, committed 9792K, reserved 1114112K
  class space    used 1013K, committed 1152K, reserved 1048576K
}
Event: 1315.132 GC heap after
{Heap after GC invocations=266 (full 0):
 garbage-first heap   total 133120K, used 17031K [0x0000000780000000, 0x0000000800000000)
  region size 1024K, 1 young (1024K), 1 survivors (1024K)
 Metaspace       used 9520K, committed 9792K, reserved 1114112K
  class space    used 1013K, committed 1152K, reserved 1048576K
}
Event: 1321.509 GC heap before
{Heap before GC invocations=266 (full 0):
 garbage-first heap   total 133120K, used 93831K [0x0000000780000000, 0x0000000800000000)
  region size 1024K, 76 young (77824K), 1 survivors (1024K)
 Metaspace       used 9520K, committed 9792K, reserved 1114112K
  class space    used 1013K, committed 1152K, reserved 1048576K
}
Event: 1321.511 GC heap after
{Heap after GC invocations=267 (full 0):
 garbage-first heap   total 133120K, used 17029K [0x0000000780000000, 0x0000000800000000)
  region size 1024K, 1 young (1024K), 1 survivors (1024K)
 Metaspace       used 9520K, committed 9792K, reserved 1114112K
  class space    used 1013K, committed 1152K, reserved 1048576K
}
Event: 1327.993 GC heap before
{Heap before GC invocations=267 (full 0):
 garbage-first heap   total 133120K, used 93829K [0x0000000780000000, 0x0000000800000000)
  region size 1024K, 76 young (77824K), 1 survivors (1024K)
 Metaspace       used 9520K, committed 9792K, reserved 1114112K
  class space    used 1013K, committed 1152K, reserved 1048576K
}
Event: 1327.995 GC heap after
{Heap after GC invocations=268 (full 0):
 garbage-first heap   total 133120K, used 17029K [0x0000000780000000, 0x0000000800000000)
  region size 1024K, 1 young (1024K), 1 survivors (1024K)
 Metaspace       used 9520K, committed 9792K, reserved 1114112K
  class space    used 1013K, committed 1152K, reserved 1048576K
}
Event: 1333.844 GC heap before
{Heap before GC invocations=268 (full 0):
 garbage-first heap   total 133120K, used 93829K [0x0000000780000000, 0x0000000800000000)
  region size 1024K, 76 young (77824K), 1 survivors (1024K)
 Metaspace       used 9520K, committed 9792K, reserved 1114112K
  class space    used 1013K, committed 1152K, reserved 1048576K
}
Event: 1333.845 GC heap after
{Heap after GC invocations=269 (full 0):
 garbage-first heap   total 133120K, used 17033K [0x0000000780000000, 0x0000000800000000)
  region size 1024K, 1 young (1024K), 1 survivors (1024K)
 Metaspace       used 9520K, committed 9792K, reserved 1114112K
  class space    used 1013K, committed 1152K, reserved 1048576K
}
Event: 1340.208 GC heap before
{Heap before GC invocations=269 (full 0):
 garbage-first heap   total 133120K, used 93833K [0x0000000780000000, 0x0000000800000000)
  region size 1024K, 76 young (77824K), 1 survivors (1024K)
 Metaspace       used 9520K, committed 9792K, reserved 1114112K
  class space    used 1013K, committed 1152K, reserved 1048576K
}
Event: 1340.209 GC heap after
{Heap after GC invocations=270 (full 0):
 garbage-first heap   total 133120K, used 17033K [0x0000000780000000, 0x0000000800000000)
  region size 1024K, 1 young (1024K), 1 survivors (1024K)
 Metaspace       used 9520K, committed 9792K, reserved 1114112K
  class space    used 1013K, committed 1152K, reserved 1048576K
}
Event: 1346.568 GC heap before
{Heap before GC invocations=270 (full 0):
 garbage-first heap   total 133120K, used 93833K [0x0000000780000000, 0x0000000800000000)
  region size 1024K, 76 young (77824K), 1 survivors (1024K)
 Metaspace       used 9520K, committed 9792K, reserved 1114112K
  class space    used 1013K, committed 1152K, reserved 1048576K
}
Event: 1346.569 GC heap after
{Heap after GC invocations=271 (full 0):
 garbage-first heap   total 133120K, used 17031K [0x0000000780000000, 0x0000000800000000)
  region size 1024K, 1 young (1024K), 1 survivors (1024K)
 Metaspace       used 9520K, committed 9792K, reserved 1114112K
  class space    used 1013K, committed 1152K, reserved 1048576K
}
Event: 1352.869 GC heap before
{Heap before GC invocations=271 (full 0):
 garbage-first heap   total 133120K, used 93831K [0x0000000780000000, 0x0000000800000000)
  region size 1024K, 76 young (77824K), 1 survivors (1024K)
 Metaspace       used 9520K, committed 9792K, reserved 1114112K
  class space    used 1013K, committed 1152K, reserved 1048576K
}
Event: 1352.870 GC heap after
{Heap after GC invocations=272 (full 0):
 garbage-first heap   total 133120K, used 17029K [0x0000000780000000, 0x0000000800000000)
  region size 1024K, 1 young (1024K), 1 survivors (1024K)
 Metaspace       used 9520K, committed 9792K, reserved 1114112K
  class space    used 1013K, committed 1152K, reserved 1048576K
}
Event: 1359.139 GC heap before
{Heap before GC invocations=272 (full 0):
 garbage-first heap   total 133120K, used 93829K [0x0000000780000000, 0x0000000800000000)
  region size 1024K, 76 young (77824K), 1 survivors (1024K)
 Metaspace       used 9520K, committed 9792K, reserved 1114112K
  class space    used 1013K, committed 1152K, reserved 1048576K
}
Event: 1359.141 GC heap after
{Heap after GC invocations=273 (full 0):
 garbage-first heap   total 133120K, used 17029K [0x0000000780000000, 0x0000000800000000)
  region size 1024K, 1 young (1024K), 1 survivors (1024K)
 Metaspace       used 9520K, committed 9792K, reserved 1114112K
  class space    used 1013K, committed 1152K, reserved 1048576K
}
Event: 1365.641 GC heap before
{Heap before GC invocations=273 (full 0):
 garbage-first heap   total 133120K, used 93829K [0x0000000780000000, 0x0000000800000000)
  region size 1024K, 76 young (77824K), 1 survivors (1024K)
 Metaspace       used 9520K, committed 9792K, reserved 1114112K
  class space    used 1013K, committed 1152K, reserved 1048576K
}
Event: 1365.643 GC heap after
{Heap after GC invocations=274 (full 0):
 garbage-first heap   total 133120K, used 17031K [0x0000000780000000, 0x0000000800000000)
  region size 1024K, 1 young (1024K), 1 survivors (1024K)
 Metaspace       used 9520K, committed 9792K, reserved 1114112K
  class space    used 1013K, committed 1152K, reserved 1048576K
}

Dll operation events (8 events):
Event: 0.011 Loaded shared library /Applications/Apache NetBeans.app/Contents/Home/lib/libjava.dylib
Event: 0.452 Loaded shared library /Applications/Apache NetBeans.app/Contents/Home/lib/libnio.dylib
Event: 0.453 Loaded shared library /Applications/Apache NetBeans.app/Contents/Home/lib/libjimage.dylib
Event: 0.469 Loaded shared library /Applications/Apache NetBeans.app/Contents/Home/lib/libzip.dylib
Event: 0.498 Loaded shared library /Applications/Apache NetBeans.app/Contents/Home/lib/libawt.dylib
Event: 0.502 Loaded shared library /Applications/Apache NetBeans.app/Contents/Home/lib/libawt_lwawt.dylib
Event: 0.606 Loaded shared library /Applications/Apache NetBeans.app/Contents/Home/lib/libfontmanager.dylib
Event: 0.889 Loaded shared library /Applications/Apache NetBeans.app/Contents/Home/lib/libosxui.dylib

Deoptimization events (20 events):
Event: 90.339 Thread 0x00007f9070034a00 DEOPT PACKING pc=0x000000011f07b708 sp=0x000000030adbb3f0
Event: 90.339 Thread 0x00007f9070034a00 DEOPT UNPACKING pc=0x000000011eaf9f93 sp=0x000000030adbb3e0 mode 2
Event: 90.342 Thread 0x00007f9070034a00 Uncommon trap: trap_request=0xffffff45 fr.pc=0x000000011f31293c relative=0x0000000000000b9c
Event: 90.342 Thread 0x00007f9070034a00 Uncommon trap: reason=unstable_if action=reinterpret pc=0x000000011f31293c method=java.awt.Container.getMouseEventTargetImpl(IIZLjava/awt/Container$EventTargetFilter;ZZ)Ljava/awt/Component; @ 105 c2
Event: 90.342 Thread 0x00007f9070034a00 DEOPT PACKING pc=0x000000011f31293c sp=0x000000030adbb240
Event: 90.342 Thread 0x00007f9070034a00 DEOPT UNPACKING pc=0x000000011eaf9f93 sp=0x000000030adbb1a8 mode 2
Event: 90.342 Thread 0x00007f9070034a00 Uncommon trap: trap_request=0xffffff45 fr.pc=0x000000011f27ad5c relative=0x0000000000001d9c
Event: 90.342 Thread 0x00007f9070034a00 Uncommon trap: reason=unstable_if action=reinterpret pc=0x000000011f27ad5c method=java.awt.Toolkit.notifyAWTEventListeners(Ljava/awt/AWTEvent;)V @ 25 c2
Event: 90.342 Thread 0x00007f9070034a00 DEOPT PACKING pc=0x000000011f27ad5c sp=0x000000030adbaf40
Event: 90.342 Thread 0x00007f9070034a00 DEOPT UNPACKING pc=0x000000011eaf9f93 sp=0x000000030adbaea0 mode 2
Event: 90.343 Thread 0x00007f9070034a00 Uncommon trap: trap_request=0xffffff45 fr.pc=0x000000011f236e04 relative=0x0000000000000224
Event: 90.343 Thread 0x00007f9070034a00 Uncommon trap: reason=unstable_if action=reinterpret pc=0x000000011f236e04 method=java.awt.Toolkit.notifyAWTEventListeners(Ljava/awt/AWTEvent;)V @ 25 c2
Event: 90.343 Thread 0x00007f9070034a00 DEOPT PACKING pc=0x000000011f236e04 sp=0x000000030adbb4b0
Event: 90.343 Thread 0x00007f9070034a00 DEOPT UNPACKING pc=0x000000011eaf9f93 sp=0x000000030adbb488 mode 2
Event: 898.927 Thread 0x00007f906e9b4e00 Uncommon trap: trap_request=0xffffff45 fr.pc=0x000000011f329eb4 relative=0x0000000000000614
Event: 898.927 Thread 0x00007f906e9b4e00 Uncommon trap: reason=unstable_if action=reinterpret pc=0x000000011f329eb4 method=sun.java2d.metal.MTLRenderQueue$QueueFlusher.run()V @ 22 c2
Event: 898.928 Thread 0x00007f906e9b4e00 DEOPT PACKING pc=0x000000011f329eb4 sp=0x000000030abb5a10
Event: 898.928 Thread 0x00007f906e9b4e00 DEOPT UNPACKING pc=0x000000011eaf9f93 sp=0x000000030abb59d8 mode 2
Event: 909.194 Thread 0x00007f906e9b4e00 DEOPT PACKING pc=0x00000001179fa2a5 sp=0x000000030abb5930
Event: 909.195 Thread 0x00007f906e9b4e00 DEOPT UNPACKING pc=0x000000011eafa710 sp=0x000000030abb4ed0 mode 0

Classes loaded (20 events):
Event: 65.213 Loading class java/util/stream/Nodes$SpinedNodeBuilder
Event: 65.213 Loading class java/util/stream/SpinedBuffer
Event: 65.213 Loading class java/util/stream/AbstractSpinedBuffer
Event: 65.213 Loading class java/util/stream/AbstractSpinedBuffer done
Event: 65.213 Loading class java/util/stream/SpinedBuffer done
Event: 65.213 Loading class java/util/stream/Nodes$SpinedNodeBuilder done
Event: 65.216 Loading class java/util/Formatter$FixedString
Event: 65.216 Loading class java/util/Formatter$FixedString done
Event: 65.219 Loading class jdk/internal/module/ModulePatcher$PatchedModuleReader
Event: 65.219 Loading class jdk/internal/module/ModulePatcher$PatchedModuleReader done
Event: 65.221 Loading class sun/net/www/protocol/jrt/Handler
Event: 65.221 Loading class sun/net/www/protocol/jrt/Handler done
Event: 65.231 Loading class sun/text/resources/cldr/FormatData_en
Event: 65.231 Loading class sun/text/resources/cldr/FormatData_en done
Event: 65.231 Loading class sun/text/resources/cldr/FormatData_en_US
Event: 65.231 Loading class sun/text/resources/cldr/FormatData_en_US done
Event: 68.312 Loading class java/lang/NumberFormatException
Event: 68.312 Loading class java/lang/NumberFormatException done
Event: 74.056 Loading class java/awt/image/BufferedImageOp
Event: 74.057 Loading class java/awt/image/BufferedImageOp done

Classes unloaded (0 events):
No events

Classes redefined (0 events):
No events

Internal exceptions (20 events):
Event: 1.147 Thread 0x00007f906f0d7200 Exception <a 'java/lang/NoSuchMethodError'{0x0000000787db3538}: 'void java.lang.invoke.DirectMethodHandle$Holder.invokeSpecial(java.lang.Object, java.lang.Object, long)'> (0x0000000787db3538) 
thrown [src/hotspot/share/interpreter/linkResolver.cpp, line 773]
Event: 1.187 Thread 0x00007f906f0d7200 Exception <a 'java/lang/NoSuchMethodError'{0x0000000787dbf6e0}: 'void java.lang.invoke.DirectMethodHandle$Holder.invokeStatic(java.lang.Object, long)'> (0x0000000787dbf6e0) 
thrown [src/hotspot/share/interpreter/linkResolver.cpp, line 773]
Event: 1.956 Thread 0x00007f906e80a600 Exception <a 'java/lang/NoSuchMethodError'{0x000000078793e528}: 'void java.lang.invoke.DirectMethodHandle$Holder.invokeStatic(java.lang.Object, long, long)'> (0x000000078793e528) 
thrown [src/hotspot/share/interpreter/linkResolver.cpp, line 773]
Event: 1.957 Thread 0x00007f906e80a600 Exception <a 'java/lang/NoSuchMethodError'{0x00000007879432d8}: 'java.lang.Object java.lang.invoke.DirectMethodHandle$Holder.newInvokeSpecial(java.lang.Object, long)'> (0x00000007879432d8) 
thrown [src/hotspot/share/interpreter/linkResolver.cpp, line 773]
Event: 1.961 Thread 0x00007f906e80a600 Exception <a 'java/lang/NoSuchMethodError'{0x000000078794c610}: 'java.lang.Object java.lang.invoke.DirectMethodHandle$Holder.newInvokeSpecial(java.lang.Object, java.lang.Object, int)'> (0x000000078794c610) 
thrown [src/hotspot/share/interpreter/linkResolver.cpp, line 773]
Event: 63.909 Thread 0x00007f9070034a00 Implicit null exception at 0x000000011f07d5ac to 0x000000011f07d9be
Event: 63.924 Thread 0x00007f9070034a00 Implicit null exception at 0x000000011f07f4c9 to 0x000000011f07fd74
Event: 63.932 Thread 0x00007f9070034a00 Implicit null exception at 0x000000011f08206c to 0x000000011f0831a0
Event: 63.975 Thread 0x00007f9070034a00 Exception <a 'java/lang/NoSuchMethodError'{0x0000000786c2eb48}: 'void java.lang.invoke.DirectMethodHandle$Holder.invokeStatic(java.lang.Object, java.lang.Object)'> (0x0000000786c2eb48) 
thrown [src/hotspot/share/interpreter/linkResolver.cpp, line 773]
Event: 64.041 Thread 0x00007f9070034a00 Exception <a 'java/lang/NoSuchMethodError'{0x0000000786c490a8}: 'int java.lang.invoke.DirectMethodHandle$Holder.invokeStatic(java.lang.Object)'> (0x0000000786c490a8) 
thrown [src/hotspot/share/interpreter/linkResolver.cpp, line 773]
Event: 64.045 Thread 0x00007f9070034a00 Implicit null exception at 0x000000011f167ae9 to 0x000000011f16921c
Event: 64.049 Thread 0x00007f9070034a00 Implicit null exception at 0x000000011f0f6267 to 0x000000011f0f6fd8
Event: 64.050 Thread 0x00007f9070034a00 Implicit null exception at 0x000000011f0f0e46 to 0x000000011f0f13f8
Event: 64.094 Thread 0x00007f9070034a00 Exception <a 'java/lang/NoSuchMethodError'{0x0000000786c7c8b0}: 'java.lang.Object java.lang.invoke.DirectMethodHandle$Holder.invokeSpecial(java.lang.Object, java.lang.Object, double, double)'> (0x0000000786c7c8b0) 
thrown [src/hotspot/share/interpreter/linkResolver.cpp, line 773]
Event: 64.099 Thread 0x00007f9070034a00 Exception <a 'java/lang/NoSuchMethodError'{0x0000000786b11968}: 'java.lang.Object java.lang.invoke.DirectMethodHandle$Holder.newInvokeSpecial(java.lang.Object, java.lang.Object, int, int)'> (0x0000000786b11968) 
thrown [src/hotspot/share/interpreter/linkResolver.cpp, line 773]
Event: 64.102 Thread 0x00007f9070034a00 Exception <a 'java/lang/NoSuchMethodError'{0x0000000786b324d8}: 'java.lang.Object java.lang.invoke.DirectMethodHandle$Holder.newInvokeSpecial(java.lang.Object, java.lang.Object, int, int, int, int)'> (0x0000000786b324d8) 
thrown [src/hotspot/share/interpreter/linkResolver.cpp, line 773]
Event: 65.262 Thread 0x00007f9070034a00 Implicit null exception at 0x000000011f1d8cc1 to 0x000000011f1d8f7c
Event: 71.148 Thread 0x00007f9070034a00 Implicit null exception at 0x000000011f204dcb to 0x000000011f207c60
Event: 90.342 Thread 0x00007f9070034a00 Implicit null exception at 0x000000011f2797bb to 0x000000011f27ad24
Event: 90.343 Thread 0x00007f9070034a00 Implicit null exception at 0x000000011f236c36 to 0x000000011f236df0

ZGC Phase Switch (0 events):
No events

VM Operations (20 events):
Event: 1308.654 Executing VM operation: G1CollectForAllocation (G1 Evacuation Pause)
Event: 1308.662 Executing VM operation: G1CollectForAllocation (G1 Evacuation Pause) done
Event: 1315.131 Executing VM operation: G1CollectForAllocation (G1 Evacuation Pause)
Event: 1315.132 Executing VM operation: G1CollectForAllocation (G1 Evacuation Pause) done
Event: 1321.509 Executing VM operation: G1CollectForAllocation (G1 Evacuation Pause)
Event: 1321.511 Executing VM operation: G1CollectForAllocation (G1 Evacuation Pause) done
Event: 1327.993 Executing VM operation: G1CollectForAllocation (G1 Evacuation Pause)
Event: 1327.995 Executing VM operation: G1CollectForAllocation (G1 Evacuation Pause) done
Event: 1333.844 Executing VM operation: G1CollectForAllocation (G1 Evacuation Pause)
Event: 1333.845 Executing VM operation: G1CollectForAllocation (G1 Evacuation Pause) done
Event: 1340.208 Executing VM operation: G1CollectForAllocation (G1 Evacuation Pause)
Event: 1340.209 Executing VM operation: G1CollectForAllocation (G1 Evacuation Pause) done
Event: 1346.568 Executing VM operation: G1CollectForAllocation (G1 Evacuation Pause)
Event: 1346.569 Executing VM operation: G1CollectForAllocation (G1 Evacuation Pause) done
Event: 1352.869 Executing VM operation: G1CollectForAllocation (G1 Evacuation Pause)
Event: 1352.870 Executing VM operation: G1CollectForAllocation (G1 Evacuation Pause) done
Event: 1359.139 Executing VM operation: G1CollectForAllocation (G1 Evacuation Pause)
Event: 1359.141 Executing VM operation: G1CollectForAllocation (G1 Evacuation Pause) done
Event: 1365.641 Executing VM operation: G1CollectForAllocation (G1 Evacuation Pause)
Event: 1365.643 Executing VM operation: G1CollectForAllocation (G1 Evacuation Pause) done

Events (20 events):
Event: 0.410 Thread 0x00007f9070011800 Thread added: 0x00007f9070011800
Event: 0.410 Protecting memory [0x000000030a584000,0x000000030a588000] with protection modes 0
Event: 0.614 Protecting memory [0x00000003088b9000,0x00000003088bd000] with protection modes 0
Event: 0.614 Thread 0x00007f906f0d7200 Thread added: 0x00007f906f0d7200
Event: 0.674 Thread 0x00007f906e84e600 Thread added: 0x00007f906e84e600
Event: 0.674 Protecting memory [0x000000030a687000,0x000000030a68b000] with protection modes 0
Event: 0.983 Thread 0x00007f906e9b4e00 Thread added: 0x00007f906e9b4e00
Event: 0.983 Protecting memory [0x000000030aab6000,0x000000030aaba000] with protection modes 0
Event: 0.988 Thread 0x00007f906e99c400 Thread added: 0x00007f906e99c400
Event: 0.988 Protecting memory [0x000000030abb9000,0x000000030abbd000] with protection modes 0
Event: 1.055 Thread 0x00007f9070034a00 Thread added: 0x00007f9070034a00
Event: 1.055 Protecting memory [0x000000030acbc000,0x000000030acc0000] with protection modes 0
Event: 1.169 Thread 0x00007f906f11e400 Thread added: 0x00007f906f11e400
Event: 1.169 Protecting memory [0x000000030ae42000,0x000000030ae46000] with protection modes 0
Event: 1.991 Protecting memory [0x000000030913c000,0x0000000309140000] with protection modes 3
Event: 1.991 Thread 0x00007f906e80a600 Thread exited: 0x00007f906e80a600
Event: 1.991 Protecting memory [0x000000030913c000,0x0000000309140000] with protection modes 0
Event: 1.991 Thread 0x00007f906e80a600 Thread added: 0x00007f906e80a600
Event: 64.138 Thread 0x00007f9070044800 Thread added: 0x00007f9070044800
Event: 64.138 Protecting memory [0x000000030b7f3000,0x000000030b7f7000] with protection modes 0


Dynamic libraries:
0x000000010acc3000 	/Applications/Apache NetBeans.app/Contents/Home/lib/libjli.dylib
0x00007ff8101a7000 	/usr/lib/libz.1.dylib
0x00007ff81029e000 	/usr/lib/libSystem.B.dylib
0x00007ff810298000 	/usr/lib/system/libcache.dylib
0x00007ff810250000 	/usr/lib/system/libcommonCrypto.dylib
0x00007ff81027a000 	/usr/lib/system/libcompiler_rt.dylib
0x00007ff81026e000 	/usr/lib/system/libcopyfile.dylib
0x00007ff8018f1000 	/usr/lib/system/libcorecrypto.dylib
0x00007ff8019e9000 	/usr/lib/system/libdispatch.dylib
0x00007ff801b9a000 	/usr/lib/system/libdyld.dylib
0x00007ff81028e000 	/usr/lib/system/libkeymgr.dylib
0x00007ff810233000 	/usr/lib/system/libmacho.dylib
0x00007ff80f585000 	/usr/lib/system/libquarantine.dylib
0x00007ff81028b000 	/usr/lib/system/libremovefile.dylib
0x00007ff8075c7000 	/usr/lib/system/libsystem_asl.dylib
0x00007ff80188b000 	/usr/lib/system/libsystem_blocks.dylib
0x00007ff801a34000 	/usr/lib/system/libsystem_c.dylib
0x00007ff810282000 	/usr/lib/system/libsystem_collections.dylib
0x00007ff80e320000 	/usr/lib/system/libsystem_configuration.dylib
0x00007ff80d0c9000 	/usr/lib/system/libsystem_containermanager.dylib
0x00007ff80fe03000 	/usr/lib/system/libsystem_coreservices.dylib
0x00007ff80505e000 	/usr/lib/system/libsystem_darwin.dylib
0x00007ffd070f7000 	/usr/lib/system/libsystem_darwindirectory.dylib
0x00007ff81028f000 	/usr/lib/system/libsystem_dnssd.dylib
0x00007ffd070fb000 	/usr/lib/system/libsystem_eligibility.dylib
0x00007ff801a31000 	/usr/lib/system/libsystem_featureflags.dylib
0x00007ff801bd1000 	/usr/lib/system/libsystem_info.dylib
0x00007ff8101bb000 	/usr/lib/system/libsystem_m.dylib
0x00007ff8019a5000 	/usr/lib/system/libsystem_malloc.dylib
0x00007ff807538000 	/usr/lib/system/libsystem_networkextension.dylib
0x00007ff80549a000 	/usr/lib/system/libsystem_notify.dylib
0x00007ff80e324000 	/usr/lib/system/libsystem_sandbox.dylib
0x00007ffd07102000 	/usr/lib/system/libsystem_sanitizers.dylib
0x00007ff810287000 	/usr/lib/system/libsystem_secinit.dylib
0x00007ff801b52000 	/usr/lib/system/libsystem_kernel.dylib
0x00007ff801bc7000 	/usr/lib/system/libsystem_platform.dylib
0x00007ff801b8e000 	/usr/lib/system/libsystem_pthread.dylib
0x00007ff8092f8000 	/usr/lib/system/libsystem_symptoms.dylib
0x00007ff8018d6000 	/usr/lib/system/libsystem_trace.dylib
0x00007ff81025d000 	/usr/lib/system/libunwind.dylib
0x00007ff80188f000 	/usr/lib/system/libxpc.dylib
0x00007ff8017bc000 	/usr/lib/libobjc.A.dylib
0x00007ff801bff000 	/System/Library/Frameworks/CoreFoundation.framework/Versions/A/CoreFoundation
0x00007ff81395b000 	/usr/lib/swift/libswiftCore.dylib
0x00007ff801b3a000 	/usr/lib/libc++abi.dylib
0x00007ff810266000 	/usr/lib/liboah.dylib
0x00007ff801abd000 	/usr/lib/libc++.1.dylib
0x00007ff802bc0000 	/System/Library/Frameworks/Foundation.framework/Versions/C/Foundation
0x00007ff81c60f000 	/usr/lib/swift/libswiftObjectiveC.dylib
0x00007ff805353000 	/System/Library/PrivateFrameworks/CoreServicesInternal.framework/Versions/A/CoreServicesInternal
0x00007ff8102a0000 	/usr/lib/libfakelink.dylib
0x00007ff804dbf000 	/usr/lib/libicucore.A.dylib
0x00007ff8102a3000 	/System/Library/PrivateFrameworks/SoftLinking.framework/Versions/A/SoftLinking
0x00007ff817de6000 	/System/Library/Frameworks/CoreServices.framework/Versions/A/CoreServices
0x00007ff8049f0000 	/System/Library/Frameworks/Security.framework/Versions/A/Security
0x00007ff8053d4000 	/System/Library/Frameworks/IOKit.framework/Versions/A/IOKit
0x00007ff81bc5c000 	/System/Library/PrivateFrameworks/DiskImages.framework/Versions/A/DiskImages
0x00007ff909003000 	/System/Library/Frameworks/NetFS.framework/Versions/A/NetFS
0x00007ff807194000 	/System/Library/Frameworks/CFNetwork.framework/Versions/A/CFNetwork
0x00007ff80b689000 	/System/Library/Frameworks/CoreServices.framework/Versions/A/Frameworks/FSEvents.framework/Versions/A/FSEvents
0x00007ff805069000 	/System/Library/Frameworks/CoreServices.framework/Versions/A/Frameworks/CarbonCore.framework/Versions/A/CarbonCore
0x00007ff80a421000 	/System/Library/Frameworks/CoreServices.framework/Versions/A/Frameworks/Metadata.framework/Versions/A/Metadata
0x00007ff80fe0a000 	/System/Library/Frameworks/CoreServices.framework/Versions/A/Frameworks/OSServices.framework/Versions/A/OSServices
0x00007ff81037c000 	/System/Library/Frameworks/CoreServices.framework/Versions/A/Frameworks/SearchKit.framework/Versions/A/SearchKit
0x00007ff809278000 	/System/Library/Frameworks/CoreServices.framework/Versions/A/Frameworks/AE.framework/Versions/A/AE
0x00007ff80209c000 	/System/Library/Frameworks/CoreServices.framework/Versions/A/Frameworks/LaunchServices.framework/Versions/A/LaunchServices
0x00007ff811912000 	/System/Library/Frameworks/CoreServices.framework/Versions/A/Frameworks/DictionaryServices.framework/Versions/A/DictionaryServices
0x00007ff80b697000 	/System/Library/Frameworks/CoreServices.framework/Versions/A/Frameworks/SharedFileList.framework/Versions/A/SharedFileList
0x00007ff80284e000 	/System/Library/Frameworks/SystemConfiguration.framework/Versions/A/SystemConfiguration
0x00007ff810401000 	/usr/lib/libapple_nghttp2.dylib
0x00007ff810437000 	/usr/lib/libcompression.dylib
0x00007ff808edf000 	/usr/lib/libsqlite3.dylib
0x00007ff80a394000 	/System/Library/PrivateFrameworks/CoreAnalytics.framework/Versions/A/CoreAnalytics
0x00007ff807acd000 	/System/Library/Frameworks/CoreGraphics.framework/Versions/A/CoreGraphics
0x00007ff814575000 	/System/Library/Frameworks/GSS.framework/Versions/A/GSS
0x00007ff812e78000 	/System/Library/PrivateFrameworks/InternationalSupport.framework/Versions/A/InternationalSupport
0x00007ff809214000 	/System/Library/PrivateFrameworks/RunningBoardServices.framework/Versions/A/RunningBoardServices
0x00007ff807552000 	/usr/lib/libenergytrace.dylib
0x00007ff809300000 	/System/Library/Frameworks/Network.framework/Versions/A/Network
0x00007ff80a3c3000 	/usr/lib/libDiagnosticMessagesClient.dylib
0x00007ff80f5aa000 	/usr/lib/libbsm.0.dylib
0x00007ff810237000 	/usr/lib/system/libkxld.dylib
0x00007ffd05fcd000 	/usr/lib/libCoreEntitlements.dylib
0x00007ffc0634e000 	/System/Library/PrivateFrameworks/MessageSecurity.framework/Versions/A/MessageSecurity
0x00007ff808ec6000 	/System/Library/PrivateFrameworks/ProtocolBuffer.framework/Versions/A/ProtocolBuffer
0x00007ff807553000 	/usr/lib/libMobileGestalt.dylib
0x00007ff80fde9000 	/System/Library/PrivateFrameworks/AppleFSCompression.framework/Versions/A/AppleFSCompression
0x00007ff80f592000 	/usr/lib/libcoretls.dylib
0x00007ff81197f000 	/usr/lib/libcoretls_cfhelpers.dylib
0x00007ff810431000 	/usr/lib/libpam.2.dylib
0x00007ff8119f9000 	/usr/lib/libxar.1.dylib
0x00007ff80b6c2000 	/System/Library/PrivateFrameworks/CoreAutoLayout.framework/Versions/A/CoreAutoLayout
0x00007ff80a4a8000 	/System/Library/Frameworks/DiskArbitration.framework/Versions/A/DiskArbitration
0x00007ff8102f3000 	/usr/lib/libarchive.2.dylib
0x00007ff80b70a000 	/usr/lib/libxml2.2.dylib
0x00007ff80e331000 	/usr/lib/liblangid.dylib
0x00007ff815c96000 	/System/Library/Frameworks/Combine.framework/Versions/A/Combine
0x00007ffb11759000 	/System/Library/PrivateFrameworks/CollectionsInternal.framework/Versions/A/CollectionsInternal
0x00007ffc0d5ee000 	/System/Library/PrivateFrameworks/ReflectionInternal.framework/Versions/A/ReflectionInternal
0x00007ffc0e15e000 	/System/Library/PrivateFrameworks/RuntimeInternal.framework/Versions/A/RuntimeInternal
0x00007ff90bb0f000 	/usr/lib/swift/libswiftCoreFoundation.dylib
0x00007ff9094c2000 	/usr/lib/swift/libswiftDarwin.dylib
0x00007ff819b61000 	/usr/lib/swift/libswiftDispatch.dylib
0x00007ff90bb60000 	/usr/lib/swift/libswiftIOKit.dylib
0x00007ffd06d2d000 	/usr/lib/swift/libswiftSystem.dylib
0x00007ff90bb20000 	/usr/lib/swift/libswiftXPC.dylib
0x00007ffd06da5000 	/usr/lib/swift/libswift_Builtin_float.dylib
0x00007ffd06da8000 	/usr/lib/swift/libswift_Concurrency.dylib
0x00007ffd06eee000 	/usr/lib/swift/libswift_StringProcessing.dylib
0x00007ffd06f89000 	/usr/lib/swift/libswift_errno.dylib
0x00007ffd06f8b000 	/usr/lib/swift/libswift_math.dylib
0x00007ffd06f8e000 	/usr/lib/swift/libswift_signal.dylib
0x00007ffd06f8f000 	/usr/lib/swift/libswift_stdio.dylib
0x00007ffd06f90000 	/usr/lib/swift/libswift_time.dylib
0x00007ff81c613000 	/usr/lib/swift/libswiftos.dylib
0x00007ffd06f91000 	/usr/lib/swift/libswiftsys_time.dylib
0x00007ffd06f92000 	/usr/lib/swift/libswiftunistd.dylib
0x00007ff80e32c000 	/System/Library/PrivateFrameworks/AppleSystemInfo.framework/Versions/A/AppleSystemInfo
0x00007ff90ba0c000 	/System/Library/PrivateFrameworks/LoggingSupport.framework/Versions/A/LoggingSupport
0x00007ff80b87b000 	/System/Library/PrivateFrameworks/UserManagement.framework/Versions/A/UserManagement
0x00007ff8070c1000 	/usr/lib/libboringssl.dylib
0x00007ff8092e8000 	/usr/lib/libdns_services.dylib
0x00007ff90ac5e000 	/usr/lib/libquic.dylib
0x00007ff8138e3000 	/usr/lib/libusrtcp.dylib
0x00007ffa0e2e4000 	/System/Library/PrivateFrameworks/InternalSwiftProtobuf.framework/Versions/A/InternalSwiftProtobuf
0x00007ffd06c66000 	/usr/lib/swift/libswiftDistributed.dylib
0x00007ff807193000 	/usr/lib/libnetwork.dylib
0x00007ff8103df000 	/System/Library/PrivateFrameworks/AppleSauce.framework/Versions/A/AppleSauce
0x00007ffd06c96000 	/usr/lib/swift/libswiftObservation.dylib
0x00007ff8026de000 	/System/Library/PrivateFrameworks/Lexicon.framework/Versions/A/Lexicon
0x00007ffb20724000 	/System/Library/PrivateFrameworks/IO80211.framework/Versions/A/IO80211
0x00007ff819dd4000 	/System/Library/PrivateFrameworks/FrontBoardServices.framework/Versions/A/FrontBoardServices
0x00007ff80f4c4000 	/System/Library/Frameworks/SecurityFoundation.framework/Versions/A/SecurityFoundation
0x00007ff80e442000 	/System/Library/PrivateFrameworks/LinguisticData.framework/Versions/A/LinguisticData
0x00007ff80f2a7000 	/System/Library/PrivateFrameworks/IOMobileFramebuffer.framework/Versions/A/IOMobileFramebuffer
0x00007ff80d0f6000 	/System/Library/Frameworks/IOSurface.framework/Versions/A/IOSurface
0x00007ff809131000 	/System/Library/PrivateFrameworks/BaseBoard.framework/Versions/A/BaseBoard
0x00007ff819ea5000 	/System/Library/PrivateFrameworks/BoardServices.framework/Versions/A/BoardServices
0x00007ff80f4b7000 	/System/Library/PrivateFrameworks/AssertionServices.framework/Versions/A/AssertionServices
0x00007ff81ba95000 	/System/Library/PrivateFrameworks/BackBoardServices.framework/Versions/A/BackBoardServices
0x00007ff80dab5000 	/System/Library/Frameworks/ImageIO.framework/Versions/A/ImageIO
0x00007ff8075fe000 	/System/Library/PrivateFrameworks/SkyLight.framework/Versions/A/SkyLight
0x00007ff80d507000 	/System/Library/PrivateFrameworks/FontServices.framework/libFontParser.dylib
0x00007ff818091000 	/System/Library/Frameworks/Accelerate.framework/Versions/A/Accelerate
0x00007ff8075de000 	/System/Library/PrivateFrameworks/TCC.framework/Versions/A/TCC
0x00007ff81f503000 	/System/Library/PrivateFrameworks/IOSurfaceAccelerator.framework/Versions/A/IOSurfaceAccelerator
0x00007ff8125fa000 	/System/Library/PrivateFrameworks/WatchdogClient.framework/Versions/A/WatchdogClient
0x00007ff803ba3000 	/System/Library/Frameworks/CoreDisplay.framework/Versions/A/CoreDisplay
0x00007ff80d3b6000 	/System/Library/Frameworks/CoreMedia.framework/Versions/A/CoreMedia
0x00007ff80d10d000 	/System/Library/PrivateFrameworks/IOAccelerator.framework/Versions/A/IOAccelerator
0x00007ff80d116000 	/System/Library/Frameworks/Metal.framework/Versions/A/Metal
0x00007ff80b7ea000 	/System/Library/Frameworks/CoreVideo.framework/Versions/A/CoreVideo
0x00007ff81042f000 	/System/Library/Frameworks/MetalPerformanceShaders.framework/Versions/A/MetalPerformanceShaders
0x00007ff8125fc000 	/System/Library/PrivateFrameworks/MultitouchSupport.framework/Versions/A/MultitouchSupport
0x00007ff80afe3000 	/System/Library/Frameworks/QuartzCore.framework/Versions/A/QuartzCore
0x00007ffc0cbdb000 	/System/Library/PrivateFrameworks/ProDisplayLibrary.framework/Versions/A/ProDisplayLibrary
0x00007ff812640000 	/System/Library/Frameworks/VideoToolbox.framework/Versions/A/VideoToolbox
0x00007ff918615000 	/usr/lib/swift/libswiftMetal.dylib
0x00007ffa069c2000 	/usr/lib/swift/libswiftOSLog.dylib
0x00007ff91d00b000 	/usr/lib/swift/libswiftQuartzCore.dylib
0x00007ff921565000 	/usr/lib/swift/libswiftUniformTypeIdentifiers.dylib
0x00007ff90f475000 	/usr/lib/swift/libswiftsimd.dylib
0x00007ff80f49d000 	/System/Library/PrivateFrameworks/MobileKeyBag.framework/Versions/A/MobileKeyBag
0x00007ff80e32b000 	/System/Library/PrivateFrameworks/AggregateDictionary.framework/Versions/A/AggregateDictionary
0x00007ff811981000 	/System/Library/PrivateFrameworks/APFS.framework/Versions/A/APFS
0x00007ffb0e3e0000 	/System/Library/PrivateFrameworks/AppleKeyStore.framework/Versions/A/AppleKeyStore
0x00007ff811a07000 	/usr/lib/libutil.dylib
0x00007ff811960000 	/usr/lib/liblzma.5.dylib
0x00007ff80a4b0000 	/System/Library/Frameworks/Accelerate.framework/Versions/A/Frameworks/vImage.framework/Versions/A/vImage
0x00007ff817dbd000 	/System/Library/Frameworks/Accelerate.framework/Versions/A/Frameworks/vecLib.framework/Versions/A/vecLib
0x00007ff811a3c000 	/System/Library/Frameworks/Accelerate.framework/Versions/A/Frameworks/vecLib.framework/Versions/A/libvMisc.dylib
0x00007ff80250f000 	/System/Library/Frameworks/Accelerate.framework/Versions/A/Frameworks/vecLib.framework/Versions/A/libBLAS.dylib
0x00007ff81c17a000 	/System/Library/Frameworks/ApplicationServices.framework/Versions/A/ApplicationServices
0x00007ff8083a8000 	/System/Library/Frameworks/ColorSync.framework/Versions/A/ColorSync
0x00007ff804081000 	/System/Library/Frameworks/CoreText.framework/Versions/A/CoreText
0x00007ff81415f000 	/System/Library/Frameworks/ApplicationServices.framework/Versions/A/Frameworks/ATS.framework/Versions/A/ATS
0x00007ff80855e000 	/System/Library/Frameworks/ApplicationServices.framework/Versions/A/Frameworks/HIServices.framework/Versions/A/HIServices
0x00007ff812d40000 	/System/Library/Frameworks/ApplicationServices.framework/Versions/A/Frameworks/PrintCore.framework/Versions/A/PrintCore
0x00007ff81453e000 	/System/Library/Frameworks/ApplicationServices.framework/Versions/A/Frameworks/QD.framework/Versions/A/QD
0x00007ff814537000 	/System/Library/Frameworks/ApplicationServices.framework/Versions/A/Frameworks/ColorSyncLegacy.framework/Versions/A/ColorSyncLegacy
0x00007ff814135000 	/System/Library/Frameworks/ApplicationServices.framework/Versions/A/Frameworks/SpeechSynthesis.framework/Versions/A/SpeechSynthesis
0x00007ff80f275000 	/System/Library/PrivateFrameworks/CoreEmoji.framework/Versions/A/CoreEmoji
0x00007ffb17f15000 	/System/Library/PrivateFrameworks/FontServices.framework/Versions/A/FontServices
0x00007ff806bdb000 	/System/Library/Frameworks/UniformTypeIdentifiers.framework/Versions/A/UniformTypeIdentifiers
0x00007ff812153000 	/System/Library/PrivateFrameworks/OTSVG.framework/Versions/A/OTSVG
0x00007ff80b387000 	/System/Library/Frameworks/ApplicationServices.framework/Versions/A/Frameworks/ATS.framework/Versions/A/Resources/libFontRegistry.dylib
0x00007ff8121a3000 	/System/Library/PrivateFrameworks/FontServices.framework/libhvf.dylib
0x00007ffc093b8000 	/System/Library/PrivateFrameworks/ParsingInternal.framework/Versions/A/ParsingInternal
0x00007ffd06cb1000 	/usr/lib/swift/libswiftRegexBuilder.dylib
0x00007ffd06e46000 	/usr/lib/swift/libswift_RegexParser.dylib
0x00007ff8124c3000 	/System/Library/PrivateFrameworks/AppleJPEG.framework/Versions/A/AppleJPEG
0x00007ff811f75000 	/usr/lib/libexpat.1.dylib
0x00007ff812c0b000 	/System/Library/Frameworks/ImageIO.framework/Versions/A/Resources/libPng.dylib
0x00007ff812c38000 	/System/Library/Frameworks/ImageIO.framework/Versions/A/Resources/libTIFF.dylib
0x00007ff812d2b000 	/System/Library/Frameworks/ImageIO.framework/Versions/A/Resources/libGIF.dylib
0x00007ff81250f000 	/System/Library/Frameworks/ImageIO.framework/Versions/A/Resources/libJP2.dylib
0x00007ff811bd5000 	/usr/lib/libate.dylib
0x00007ff812ccb000 	/System/Library/Frameworks/ImageIO.framework/Versions/A/Resources/libJPEG.dylib
0x00007ff812cc2000 	/System/Library/Frameworks/ImageIO.framework/Versions/A/Resources/libRadiance.dylib
0x00007ffb1cf24000 	/System/Library/PrivateFrameworks/GPUCompiler.framework/Versions/32023/Libraries/libllvm-flatbuffers.dylib
0x00007ffb17fdb000 	/System/Library/PrivateFrameworks/FramePacing.framework/Versions/A/FramePacing
0x00007ffa210fb000 	/System/Library/Frameworks/OpenGL.framework/Versions/A/Libraries/libCoreFSCache.dylib
0x00007ffb18bf0000 	/System/Library/PrivateFrameworks/GPUCompiler.framework/Versions/32023/Libraries/libGPUCompilerUtils.dylib
0x00007ffb17f16000 	/System/Library/PrivateFrameworks/FontServices.framework/libXTFontStaticRegistryData.dylib
0x00007ff80de4b000 	/System/Library/Frameworks/CoreImage.framework/Versions/A/CoreImage
0x00007ffa0a079000 	/System/Library/PrivateFrameworks/Symbolication.framework/Versions/A/Symbolication
0x00007ffc0bf65000 	/System/Library/PrivateFrameworks/PhotosensitivityProcessing.framework/Versions/A/PhotosensitivityProcessing
0x00007ffa21107000 	/System/Library/Frameworks/OpenGL.framework/Versions/A/OpenGL
0x00007ffb020c5000 	/System/Library/Frameworks/OpenCL.framework/Versions/A/OpenCL
0x00007ff812144000 	/System/Library/PrivateFrameworks/GraphVisualizer.framework/Versions/A/GraphVisualizer
0x00007ffa21158000 	/System/Library/Frameworks/OpenGL.framework/Versions/A/Libraries/libGLU.dylib
0x00007ffa2111a000 	/System/Library/Frameworks/OpenGL.framework/Versions/A/Libraries/libGFXShared.dylib
0x00007ffa21314000 	/System/Library/Frameworks/OpenGL.framework/Versions/A/Libraries/libGL.dylib
0x00007ffa21123000 	/System/Library/Frameworks/OpenGL.framework/Versions/A/Libraries/libGLImage.dylib
0x00007ffa21117000 	/System/Library/Frameworks/OpenGL.framework/Versions/A/Libraries/libCVMSPluginSupport.dylib
0x00007ffd060fc000 	/usr/lib/libRosetta.dylib
0x00007ffa21102000 	/System/Library/Frameworks/OpenGL.framework/Versions/A/Libraries/libCoreVMClient.dylib
0x00007ff80e265000 	/System/Library/Frameworks/MetalPerformanceShaders.framework/Versions/A/Frameworks/MPSCore.framework/Versions/A/MPSCore
0x00007ff80fd43000 	/System/Library/Frameworks/MetalPerformanceShaders.framework/Versions/A/Frameworks/MPSImage.framework/Versions/A/MPSImage
0x00007ff80f62f000 	/System/Library/Frameworks/MetalPerformanceShaders.framework/Versions/A/Frameworks/MPSNeuralNetwork.framework/Versions/A/MPSNeuralNetwork
0x00007ff80fb88000 	/System/Library/Frameworks/MetalPerformanceShaders.framework/Versions/A/Frameworks/MPSMatrix.framework/Versions/A/MPSMatrix
0x00007ff80f93f000 	/System/Library/Frameworks/MetalPerformanceShaders.framework/Versions/A/Frameworks/MPSRayIntersector.framework/Versions/A/MPSRayIntersector
0x00007ff80fbc7000 	/System/Library/Frameworks/MetalPerformanceShaders.framework/Versions/A/Frameworks/MPSNDArray.framework/Versions/A/MPSNDArray
0x00007ffb05b76000 	/System/Library/Frameworks/MetalPerformanceShaders.framework/Versions/A/Frameworks/MPSFunctions.framework/Versions/A/MPSFunctions
0x00007ffb05b59000 	/System/Library/Frameworks/MetalPerformanceShaders.framework/Versions/A/Frameworks/MPSBenchmarkLoop.framework/Versions/A/MPSBenchmarkLoop
0x00007ff802388000 	/System/Library/PrivateFrameworks/MetalTools.framework/Versions/A/MetalTools
0x00007ff910981000 	/System/Library/PrivateFrameworks/IOAccelMemoryInfo.framework/Versions/A/IOAccelMemoryInfo
0x00007ff91d411000 	/System/Library/PrivateFrameworks/kperf.framework/Versions/A/kperf
0x00007ff90baee000 	/System/Library/PrivateFrameworks/GPURawCounter.framework/Versions/A/GPURawCounter
0x00007ff81a2fe000 	/System/Library/PrivateFrameworks/CoreSymbolication.framework/Versions/A/CoreSymbolication
0x00007ff90ba8e000 	/System/Library/PrivateFrameworks/MallocStackLogging.framework/Versions/A/MallocStackLogging
0x00007ff811d0c000 	/System/Library/PrivateFrameworks/CrashReporterSupport.framework/Versions/A/CrashReporterSupport
0x00007ff81a2bf000 	/System/Library/PrivateFrameworks/DebugSymbols.framework/Versions/A/DebugSymbols
0x00007ff91c68c000 	/System/Library/PrivateFrameworks/OSAnalytics.framework/Versions/A/OSAnalytics
0x00007ff812cfc000 	/System/Library/Frameworks/ApplicationServices.framework/Versions/A/Frameworks/ATSUI.framework/Versions/A/ATSUI
0x00007ff8144c9000 	/usr/lib/libcups.2.dylib
0x00007ff814566000 	/System/Library/Frameworks/Kerberos.framework/Versions/A/Kerberos
0x00007ff8141d8000 	/usr/lib/libresolv.9.dylib
0x00007ff8102da000 	/usr/lib/libiconv.2.dylib
0x00007ff8121b6000 	/System/Library/PrivateFrameworks/Heimdal.framework/Versions/A/Heimdal
0x00007ff81c56b000 	/System/Library/Frameworks/Kerberos.framework/Versions/A/Libraries/libHeimdalProxy.dylib
0x00007ff811f90000 	/usr/lib/libheimdal-asn1.dylib
0x00007ff80b661000 	/System/Library/Frameworks/OpenDirectory.framework/Versions/A/OpenDirectory
0x00007ff8145c3000 	/System/Library/PrivateFrameworks/CommonAuth.framework/Versions/A/CommonAuth
0x00007ff80b66d000 	/System/Library/Frameworks/OpenDirectory.framework/Versions/A/Frameworks/CFOpenDirectory.framework/Versions/A/CFOpenDirectory
0x00007ff810232000 	/usr/lib/libcharset.1.dylib
0x00007ffb0281c000 	/System/Library/Frameworks/AVFAudio.framework/Versions/A/AVFAudio
0x00007ff905e41000 	/System/Library/PrivateFrameworks/AXCoreUtilities.framework/Versions/A/AXCoreUtilities
0x00007ff813f2a000 	/System/Library/Frameworks/AudioToolbox.framework/Versions/A/AudioToolbox
0x00007ff8042a5000 	/System/Library/Frameworks/CoreAudio.framework/Versions/A/CoreAudio
0x00007ffc03429000 	/System/Library/PrivateFrameworks/IsolatedCoreAudioClient.framework/Versions/A/IsolatedCoreAudioClient
0x00007ff81411d000 	/usr/lib/libAudioStatistics.dylib
0x00007ff80d392000 	/System/Library/PrivateFrameworks/caulk.framework/Versions/A/caulk
0x00007ff803cce000 	/System/Library/PrivateFrameworks/AudioToolboxCore.framework/Versions/A/AudioToolboxCore
0x00007ff81e95d000 	/System/Library/Frameworks/CoreMIDI.framework/Versions/A/CoreMIDI
0x00007ff8140c4000 	/System/Library/PrivateFrameworks/AudioSession.framework/Versions/A/AudioSession
0x00007ff815a22000 	/System/Library/Frameworks/IOBluetooth.framework/Versions/A/IOBluetooth
0x00007ff81207a000 	/System/Library/PrivateFrameworks/MediaExperience.framework/Versions/A/MediaExperience
0x00007ffc18b82000 	/System/Library/PrivateFrameworks/Tightbeam.framework/Versions/A/Tightbeam
0x00007ffa01bef000 	/System/Library/PrivateFrameworks/AFKUser.framework/Versions/A/AFKUser
0x00007ff812198000 	/System/Library/PrivateFrameworks/AppServerSupport.framework/Versions/A/AppServerSupport
0x00007ff814549000 	/System/Library/PrivateFrameworks/perfdata.framework/Versions/A/perfdata
0x00007ff90ad48000 	/System/Library/PrivateFrameworks/SystemPolicy.framework/Versions/A/SystemPolicy
0x00007ff8143e9000 	/usr/lib/libSMC.dylib
0x00007ff812bd6000 	/usr/lib/libAudioToolboxUtility.dylib
0x00007ff814557000 	/usr/lib/libperfcheck.dylib
0x00007ffb0e9dd000 	/System/Library/PrivateFrameworks/AudioAnalytics.framework/Versions/A/AudioAnalytics
0x00007ffa14de3000 	/System/Library/PrivateFrameworks/FeatureFlags.framework/Versions/A/FeatureFlags
0x00007ffa0e0bf000 	/System/Library/Frameworks/OSLog.framework/Versions/A/OSLog
0x00007ff80fdf4000 	/usr/lib/libbz2.1.0.dylib
0x00007ff90babd000 	/usr/lib/libmis.dylib
0x00007ff813eea000 	/System/Library/PrivateFrameworks/AudioSession.framework/libSessionUtility.dylib
0x00007ff812d31000 	/System/Library/PrivateFrameworks/CMCaptureCore.framework/Versions/A/CMCaptureCore
0x00007ff8121af000 	/usr/lib/libspindump.dylib
0x00007ffb03d11000 	/System/Library/Frameworks/ExtensionFoundation.framework/Versions/A/ExtensionFoundation
0x00007ff81a40e000 	/System/Library/PrivateFrameworks/CoreTime.framework/Versions/A/CoreTime
0x00007ff811e66000 	/System/Library/PrivateFrameworks/PlugInKit.framework/Versions/A/PlugInKit
0x00007ff818d25000 	/System/Library/PrivateFrameworks/PowerLog.framework/Versions/A/PowerLog
0x00007ff818c35000 	/System/Library/Frameworks/CoreBluetooth.framework/Versions/A/CoreBluetooth
0x00007ff81c56c000 	/System/Library/Frameworks/AudioUnit.framework/Versions/A/AudioUnit
0x00007ff80f332000 	/System/Library/PrivateFrameworks/CoreUtils.framework/Versions/A/CoreUtils
0x00007ffb1526a000 	/System/Library/PrivateFrameworks/CoreUtilsExtras.framework/Versions/A/CoreUtilsExtras
0x00007ff8180dd000 	/System/Library/Frameworks/MediaAccessibility.framework/Versions/A/MediaAccessibility
0x00007ff913bf2000 	/System/Library/PrivateFrameworks/AttributeGraph.framework/Versions/A/AttributeGraph
0x00007ffd05e0a000 	/usr/lib/libAXSafeCategoryBundle.dylib
0x00007ff905ee6000 	/usr/lib/libAccessibility.dylib
0x00007ff80f07e000 	/System/Library/Frameworks/Accelerate.framework/Versions/A/Frameworks/vecLib.framework/Versions/A/libvDSP.dylib
0x00007ff81051a000 	/System/Library/Frameworks/Accelerate.framework/Versions/A/Frameworks/vecLib.framework/Versions/A/libLAPACK.dylib
0x00007ff80f619000 	/System/Library/Frameworks/Accelerate.framework/Versions/A/Frameworks/vecLib.framework/Versions/A/libLinearAlgebra.dylib
0x00007ff81041c000 	/System/Library/Frameworks/Accelerate.framework/Versions/A/Frameworks/vecLib.framework/Versions/A/libSparseBLAS.dylib
0x00007ff810514000 	/System/Library/Frameworks/Accelerate.framework/Versions/A/Frameworks/vecLib.framework/Versions/A/libQuadrature.dylib
0x00007ff80e448000 	/System/Library/Frameworks/Accelerate.framework/Versions/A/Frameworks/vecLib.framework/Versions/A/libBNNS.dylib
0x00007ff8027d7000 	/System/Library/Frameworks/Accelerate.framework/Versions/A/Frameworks/vecLib.framework/Versions/A/libSparse.dylib
0x00007ffc0462a000 	/System/Library/PrivateFrameworks/MIL.framework/Versions/A/MIL
0x00007ff812cbb000 	/System/Library/PrivateFrameworks/GPUWrangler.framework/Versions/A/GPUWrangler
0x00007ff812c9f000 	/System/Library/PrivateFrameworks/IOPresentment.framework/Versions/A/IOPresentment
0x00007ff812cc5000 	/System/Library/PrivateFrameworks/DSExternalDisplay.framework/Versions/A/DSExternalDisplay
0x00007ffa0e4da000 	/System/Library/PrivateFrameworks/HIDDisplay.framework/Versions/A/HIDDisplay
0x00007ff904c1d000 	/System/Library/PrivateFrameworks/HID.framework/Versions/A/HID
0x00007ffc1c10a000 	/System/Library/PrivateFrameworks/VideoToolboxParavirtualizationSupport.framework/Versions/A/VideoToolboxParavirtualizationSupport
0x00007ff811f27000 	/System/Library/PrivateFrameworks/AppleVA.framework/Versions/A/AppleVA
0x00007ff819f4d000 	/System/Library/PrivateFrameworks/GraphicsServices.framework/Versions/A/GraphicsServices
0x00007ff808a31000 	/System/Library/Frameworks/CoreData.framework/Versions/A/CoreData
0x00007ff81472f000 	/System/Library/PrivateFrameworks/CorePhoneNumbers.framework/Versions/A/CorePhoneNumbers
0x00007ff818e05000 	/System/Library/PrivateFrameworks/MediaKit.framework/Versions/A/MediaKit
0x00007ff818d5f000 	/System/Library/Frameworks/DiscRecording.framework/Versions/A/DiscRecording
0x00007ffb0373d000 	/System/Library/Frameworks/CoreTransferable.framework/Versions/A/CoreTransferable
0x00007ff81452c000 	/System/Library/PrivateFrameworks/NetAuth.framework/Versions/A/NetAuth
0x00007ff811fe5000 	/System/Library/PrivateFrameworks/IconServices.framework/Versions/A/IconServices
0x00007ff80b83e000 	/System/Library/PrivateFrameworks/login.framework/Versions/A/Frameworks/loginsupport.framework/Versions/A/loginsupport
0x00007ff90bb5f000 	/usr/lib/swift/libswiftCoreImage.dylib
0x00007ff811f99000 	/System/Library/PrivateFrameworks/IconFoundation.framework/Versions/A/IconFoundation
0x00007ff80b3d3000 	/System/Library/PrivateFrameworks/CoreUI.framework/Versions/A/CoreUI
0x00007ff812db4000 	/System/Library/PrivateFrameworks/TextureIO.framework/Versions/A/TextureIO
0x00007ff80da7d000 	/System/Library/PrivateFrameworks/CoreSVG.framework/Versions/A/CoreSVG
0x00007ff921574000 	/usr/lib/swift/libswiftAccelerate.dylib
0x00007ff811d03000 	/usr/lib/libIOReport.dylib
0x00007ffb0e61e000 	/System/Library/PrivateFrameworks/AppleMobileFileIntegrity.framework/Versions/A/AppleMobileFileIntegrity
0x00007ffd06141000 	/usr/lib/libTLE.dylib
0x00007ffa1c93e000 	/System/Library/PrivateFrameworks/ConfigProfileHelper.framework/Versions/A/ConfigProfileHelper
0x00007ff80f5ba000 	/usr/lib/libmecab.dylib
0x00007ff8028d4000 	/usr/lib/libCRFSuite.dylib
0x00007ff80e333000 	/System/Library/PrivateFrameworks/CoreNLP.framework/Versions/A/CoreNLP
0x00007ff80f616000 	/usr/lib/libgermantok.dylib
0x00007ff8103d7000 	/usr/lib/libThaiTokenizer.dylib
0x00007ff812e88000 	/System/Library/PrivateFrameworks/DataDetectorsCore.framework/Versions/A/DataDetectorsCore
0x00007ff90f51f000 	/System/Library/PrivateFrameworks/TextInput.framework/Versions/A/TextInput
0x00007ff806a00000 	/System/Library/PrivateFrameworks/UIFoundation.framework/Versions/A/UIFoundation
0x00007ff80f588000 	/usr/lib/libCheckFix.dylib
0x00007ff80a3c5000 	/System/Library/PrivateFrameworks/MetadataUtilities.framework/Versions/A/MetadataUtilities
0x00007ffb20973000 	/System/Library/PrivateFrameworks/InstalledContentLibrary.framework/Versions/A/InstalledContentLibrary
0x00007ff805394000 	/System/Library/PrivateFrameworks/CoreServicesStore.framework/Versions/A/CoreServicesStore
0x00007ff80b6bf000 	/usr/lib/libapp_launch_measurement.dylib
0x00007ff91d513000 	/System/Library/PrivateFrameworks/MobileSystemServices.framework/Versions/A/MobileSystemServices
0x00007ff811a0b000 	/usr/lib/libxslt.1.dylib
0x00007ff80f54e000 	/System/Library/PrivateFrameworks/BackgroundTaskManagement.framework/Versions/A/BackgroundTaskManagement
0x00007ff81be0a000 	/usr/lib/libcurl.4.dylib
0x00007ffd064d5000 	/usr/lib/libcrypto.46.dylib
0x00007ffd06a46000 	/usr/lib/libssl.48.dylib
0x00007ff81baee000 	/System/Library/Frameworks/LDAP.framework/Versions/A/LDAP
0x00007ff81bb29000 	/System/Library/PrivateFrameworks/TrustEvaluationAgent.framework/Versions/A/TrustEvaluationAgent
0x00007ff8141f1000 	/usr/lib/libsasl2.2.dylib
0x00007ff81eb4f000 	/System/Library/Frameworks/Cocoa.framework/Versions/A/Cocoa
0x00007ff805505000 	/System/Library/Frameworks/AppKit.framework/Versions/C/AppKit
0x00007ffb11732000 	/System/Library/PrivateFrameworks/CollectionViewCore.framework/Versions/A/CollectionViewCore
0x00007ff8179ab000 	/System/Library/PrivateFrameworks/RemoteViewServices.framework/Versions/A/RemoteViewServices
0x00007ff80da78000 	/System/Library/PrivateFrameworks/XCTTargetBootstrap.framework/Versions/A/XCTTargetBootstrap
0x00007ff812ecf000 	/System/Library/PrivateFrameworks/UserActivity.framework/Versions/A/UserActivity
0x00007ffc1a739000 	/System/Library/PrivateFrameworks/UIIntelligenceSupport.framework/Versions/A/UIIntelligenceSupport
0x00007ffb088d0000 	/System/Library/Frameworks/SwiftUICore.framework/Versions/A/SwiftUICore
0x00007ffc1f1fe000 	/System/Library/PrivateFrameworks/WritingTools.framework/Versions/A/WritingTools
0x00007ffc1e361000 	/System/Library/PrivateFrameworks/WindowManagement.framework/Versions/A/WindowManagement
0x00007ff80da65000 	/System/Library/PrivateFrameworks/DFRFoundation.framework/Versions/A/DFRFoundation
0x00007ff80d788000 	/System/Library/Frameworks/Carbon.framework/Versions/A/Frameworks/HIToolbox.framework/Versions/A/HIToolbox
0x00007ff8179e2000 	/System/Library/Frameworks/Carbon.framework/Versions/A/Frameworks/SpeechRecognition.framework/Versions/A/SpeechRecognition
0x00007ff903f9d000 	/System/Library/PrivateFrameworks/RenderBox.framework/Versions/A/RenderBox
0x00007ff80b656000 	/System/Library/PrivateFrameworks/PerformanceAnalysis.framework/Versions/A/PerformanceAnalysis
0x00007ff817d60000 	/System/Library/Frameworks/Accessibility.framework/Versions/A/Accessibility
0x00007ffb03bf0000 	/System/Library/Frameworks/DeveloperToolsSupport.framework/Versions/A/DeveloperToolsSupport
0x00007ffb09437000 	/System/Library/Frameworks/Symbols.framework/Versions/A/Symbols
0x00007ff9094c1000 	/usr/lib/swift/libswiftCoreGraphics.dylib
0x00007ff8186ee000 	/usr/lib/swift/libswiftFoundation.dylib
0x00007ffa1c3f5000 	/usr/lib/swift/libswiftSwiftOnoneSupport.dylib
0x00007ffa0a763000 	/System/Library/PrivateFrameworks/CoreMaterial.framework/Versions/A/CoreMaterial
0x00007ffc0e23f000 	/System/Library/PrivateFrameworks/SFSymbols.framework/Versions/A/SFSymbols
0x00007ff8179d2000 	/System/Library/PrivateFrameworks/SpeechRecognitionCore.framework/Versions/A/SpeechRecognitionCore
0x000000010c026000 	/Applications/Apache NetBeans.app/Contents/Home/lib/server/libjvm.dylib
0x000000010adb1000 	/Applications/Apache NetBeans.app/Contents/Home/lib/libjimage.dylib
0x000000010ae18000 	/Applications/Apache NetBeans.app/Contents/Home/lib/libjdwp.dylib
0x000000010aeca000 	/Applications/Apache NetBeans.app/Contents/Home/lib/libjava.dylib
0x00007ffd05e00000 	/usr/lib/i18n/libiconv_std.dylib
0x00007ffd05df7000 	/usr/lib/i18n/libUTF8.dylib
0x00007ffd05e05000 	/usr/lib/i18n/libmapper_none.dylib
0x000000010ba71000 	/Applications/Apache NetBeans.app/Contents/Home/lib/libdt_socket.dylib
0x000000010bb3f000 	/Applications/Apache NetBeans.app/Contents/Home/lib/libnio.dylib
0x000000010bb79000 	/Applications/Apache NetBeans.app/Contents/Home/lib/libnet.dylib
0x000000010bbb8000 	/Applications/Apache NetBeans.app/Contents/Home/lib/libzip.dylib
0x000000010bc7b000 	/Applications/Apache NetBeans.app/Contents/Home/lib/libawt.dylib
0x000000010beae000 	/Applications/Apache NetBeans.app/Contents/Home/lib/libmlib_image.dylib
0x00007ffb04e61000 	/System/Library/Frameworks/JavaRuntimeSupport.framework/Versions/A/JavaRuntimeSupport
0x00007ff90a7b0000 	/System/Library/Frameworks/Carbon.framework/Versions/A/Carbon
0x00007ff820e29000 	/System/Library/Frameworks/Carbon.framework/Versions/A/Frameworks/CommonPanels.framework/Versions/A/CommonPanels
0x00007ff81bdf7000 	/System/Library/Frameworks/Carbon.framework/Versions/A/Frameworks/Help.framework/Versions/A/Help
0x00007ff820e2d000 	/System/Library/Frameworks/Carbon.framework/Versions/A/Frameworks/ImageCapture.framework/Versions/A/ImageCapture
0x00007ff820e0a000 	/System/Library/Frameworks/Carbon.framework/Versions/A/Frameworks/OpenScripting.framework/Versions/A/OpenScripting
0x00007ff820e28000 	/System/Library/Frameworks/Carbon.framework/Versions/A/Frameworks/Ink.framework/Versions/A/Ink
0x00007ff820e25000 	/System/Library/Frameworks/Carbon.framework/Versions/A/Frameworks/SecurityHI.framework/Versions/A/SecurityHI
0x000000012a69c000 	/Applications/Apache NetBeans.app/Contents/Home/lib/libawt_lwawt.dylib
0x000000010bc04000 	/Applications/Apache NetBeans.app/Contents/Home/lib/libosxapp.dylib
0x00007ff909521000 	/System/Library/Frameworks/ExceptionHandling.framework/Versions/A/ExceptionHandling
0x0000000171f62000 	/Applications/Apache NetBeans.app/Contents/Home/lib/libfontmanager.dylib
0x000000012a97e000 	/Applications/Apache NetBeans.app/Contents/Home/lib/libfreetype.dylib
0x00007ff80b53f000 	/System/Library/PrivateFrameworks/ViewBridge.framework/Versions/A/ViewBridge
0x00007ff914b58000 	/System/Library/CoreServices/RawCamera.bundle/Contents/MacOS/RawCamera
0x00007ff81c58b000 	/System/Library/PrivateFrameworks/StreamingZip.framework/Versions/A/StreamingZip
0x00007ff8145d3000 	/System/Library/PrivateFrameworks/MobileAsset.framework/Versions/A/MobileAsset
0x00007ff912558000 	/System/Library/PrivateFrameworks/SoftwareUpdateCoreSupport.framework/Versions/A/SoftwareUpdateCoreSupport
0x00007ff919d34000 	/System/Library/PrivateFrameworks/SoftwareUpdateCoreConnect.framework/Versions/A/SoftwareUpdateCoreConnect
0x00007ff81bd46000 	/System/Library/PrivateFrameworks/RemoteServiceDiscovery.framework/Versions/A/RemoteServiceDiscovery
0x00007ff9121c6000 	/System/Library/PrivateFrameworks/MSUDataAccessor.framework/Versions/A/MSUDataAccessor
0x00007ff90dabd000 	/usr/lib/libbootpolicy.dylib
0x00007ff81bd5b000 	/System/Library/PrivateFrameworks/RemoteXPC.framework/Versions/A/RemoteXPC
0x00007ff91924f000 	/usr/lib/libFDR.dylib
0x00007ff91e9d3000 	/usr/lib/libamsupport.dylib
0x00007ffb0dd46000 	/System/Library/PrivateFrameworks/AppleDeviceQuerySupport.framework/Versions/A/AppleDeviceQuerySupport
0x00007ff92175a000 	/usr/lib/libpartition2_dynamic.dylib
0x00007ffb0e0aa000 	/System/Library/PrivateFrameworks/AppleJPEGXL.framework/Versions/A/AppleJPEGXL
0x00007ff81b807000 	/System/Library/PrivateFrameworks/CoreWiFi.framework/Versions/A/CoreWiFi
0x00007ffd066f7000 	/usr/lib/libmrc.dylib
0x00007ffb20787000 	/System/Library/PrivateFrameworks/IPConfiguration.framework/Versions/A/IPConfiguration
0x00007ffa0a72b000 	/System/Library/PrivateFrameworks/Netrb.framework/Versions/A/Netrb
0x00007ffa14e5f000 	/System/Library/PrivateFrameworks/WiFiPeerToPeer.framework/Versions/A/WiFiPeerToPeer
0x00007ff81000e000 	/System/Library/Frameworks/UserNotifications.framework/Versions/A/UserNotifications
0x00007ff814738000 	/usr/lib/libTelephonyUtilDynamic.dylib
0x00007ff812f3d000 	/System/Library/Frameworks/MediaToolbox.framework/Versions/A/MediaToolbox
0x00007ff8192de000 	/System/Library/PrivateFrameworks/CoreAVCHD.framework/Versions/A/CoreAVCHD
0x00007ff8192da000 	/System/Library/PrivateFrameworks/Mangrove.framework/Versions/A/Mangrove
0x00007ffb1016e000 	/System/Library/PrivateFrameworks/CMPhoto.framework/Versions/A/CMPhoto
0x00007ff8199c8000 	/System/Library/Frameworks/CoreTelephony.framework/Versions/A/CoreTelephony
0x00007ff81a193000 	/System/Library/PrivateFrameworks/AppleVPA.framework/Versions/A/AppleVPA
0x00007ff818f1f000 	/System/Library/PrivateFrameworks/CoreAUC.framework/Versions/A/CoreAUC
0x00007ff911b8b000 	/System/Library/Frameworks/Accelerate.framework/Versions/A/Frameworks/vImage.framework/Versions/A/Libraries/libCGInterfaces.dylib
0x000000012acbf000 	/usr/lib/libobjc-trampolines.dylib
0x00007ffd05e0e000 	/usr/lib/libAccessibilityBaseImplementations.dylib
0x00007ffc1f202000 	/System/Library/PrivateFrameworks/WritingToolsUI.framework/Versions/A/WritingToolsUI
0x00007ffb1dbbd000 	/System/Library/PrivateFrameworks/GenerativeAssistantSettings.framework/Versions/A/GenerativeAssistantSettings
0x00007ffc16d4c000 	/System/Library/PrivateFrameworks/TextComposer.framework/Versions/A/TextComposer
0x00007ff90bb16000 	/usr/lib/swift/libswiftIntents.dylib
0x00007ffd06cbc000 	/usr/lib/swift/libswiftSafariServices.dylib
0x00007ffd06cc1000 	/usr/lib/swift/libswiftSpatial.dylib
0x00007ffa14cd6000 	/usr/lib/swift/libswiftWebKit.dylib
0x00007ffb02968000 	/System/Library/Frameworks/AppIntents.framework/Versions/A/AppIntents
0x00007ff9129aa000 	/System/Library/Frameworks/SwiftUI.framework/Versions/A/SwiftUI
0x00007ffb0a011000 	/System/Library/Frameworks/_AuthenticationServices_SwiftUI.framework/Versions/A/_AuthenticationServices_SwiftUI
0x00007ffb0c5b1000 	/System/Library/PrivateFrameworks/Anvil.framework/Versions/A/Anvil
0x00007ff912042000 	/System/Library/PrivateFrameworks/AppStoreDaemon.framework/Versions/A/AppStoreDaemon
0x00007ff81eb93000 	/System/Library/PrivateFrameworks/AppleMediaServices.framework/Versions/A/AppleMediaServices
0x00007ff90ebdb000 	/System/Library/PrivateFrameworks/AppleMediaServicesUI.framework/Versions/A/AppleMediaServicesUI
0x00007ffb1dba0000 	/System/Library/PrivateFrameworks/GenerativeAssistantCommon.framework/Versions/A/GenerativeAssistantCommon
0x00007ffa1bb23000 	/System/Library/PrivateFrameworks/JetEngine.framework/Versions/A/JetEngine
0x00007ffc03ff9000 	/System/Library/PrivateFrameworks/LinkMetadata.framework/Versions/A/LinkMetadata
0x00007ff90c45d000 	/System/Library/PrivateFrameworks/OnBoardingKit.framework/Versions/A/OnBoardingKit
0x00007ffc0ef93000 	/System/Library/PrivateFrameworks/Settings.framework/Versions/A/Settings
0x00007ff810058000 	/System/Library/Frameworks/CoreSpotlight.framework/Versions/A/CoreSpotlight
0x00007ffc0427f000 	/System/Library/PrivateFrameworks/LinkServices.framework/Versions/A/LinkServices
0x00007ffb15cf2000 	/System/Library/PrivateFrameworks/DoNotDisturb.framework/Versions/A/DoNotDisturb
0x00007ff910a23000 	/System/Library/PrivateFrameworks/IntentsCore.framework/Versions/A/IntentsCore
0x00007ffb0ecb3000 	/System/Library/PrivateFrameworks/AvailabilityKit.framework/Versions/A/AvailabilityKit
0x00007ffc15b98000 	/System/Library/PrivateFrameworks/StatusKit.framework/Versions/A/StatusKit
0x00007ffc0d588000 	/System/Library/PrivateFrameworks/RecapPerformanceTesting.framework/Versions/A/RecapPerformanceTesting
0x00007ffd06140000 	/usr/lib/libSpatial.dylib
0x00007ffb0eb9e000 	/System/Library/PrivateFrameworks/AuthenticationServicesCore.framework/Versions/A/AuthenticationServicesCore
0x00007ff914fef000 	/System/Library/Frameworks/AuthenticationServices.framework/Versions/A/AuthenticationServices
0x00007ff811e42000 	/System/Library/PrivateFrameworks/SharedWebCredentials.framework/Versions/A/SharedWebCredentials
0x00007ff90d2c4000 	/System/Library/PrivateFrameworks/SafariCore.framework/Versions/A/SafariCore
0x00007ff914b17000 	/System/Library/PrivateFrameworks/SafariFoundation.framework/Versions/A/SafariFoundation
0x00007ffb0fc8d000 	/System/Library/PrivateFrameworks/CBORLibrary.framework/Versions/A/CBORLibrary
0x00007ffb10814000 	/System/Library/PrivateFrameworks/Chirp.framework/Versions/A/Chirp
0x00007ffa1cc73000 	/System/Library/PrivateFrameworks/RemoteManagement.framework/Versions/A/RemoteManagement
0x00007ffc0d83b000 	/System/Library/PrivateFrameworks/RemoteManagementModel.framework/Versions/A/RemoteManagementModel
0x00007ffc0d8c1000 	/System/Library/PrivateFrameworks/RemoteManagementStore.framework/Versions/A/RemoteManagementStore
0x00007ff815bfe000 	/usr/lib/libxcselect.dylib
0x00007ff914a84000 	/System/Library/PrivateFrameworks/DifferentialPrivacy.framework/Versions/A/DifferentialPrivacy
0x00007ff81897a000 	/System/Library/Frameworks/Contacts.framework/Versions/A/Contacts
0x00007ffc1b0fb000 	/System/Library/PrivateFrameworks/VDAF.framework/Versions/A/VDAF
0x00007ff8187ad000 	/System/Library/PrivateFrameworks/ContactsPersistence.framework/Versions/A/ContactsPersistence
0x00007ff8179e8000 	/System/Library/PrivateFrameworks/AppleLDAP.framework/Versions/A/AppleLDAP
0x00007ff81c17e000 	/System/Library/Frameworks/ClassKit.framework/Versions/A/ClassKit
0x00007ff81e2cd000 	/System/Library/PrivateFrameworks/CoreSuggestions.framework/Versions/A/CoreSuggestions
0x00007ff8186ef000 	/System/Library/PrivateFrameworks/ContactsFoundation.framework/Versions/A/ContactsFoundation
0x00007ff819f14000 	/System/Library/PrivateFrameworks/vCard.framework/Versions/A/vCard
0x00007ffb11a0b000 	/System/Library/PrivateFrameworks/ContactsMetrics.framework/Versions/A/ContactsMetrics
0x00007ff81226d000 	/System/Library/PrivateFrameworks/login.framework/Versions/A/login
0x00007ff80bc49000 	/System/Library/PrivateFrameworks/CloudDocs.framework/Versions/A/CloudDocs
0x00007ff81d853000 	/System/Library/PrivateFrameworks/ConfigurationProfiles.framework/Versions/A/ConfigurationProfiles
0x00007ffb15413000 	/System/Library/PrivateFrameworks/DMCUtilities.framework/Versions/A/DMCUtilities
0x00007ffc045aa000 	/System/Library/PrivateFrameworks/MDMClientLibrary.framework/Versions/A/MDMClientLibrary
0x00007ffc0d8b6000 	/System/Library/PrivateFrameworks/RemoteManagementProtocol.framework/Versions/A/RemoteManagementProtocol
0x00007ffd05fe2000 	/usr/lib/libEndpointSecuritySystem.dylib
0x00007ff818115000 	/System/Library/PrivateFrameworks/SystemAdministration.framework/Versions/A/SystemAdministration
0x00007ff90354d000 	/System/Library/PrivateFrameworks/PowerlogControl.framework/Versions/A/PowerlogControl
0x00007ff80f57b000 	/System/Library/Frameworks/ServiceManagement.framework/Versions/A/ServiceManagement
0x00007ff90354f000 	/usr/lib/libUniversalAccess.dylib
0x00007ff81f50c000 	/System/Library/PrivateFrameworks/FamilyControls.framework/Versions/A/FamilyControls
0x00007ff8179a0000 	/System/Library/Frameworks/DirectoryService.framework/Versions/A/DirectoryService
0x00007ff81be8d000 	/System/Library/PrivateFrameworks/LoginUIKit.framework/Versions/A/Frameworks/LoginUICore.framework/Versions/A/LoginUICore
0x00007ff81244b000 	/usr/lib/libodfde.dylib
0x00007ff81f507000 	/System/Library/PrivateFrameworks/UniversalAccess.framework/Versions/A/Libraries/libUAPreferences.dylib
0x00007ff81f52f000 	/System/Library/PrivateFrameworks/CommerceKit.framework/Versions/A/Frameworks/CommerceCore.framework/Versions/A/CommerceCore
0x00007ffb153d8000 	/System/Library/PrivateFrameworks/DEPClientLibrary.framework/Versions/A/DEPClientLibrary
0x00007ff90362a000 	/System/Library/PrivateFrameworks/SetupAssistantFramework.framework/Versions/A/SetupAssistantFramework
0x00007ff81c45c000 	/System/Library/PrivateFrameworks/AuthKitUI.framework/Versions/A/AuthKitUI
0x00007ff81bed2000 	/System/Library/PrivateFrameworks/AppSSO.framework/Versions/A/AppSSO
0x00007ff911dc1000 	/System/Library/PrivateFrameworks/LocalAuthenticationUI.framework/Versions/A/LocalAuthenticationUI
0x00007ffc0bfc1000 	/System/Library/PrivateFrameworks/PlatformSSO.framework/Versions/A/PlatformSSO
0x00007ff91278f000 	/System/Library/PrivateFrameworks/AOSUI.framework/Versions/A/AOSUI
0x00007ff90561a000 	/System/Library/Frameworks/ContactsUI.framework/Versions/A/ContactsUI
0x00007ff818b9a000 	/System/Library/PrivateFrameworks/FamilyCircle.framework/Versions/A/FamilyCircle
0x00007ff91f3c2000 	/System/Library/Frameworks/LinkPresentation.framework/Versions/A/LinkPresentation
0x00007ffc0c090000 	/System/Library/PrivateFrameworks/PlatformSSOCore.framework/Versions/A/PlatformSSOCore
0x00007ff905340000 	/System/Library/PrivateFrameworks/IASUtilities.framework/Versions/A/IASUtilities
0x00007ffb20683000 	/System/Library/PrivateFrameworks/IASUtilitiesCore.framework/Versions/A/IASUtilitiesCore
0x00007ff909585000 	/System/Library/Frameworks/WebKit.framework/Versions/A/WebKit
0x00007ff9017bc000 	/System/Library/Frameworks/JavaScriptCore.framework/Versions/A/JavaScriptCore
0x00007ffc044e4000 	/System/Library/PrivateFrameworks/LocalAuthenticationCoreUI.framework/Versions/A/LocalAuthenticationCoreUI
0x00007ff90b87b000 	/System/Library/Frameworks/LocalAuthentication.framework/Support/DaemonUtils.framework/Versions/A/DaemonUtils
0x00007ff90eba8000 	/System/Library/PrivateFrameworks/BridgeXPC.framework/Versions/A/BridgeXPC
0x00007ff81228d000 	/System/Library/PrivateFrameworks/CoreBrightness.framework/Versions/A/CoreBrightness
0x00007ff90c52a000 	/System/Library/PrivateFrameworks/CoreKDL.framework/Versions/A/CoreKDL
0x00007ff90ad41000 	/System/Library/PrivateFrameworks/EmbeddedOSSupportHost.framework/Versions/A/EmbeddedOSSupportHost
0x00007ffc166cc000 	/System/Library/PrivateFrameworks/SystemStatus.framework/Versions/A/SystemStatus
0x00007ff81e59d000 	/System/Library/Frameworks/WebKit.framework/Versions/A/Frameworks/WebKitLegacy.framework/Versions/A/WebKitLegacy
0x00007ff81c404000 	/System/Library/PrivateFrameworks/CorePrediction.framework/Versions/A/CorePrediction
0x00007ff80c319000 	/System/Library/Frameworks/WebKit.framework/Versions/A/Frameworks/WebCore.framework/Versions/A/Frameworks/libwebrtc.dylib
0x00007ff909524000 	/System/Library/PrivateFrameworks/SafariSafeBrowsing.framework/Versions/A/SafariSafeBrowsing
0x00007ff81427d000 	/System/Library/Frameworks/SecurityInterface.framework/Versions/A/SecurityInterface
0x00007ff90c45c000 	/System/Library/PrivateFrameworks/WebInspectorUI.framework/Versions/A/WebInspectorUI
0x00007ff905f0f000 	/System/Library/Frameworks/WebKit.framework/Versions/A/Frameworks/WebCore.framework/Versions/A/WebCore
0x00007ffb09bd1000 	/System/Library/Frameworks/WebKit.framework/Versions/A/Frameworks/WebCore.framework/Versions/A/Frameworks/libANGLE-shared.dylib
0x00007ffc1df8b000 	/System/Library/PrivateFrameworks/WebGPU.framework/Versions/A/WebGPU
0x00007ff90e220000 	/System/Library/Frameworks/SceneKit.framework/Versions/A/SceneKit
0x00007ff91dd54000 	/System/Library/Frameworks/ModelIO.framework/Versions/A/ModelIO
0x00007ff815be1000 	/System/Library/Frameworks/MetalKit.framework/Versions/A/MetalKit
0x00007ff817ced000 	/System/Library/Frameworks/GLKit.framework/Versions/A/GLKit
0x00007ffd07221000 	/usr/lib/usd/libusd_ms.dylib
0x00007ffc1a96c000 	/System/Library/PrivateFrameworks/USDLib_FormatLoaderProxy.framework/Versions/A/USDLib_FormatLoaderProxy
0x00007ff90b606000 	/System/Library/PrivateFrameworks/CoreOptimization.framework/Versions/A/CoreOptimization
0x00007ff919d49000 	/System/Library/PrivateFrameworks/StorageKit.framework/Versions/A/StorageKit
0x00007ffb03e09000 	/System/Library/Frameworks/FSKit.framework/Versions/A/FSKit
0x00007ffb15a7e000 	/System/Library/PrivateFrameworks/DiskImages2.framework/Versions/A/DiskImages2
0x00007ffc043be000 	/System/Library/PrivateFrameworks/LiveFS.framework/Versions/A/LiveFS
0x00007ffd0394a000 	/System/Library/PrivateFrameworks/icloudMCCKit.framework/Versions/A/icloudMCCKit
0x00007ffb0db09000 	/System/Library/PrivateFrameworks/AppleAccountUI.framework/Versions/A/AppleAccountUI
0x00007ffb11117000 	/System/Library/PrivateFrameworks/CloudSubscriptionFeatures.framework/Versions/A/CloudSubscriptionFeatures
0x00007ffa0a732000 	/System/Library/PrivateFrameworks/PreferencePanesSupport.framework/Versions/A/PreferencePanesSupport
0x00007ff912931000 	/System/Library/PrivateFrameworks/FindMyDeviceUI.framework/Versions/A/FindMyDeviceUI
0x00007ffc21128000 	/System/Library/PrivateFrameworks/iCloudQuotaUI.framework/Versions/A/iCloudQuotaUI
0x00007ffa0a8ec000 	/System/Library/PrivateFrameworks/CoreCDPUI.framework/Versions/A/CoreCDPUI
0x00007ff90d06b000 	/System/Library/PrivateFrameworks/CoreFollowUpUI.framework/Versions/A/CoreFollowUpUI
0x00007ff8142b1000 	/System/Library/PrivateFrameworks/CoreFollowUp.framework/Versions/A/CoreFollowUp
0x00007ff918b8a000 	/System/Library/PrivateFrameworks/IMCore.framework/Versions/A/IMCore
0x00007ff9035b2000 	/System/Library/PrivateFrameworks/CoreCDP.framework/Versions/A/CoreCDP
0x00007ff81eb87000 	/System/Library/PrivateFrameworks/AskPermission.framework/Versions/A/AskPermission
0x00007ff910a09000 	/System/Library/Frameworks/Quartz.framework/Versions/A/Quartz
0x00007ff91c834000 	/System/Library/PrivateFrameworks/CloudPhotoServicesConfiguration.framework/Versions/A/CloudPhotoServicesConfiguration
0x00007ff90f2ca000 	/System/Library/PrivateFrameworks/CommerceKit.framework/Versions/A/CommerceKit
0x00007ff91d69b000 	/System/Library/PrivateFrameworks/FindMyMac.framework/Versions/A/FindMyMac
0x00007ff91d57c000 	/System/Library/Frameworks/PreferencePanes.framework/Versions/A/PreferencePanes
0x00007ff911eb6000 	/System/Library/Frameworks/AddressBook.framework/Versions/A/AddressBook
0x00007ff81db15000 	/System/Library/PrivateFrameworks/AOSAccounts.framework/Versions/A/AOSAccounts
0x00007ff818110000 	/System/Library/PrivateFrameworks/AppleSRP.framework/Versions/A/AppleSRP
0x00007ff90b7ae000 	/System/Library/Frameworks/SafariServices.framework/Versions/A/SafariServices
0x00007ff81c573000 	/System/Library/PrivateFrameworks/NetFSServer.framework/Versions/A/NetFSServer
0x00007ff90e0eb000 	/System/Library/Frameworks/PDFKit.framework/Versions/A/PDFKit
0x00007ff91e5e2000 	/System/Library/PrivateFrameworks/EmailFoundation.framework/Versions/A/EmailFoundation
0x00007ff91d5d4000 	/System/Library/PrivateFrameworks/EmailCore.framework/Versions/A/EmailCore
0x00007ff9212d7000 	/System/Library/PrivateFrameworks/EmailAddressing.framework/Versions/A/EmailAddressing
0x00007ff9212e3000 	/System/Library/PrivateFrameworks/Email.framework/Versions/A/Email
0x00007ffb0edf7000 	/System/Library/PrivateFrameworks/BackgroundSystemTasks.framework/Versions/A/BackgroundSystemTasks
0x00007ff90cfef000 	/System/Library/PrivateFrameworks/IntlPreferences.framework/Versions/A/IntlPreferences
0x00007ffc0455a000 	/System/Library/PrivateFrameworks/LockdownMode.framework/Versions/A/LockdownMode
0x00007ff818b94000 	/System/Library/PrivateFrameworks/CommunicationsFilter.framework/Versions/A/CommunicationsFilter
0x00007ffb0ecb6000 	/System/Library/PrivateFrameworks/AvatarKit.framework/Versions/A/AvatarKit
0x00007ffb0ed76000 	/System/Library/PrivateFrameworks/AvatarPersistence.framework/Versions/A/AvatarPersistence
0x00007ffc0d913000 	/System/Library/PrivateFrameworks/RemoteUI.framework/Versions/A/RemoteUI
0x00007ff817dbb000 	/usr/lib/libCTGreenTeaLogger.dylib
0x00007ffb09663000 	/System/Library/Frameworks/TipKit.framework/Versions/A/TipKit
0x00007ffa0c815000 	/System/Library/PrivateFrameworks/AppleCVA.framework/Versions/A/AppleCVA
0x00007ffb0ed75000 	/System/Library/PrivateFrameworks/AvatarKitContent.framework/Versions/A/AvatarKitContent
0x00007ff817de7000 	/System/Library/PrivateFrameworks/CoreAppleCVA.framework/Versions/A/CoreAppleCVA
0x00007ffc0373d000 	/System/Library/PrivateFrameworks/LiftUI.framework/Versions/A/LiftUI
0x00007ffb03dd1000 	/System/Library/Frameworks/ExtensionKit.framework/Versions/A/ExtensionKit
0x00007ffb11092000 	/System/Library/PrivateFrameworks/CloudSettings.framework/Versions/A/CloudSettings
0x00007ff81e38b000 	/System/Library/Frameworks/EventKit.framework/Versions/A/EventKit
0x00007ff90c679000 	/System/Library/PrivateFrameworks/SearchFoundation.framework/Versions/A/SearchFoundation
0x00007ff90b26e000 	/System/Library/PrivateFrameworks/CoreRoutine.framework/Versions/A/CoreRoutine
0x00007ffb10444000 	/System/Library/PrivateFrameworks/CalendarDatabase.framework/Versions/A/CalendarDatabase
0x00007ffb1039a000 	/System/Library/PrivateFrameworks/CalendarDaemon.framework/Versions/A/CalendarDaemon
0x00007ff81d7c1000 	/System/Library/PrivateFrameworks/CalendarFoundation.framework/Versions/A/CalendarFoundation
0x00007ff81d77c000 	/System/Library/PrivateFrameworks/iCalendar.framework/Versions/A/iCalendar
0x00007ffb155fb000 	/System/Library/PrivateFrameworks/DataAccessExpress.framework/Versions/A/DataAccessExpress
0x00007ff9125d2000 	/System/Library/PrivateFrameworks/FTClientServices.framework/Versions/A/FTClientServices
0x00007ff9051cd000 	/System/Library/PrivateFrameworks/CoreDAV.framework/Versions/A/CoreDAV
0x00007ff81e26d000 	/System/Library/PrivateFrameworks/CalDAV.framework/Versions/A/CalDAV
0x00007ff909291000 	/System/Library/PrivateFrameworks/TelephonyUtilities.framework/Versions/A/TelephonyUtilities
0x00007ff90d120000 	/System/Library/Frameworks/CallKit.framework/Versions/A/CallKit
0x00007ffa1340e000 	/System/Library/PrivateFrameworks/IMTransferServices.framework/Versions/A/IMTransferServices
0x00007ff90b620000 	/System/Library/PrivateFrameworks/IncomingCallFilter.framework/Versions/A/IncomingCallFilter
0x00007ffc07cc0000 	/System/Library/PrivateFrameworks/NeighborhoodActivityConduit.framework/Versions/A/NeighborhoodActivityConduit
0x00007ffd05fba000 	/usr/lib/libBASupport.dylib
0x00007ff91891a000 	/System/Library/PrivateFrameworks/SpotlightReceiver.framework/Versions/A/SpotlightReceiver
0x00007ffb112b6000 	/System/Library/PrivateFrameworks/Coherence.framework/Versions/A/Coherence
0x00007ff90919a000 	/System/Library/PrivateFrameworks/CoreParsec.framework/Versions/A/CoreParsec
0x00007ffc0a07e000 	/System/Library/PrivateFrameworks/PegasusAPI.framework/Versions/A/PegasusAPI
0x00007ffc0ab13000 	/System/Library/PrivateFrameworks/PegasusConfiguration.framework/Versions/A/PegasusConfiguration
0x00007ffc0453b000 	/System/Library/PrivateFrameworks/LocalStatusKit.framework/Versions/A/LocalStatusKit
0x00007ff9125d6000 	/System/Library/PrivateFrameworks/CharacterPicker.framework/Versions/A/CharacterPicker
0x00007ff90b722000 	/System/Library/PrivateFrameworks/ContactsDonation.framework/Versions/A/ContactsDonation
0x00007ff90552f000 	/System/Library/PrivateFrameworks/ContactsUICore.framework/Versions/A/ContactsUICore
0x00007ff90b04c000 	/System/Library/PrivateFrameworks/DataDetectors.framework/Versions/A/DataDetectors
0x00007ff81e25b000 	/System/Library/Frameworks/MediaLibrary.framework/Versions/A/MediaLibrary
0x00007ff818b85000 	/System/Library/PrivateFrameworks/PersonaKit.framework/Versions/A/PersonaKit
0x00007ff90551e000 	/System/Library/PrivateFrameworks/PersonaUI.framework/Versions/A/PersonaUI
0x00007ffc15cc6000 	/System/Library/PrivateFrameworks/Stickers.framework/Versions/A/Stickers
0x00007ffb207e9000 	/System/Library/PrivateFrameworks/InputAnalytics.framework/Versions/A/InputAnalytics
0x00007ff913c30000 	/System/Library/PrivateFrameworks/EmojiFoundation.framework/Versions/A/EmojiFoundation
0x00007ffb1774b000 	/System/Library/PrivateFrameworks/FeedbackService.framework/Versions/A/FeedbackService
0x00007ff818824000 	/System/Library/PrivateFrameworks/AddressBookCore.framework/Versions/A/AddressBookCore
0x00007ff912025000 	/System/Library/PrivateFrameworks/ToneKit.framework/Versions/A/ToneKit
0x00007ff90d033000 	/System/Library/PrivateFrameworks/ToneLibrary.framework/Versions/A/ToneLibrary
0x00007ffb119db000 	/System/Library/PrivateFrameworks/ContactsAccounts.framework/Versions/A/ContactsAccounts
0x00007ffb087ac000 	/System/Library/Frameworks/SwiftData.framework/Versions/A/SwiftData
0x00007ff91cf9d000 	/System/Library/PrivateFrameworks/Transparency.framework/Versions/A/Transparency
0x00007ff81d76e000 	/System/Library/PrivateFrameworks/CoreRecents.framework/Versions/A/CoreRecents
0x00007ffb0c7c9000 	/System/Library/PrivateFrameworks/AppIntentsServices.framework/Versions/A/AppIntentsServices
0x00007ffa0a21a000 	/System/Library/PrivateFrameworks/DiagnosticRequest.framework/Versions/A/DiagnosticRequest
0x00007ff91092d000 	/System/Library/PrivateFrameworks/Lookup.framework/Versions/A/Lookup
0x00007ffb07983000 	/System/Library/Frameworks/QuickLookUI.framework/Versions/A/QuickLookUI
0x00007ffb08329000 	/System/Library/Frameworks/ScreenCaptureKit.framework/Versions/A/ScreenCaptureKit
0x00007ff90dc1f000 	/System/Library/Frameworks/Quartz.framework/Versions/A/Frameworks/QuartzComposer.framework/Versions/A/QuartzComposer
0x00007ff90cfc7000 	/System/Library/Frameworks/Quartz.framework/Versions/A/Frameworks/QuartzFilters.framework/Versions/A/QuartzFilters
0x00007ff90c010000 	/System/Library/Frameworks/Quartz.framework/Versions/A/Frameworks/ImageKit.framework/Versions/A/ImageKit
0x00007ff90a7af000 	/System/Library/PrivateFrameworks/CorePDF.framework/Versions/A/CorePDF
0x00007ff815b7f000 	/System/Library/Frameworks/QuickLook.framework/Versions/A/QuickLook
0x00007ff81fea9000 	/System/Library/PrivateFrameworks/DisplayServices.framework/Versions/A/DisplayServices
0x00007ff90cf30000 	/System/Library/Frameworks/ImageCaptureCore.framework/Versions/A/ImageCaptureCore
0x00007ffc1cb4d000 	/System/Library/PrivateFrameworks/VisionKitCore.framework/Versions/A/VisionKitCore
0x00007ff90916b000 	/System/Library/PrivateFrameworks/QuickLookSupport.framework/Versions/A/QuickLookSupport
0x00007ff90b047000 	/System/Library/PrivateFrameworks/QuickLookNonBaseSystem.framework/Versions/A/QuickLookNonBaseSystem
0x00007ffa0e4e6000 	/System/Library/Frameworks/ReplayKit.framework/Versions/A/ReplayKit
0x00007ffc1652d000 	/System/Library/PrivateFrameworks/Symptoms.framework/Versions/A/Frameworks/SymptomPresentationFeed.framework/Versions/A/SymptomPresentationFeed
0x00007ffc162ad000 	/System/Library/PrivateFrameworks/SymptomShared.framework/Versions/A/SymptomShared
0x00007ff820dca000 	/System/Library/PrivateFrameworks/MarkupUI.framework/Versions/A/MarkupUI
0x00007ff90b022000 	/System/Library/PrivateFrameworks/SidecarCore.framework/Versions/A/SidecarCore
0x00007ff90dace000 	/System/Library/PrivateFrameworks/AnnotationKit.framework/Versions/A/AnnotationKit
0x00007ffb097a3000 	/System/Library/Frameworks/Translation.framework/Versions/A/Translation
0x00007ffc05d37000 	/System/Library/PrivateFrameworks/MediaAnalysisServices.framework/Versions/A/MediaAnalysisServices
0x00007ffa064d4000 	/System/Library/PrivateFrameworks/RevealCore.framework/Versions/A/RevealCore
0x00007ffa064c9000 	/System/Library/PrivateFrameworks/Reveal.framework/Versions/A/Reveal
0x00007ffc19a97000 	/System/Library/PrivateFrameworks/TranslationUIServices.framework/Versions/A/TranslationUIServices
0x00007ff90c271000 	/System/Library/Frameworks/PencilKit.framework/Versions/A/PencilKit
0x00007ff90c43c000 	/System/Library/PrivateFrameworks/SidecarUI.framework/Versions/A/SidecarUI
0x00007ff90bb61000 	/System/Library/PrivateFrameworks/CoreHandwriting.framework/Versions/A/CoreHandwriting
0x00007ff80290b000 	/usr/lib/libmecabra.dylib
0x00007ff905967000 	/System/Library/PrivateFrameworks/Calculate.framework/Versions/A/Calculate
0x00007ff811a35000 	/usr/lib/libChineseTokenizer.dylib
0x00007ffa1cba4000 	/System/Library/PrivateFrameworks/ScreenReaderCore.framework/Versions/A/ScreenReaderCore
0x00007ffc16030000 	/System/Library/PrivateFrameworks/StocksKit.framework/Versions/A/StocksKit
0x00007ff904612000 	/System/Library/PrivateFrameworks/OAuth.framework/Versions/A/OAuth
0x00007ffc15d36000 	/System/Library/PrivateFrameworks/StocksCore.framework/Versions/A/StocksCore
0x00007ffc16b0e000 	/System/Library/PrivateFrameworks/TeaFoundation.framework/Versions/A/TeaFoundation
0x00007ffc16c8b000 	/System/Library/PrivateFrameworks/TeaSettings.framework/Versions/A/TeaSettings
0x00007ffa14540000 	/System/Library/PrivateFrameworks/NewsCore.framework/Versions/A/NewsCore
0x00007ffc16ac9000 	/System/Library/PrivateFrameworks/TeaDB.framework/Versions/A/TeaDB
0x00007ffa11901000 	/System/Library/PrivateFrameworks/RemoteConfiguration.framework/Versions/A/RemoteConfiguration
0x00007ffa14183000 	/System/Library/PrivateFrameworks/NewsTransport.framework/Versions/A/NewsTransport
0x00007ffa14532000 	/System/Library/PrivateFrameworks/NewsFoundation.framework/Versions/A/NewsFoundation
0x00007ffc080e6000 	/System/Library/PrivateFrameworks/NewsURLBucket.framework/Versions/A/NewsURLBucket
0x00007ff90f4ef000 	/System/Library/PrivateFrameworks/MobileInstallation.framework/Versions/A/MobileInstallation
0x00007ff91832a000 	/System/Library/PrivateFrameworks/MMCS.framework/Versions/A/MMCS
0x00007ff81e0c2000 	/System/Library/PrivateFrameworks/ChunkingLibrary.framework/Versions/A/ChunkingLibrary
0x00007ff8180bd000 	/System/Library/PrivateFrameworks/AssetCacheServices.framework/Versions/A/AssetCacheServices
0x00007ff90f89c000 	/System/Library/PrivateFrameworks/PhotoLibraryServices.framework/Versions/A/PhotoLibraryServices
0x00007ff90cb65000 	/System/Library/Frameworks/Photos.framework/Versions/A/Photos
0x00007ff91f79f000 	/System/Library/PrivateFrameworks/PhotosFormats.framework/Versions/A/PhotosFormats
0x00007ff91c864000 	/System/Library/PrivateFrameworks/CloudPhotoLibrary.framework/Versions/A/CloudPhotoLibrary
0x00007ffa04c20000 	/System/Library/PrivateFrameworks/CloudPhotoServices.framework/Versions/A/CloudPhotoServices
0x00007ff92143e000 	/System/Library/PrivateFrameworks/CoreMediaStream.framework/Versions/A/CoreMediaStream
0x00007ff81952d000 	/System/Library/PrivateFrameworks/CPAnalytics.framework/Versions/A/CPAnalytics
0x00007ff91dc62000 	/System/Library/PrivateFrameworks/MediaConversionService.framework/Versions/A/MediaConversionService
0x00007ff81fb73000 	/System/Library/PrivateFrameworks/PhotoFoundation.framework/Versions/A/PhotoFoundation
0x00007ffc0af82000 	/System/Library/PrivateFrameworks/PhotoLibraryServicesCore.framework/Versions/A/PhotoLibraryServicesCore
0x00007ff81a03d000 	/System/Library/PrivateFrameworks/AVFoundationCF.framework/Versions/A/AVFoundationCF
0x00007ffa1330e000 	/usr/lib/swift/libswiftDemangle.dylib
0x00007ff90b2cc000 	/System/Library/PrivateFrameworks/MediaStream.framework/Versions/A/MediaStream
0x00007ff91e1b8000 	/System/Library/PrivateFrameworks/NeutrinoCore.framework/Versions/A/NeutrinoCore
0x00007ff80893b000 	/System/Library/PrivateFrameworks/NLP.framework/Versions/A/NLP
0x00007ffa0398c000 	/System/Library/PrivateFrameworks/PhotoImaging.framework/Versions/A/PhotoImaging
0x00007ffa04be0000 	/System/Library/PrivateFrameworks/PhotosImagingFoundation.framework/Versions/A/PhotosImagingFoundation
0x00007ffc0ba36000 	/System/Library/PrivateFrameworks/PhotosIntelligenceCore.framework/Versions/A/PhotosIntelligenceCore
0x00007ff81a4d6000 	/System/Library/PrivateFrameworks/EmbeddedAcousticRecognition.framework/Versions/A/EmbeddedAcousticRecognition
0x00007ff91cacb000 	/System/Library/PrivateFrameworks/SDAPI.framework/Versions/A/SDAPI
0x00007ffa04c2d000 	/System/Library/PrivateFrameworks/AutoLoop.framework/Versions/A/AutoLoop
0x00007ffc0c318000 	/System/Library/PrivateFrameworks/Portrait.framework/Versions/A/Portrait
0x00007ffb0db9d000 	/System/Library/PrivateFrameworks/AppleDepth.framework/Versions/A/AppleDepth
0x00007ffb180a8000 	/System/Library/PrivateFrameworks/FusionTracker.framework/Versions/A/FusionTracker
0x00007ffb0dcd6000 	/System/Library/PrivateFrameworks/AppleDepthCore.framework/Versions/A/AppleDepthCore
0x00007ff90d6e4000 	/System/Library/PrivateFrameworks/iTunesCloud.framework/Versions/A/iTunesCloud
0x00007ff915b47000 	/System/Library/PrivateFrameworks/DAAPKit.framework/Versions/A/DAAPKit
0x00007ffd06d46000 	/usr/lib/swift/libswiftVideoToolbox.dylib
0x00007ffc18cca000 	/System/Library/PrivateFrameworks/TipKitCore.framework/Versions/A/TipKitCore
0x00007ff913cb5000 	/System/Library/PrivateFrameworks/CoreCDPInternal.framework/Versions/A/CoreCDPInternal
0x00007ff904560000 	/System/Library/PrivateFrameworks/AccountsDaemon.framework/Versions/A/AccountsDaemon
0x00007ffc0d5f7000 	/System/Library/PrivateFrameworks/RegulatoryDomain.framework/Versions/A/RegulatoryDomain
0x00007ffa0a8e9000 	/System/Library/PrivateFrameworks/MachineSettings.framework/Versions/A/MachineSettings
0x00007ff91d501000 	/System/Library/PrivateFrameworks/BezelServices.framework/Versions/A/BezelServices
0x00007ff915bd0000 	/System/Library/PrivateFrameworks/SPOwner.framework/Versions/A/SPOwner
0x00007ff90f330000 	/System/Library/PrivateFrameworks/FMCore.framework/Versions/A/FMCore
0x00007ffc2108d000 	/System/Library/PrivateFrameworks/iCloudQuota.framework/Versions/A/iCloudQuota
0x00007ff905493000 	/System/Library/PrivateFrameworks/CoreRecognition.framework/Versions/A/CoreRecognition
0x00007ffc09b39000 	/System/Library/PrivateFrameworks/PassKitMacHelperTemp.framework/Versions/A/PassKitMacHelperTemp
0x00007ff91d5b1000 	/System/Library/PrivateFrameworks/InAppMessages.framework/Versions/A/InAppMessages
0x00007ffa1ba2f000 	/System/Library/PrivateFrameworks/JetUI.framework/Versions/A/JetUI
0x00007ffc034d4000 	/System/Library/PrivateFrameworks/JetPack.framework/Versions/A/JetPack
0x00007ffa10b00000 	/System/Library/PrivateFrameworks/PassKitUIFoundation.framework/Versions/A/PassKitUIFoundation
0x00007ff81ff9f000 	/System/Library/PrivateFrameworks/PassKitCore.framework/Versions/A/PassKitCore
0x00007ff90b8b0000 	/System/Library/PrivateFrameworks/BiometricKit.framework/Versions/A/BiometricKit
0x00007ffc0e195000 	/System/Library/PrivateFrameworks/SEService.framework/Versions/A/SEService
0x00007ff910a40000 	/System/Library/PrivateFrameworks/NearField.framework/Versions/A/NearField
0x00007ffd06118000 	/usr/lib/libSESShared.dylib
0x00007ffc0e31b000 	/System/Library/PrivateFrameworks/STSXPCHelperClient.framework/Versions/A/STSXPCHelperClient
0x00007ff912253000 	/usr/lib/libnfshared.dylib
0x00007ff91d5a9000 	/System/Library/PrivateFrameworks/InAppMessagesCore.framework/Versions/A/InAppMessagesCore
0x00007ffc20814000 	/System/Library/PrivateFrameworks/_JetEngine_SwiftUI.framework/Versions/A/_JetEngine_SwiftUI
0x00007ffc16555000 	/System/Library/PrivateFrameworks/Synapse.framework/Versions/A/Synapse
0x00007ffb10269000 	/System/Library/PrivateFrameworks/CSExattrCrypto.framework/Versions/A/CSExattrCrypto
0x00007ff81fb80000 	/System/Library/PrivateFrameworks/IMSharedUtilities.framework/Versions/A/IMSharedUtilities
0x00007ff919240000 	/System/Library/Frameworks/InstantMessage.framework/Versions/A/InstantMessage
0x00007ff911dbb000 	/System/Library/PrivateFrameworks/IDSKVStore.framework/Versions/A/IDSKVStore
0x00007ff911bff000 	/System/Library/PrivateFrameworks/IMDPersistence.framework/Versions/A/IMDPersistence
0x00007ffd06c45000 	/usr/lib/swift/libswiftAppleArchive.dylib
0x00007ffc1b0ef000 	/System/Library/PrivateFrameworks/UserSafety.framework/Versions/A/UserSafety
0x00007ff8179f9000 	/System/Library/Frameworks/MapKit.framework/Versions/A/MapKit
0x00007ffa0fee1000 	/System/Library/PrivateFrameworks/BlastDoor.framework/Versions/A/BlastDoor
0x00007ffc054c1000 	/System/Library/PrivateFrameworks/ManagedSettingsObjC.framework/Versions/A/ManagedSettingsObjC
0x00007ffb0837f000 	/System/Library/Frameworks/SensitiveContentAnalysis.framework/Versions/A/SensitiveContentAnalysis
0x00007ffb1deef000 	/System/Library/PrivateFrameworks/GeoAnalytics.framework/Versions/A/GeoAnalytics
0x00007ff912287000 	/System/Library/PrivateFrameworks/Navigation.framework/Versions/A/Navigation
0x00007ff91b09f000 	/System/Library/PrivateFrameworks/VectorKit.framework/Versions/A/VectorKit
0x00007ff9053fc000 	/System/Library/PrivateFrameworks/VirtualGarage.framework/Versions/A/VirtualGarage
0x00007ff912418000 	/System/Library/Frameworks/ExternalAccessory.framework/ExternalAccessory
0x00007ff912431000 	/System/Library/PrivateFrameworks/IAP.framework/Versions/A/IAP
0x00007ff817cb8000 	/System/Library/PrivateFrameworks/IOPlatformPluginFamily.framework/Versions/A/IOPlatformPluginFamily
0x00007ffc04250000 	/System/Library/PrivateFrameworks/LinkPresentationStyleSheetParsing.framework/Versions/A/LinkPresentationStyleSheetParsing
0x00007ff90b67e000 	/System/Library/PrivateFrameworks/CoreSDB.framework/Versions/A/CoreSDB
0x00007ffb0e844000 	/System/Library/PrivateFrameworks/AskToCore.framework/Versions/A/AskToCore
0x00007ff910633000 	/System/Library/PrivateFrameworks/StoreFoundation.framework/Versions/A/StoreFoundation
0x00007ff90f32a000 	/System/Library/PrivateFrameworks/ServerInformation.framework/Versions/A/ServerInformation
0x00007ff90eda6000 	/System/Library/PrivateFrameworks/Install.framework/Frameworks/DistributionKit.framework/Versions/A/DistributionKit
0x00007ff908f2a000 	/System/Library/PrivateFrameworks/PackageKit.framework/Versions/A/PackageKit
0x00007ff90edc6000 	/System/Library/PrivateFrameworks/OSPersonalization.framework/Versions/A/OSPersonalization
0x00007ff910b04000 	/System/Library/PrivateFrameworks/BridgeOSSoftwareUpdate.framework/Versions/A/BridgeOSSoftwareUpdate
0x00007ff90ba9d000 	/System/Library/PrivateFrameworks/StorageManagement.framework/Versions/A/StorageManagement
0x00007ff91e902000 	/usr/lib/libauthinstall.dylib
0x00007ff910b0c000 	/System/Library/PrivateFrameworks/InstallerDiagnostics.framework/Versions/A/InstallerDiagnostics
0x00007ff91eeaa000 	/usr/lib/libcrypto.42.dylib
0x00007ff910af3000 	/System/Library/PrivateFrameworks/GPUInfo.framework/Versions/A/GPUInfo
0x00007ff91d6a1000 	/System/Library/PrivateFrameworks/MobileActivationMacOS.framework/Versions/A/MobileActivationMacOS
0x00007ffb03bed000 	/System/Library/Frameworks/DataDetection.framework/Versions/A/DataDetection
0x00007ffd06c65000 	/usr/lib/swift/libswiftDataDetection.dylib
0x00007ff8194d6000 	/System/Library/PrivateFrameworks/GenerationalStorage.framework/Versions/A/GenerationalStorage
0x00007ff8146a4000 	/System/Library/PrivateFrameworks/CacheDelete.framework/Versions/A/CacheDelete
0x00007ff81c698000 	/System/Library/Frameworks/QuickLookThumbnailing.framework/Versions/A/QuickLookThumbnailing
0x00007ff81930d000 	/System/Library/Frameworks/FileProvider.framework/Versions/A/FileProvider
0x00007ff806bf1000 	/System/Library/PrivateFrameworks/DesktopServicesPriv.framework/Versions/A/DesktopServicesPriv
0x00007ff809097000 	/System/Library/Frameworks/Accounts.framework/Versions/A/Accounts
0x00007ff910b53000 	/System/Library/PrivateFrameworks/AOSKit.framework/Versions/A/AOSKit
0x00007ff811d1f000 	/System/Library/PrivateFrameworks/AppSSOCore.framework/Versions/A/AppSSOCore
0x00007ff81be93000 	/System/Library/PrivateFrameworks/AppSupport.framework/Versions/A/AppSupport
0x00007ff90ab4e000 	/System/Library/Frameworks/AVFoundation.framework/Versions/A/AVFoundation
0x00007ff81c5c8000 	/System/Library/PrivateFrameworks/DuetActivityScheduler.framework/Versions/A/DuetActivityScheduler
0x00007ff90b626000 	/System/Library/PrivateFrameworks/FTServices.framework/Versions/A/FTServices
0x00007ff91c71a000 	/System/Library/PrivateFrameworks/NetworkServiceProxy.framework/Versions/A/NetworkServiceProxy
0x00007ff81a418000 	/System/Library/PrivateFrameworks/Rapport.framework/Versions/A/Rapport
0x00007ffc162bc000 	/System/Library/PrivateFrameworks/Symptoms.framework/Versions/A/Frameworks/SymptomAnalytics.framework/Versions/A/SymptomAnalytics
0x00007ff817d26000 	/usr/lib/libnetworkextension.dylib
0x00007ff818d17000 	/System/Library/PrivateFrameworks/SymptomDiagnosticReporter.framework/Versions/A/SymptomDiagnosticReporter
0x00007ffa108e1000 	/System/Library/Frameworks/CryptoKit.framework/Versions/A/CryptoKit
0x00007ff81c567000 	/System/Library/PrivateFrameworks/CryptoKitCBridging.framework/Versions/A/CryptoKitCBridging
0x00007ff819f5e000 	/System/Library/Frameworks/CryptoTokenKit.framework/Versions/A/CryptoTokenKit
0x00007ffa051b3000 	/usr/lib/swift/libswiftCryptoTokenKit.dylib
0x00007ff819fbe000 	/System/Library/Frameworks/LocalAuthentication.framework/Versions/A/LocalAuthentication
0x00007ffc0440d000 	/System/Library/PrivateFrameworks/LocalAuthenticationCore.framework/Versions/A/LocalAuthenticationCore
0x00007ff81a00d000 	/System/Library/Frameworks/LocalAuthentication.framework/Support/SharedUtils.framework/Versions/A/SharedUtils
0x00007ff80b841000 	/System/Library/PrivateFrameworks/ApplePushService.framework/Versions/A/ApplePushService
0x00007ff90ad6c000 	/System/Library/PrivateFrameworks/FindMyDevice.framework/Versions/A/FindMyDevice
0x00007ff80911c000 	/System/Library/PrivateFrameworks/CommonUtilities.framework/Versions/A/CommonUtilities
0x00007ff9202b8000 	/System/Library/PrivateFrameworks/DeviceIdentity.framework/Versions/A/DeviceIdentity
0x00007ff81244c000 	/System/Library/PrivateFrameworks/Bom.framework/Versions/A/Bom
0x00007ff814211000 	/usr/lib/libParallelCompression.dylib
0x00007ffd05e89000 	/usr/lib/libAppleArchive.dylib
0x00007ff814204000 	/System/Library/PrivateFrameworks/MultiverseSupport.framework/Versions/A/MultiverseSupport
0x00007ff81ff83000 	/System/Library/PrivateFrameworks/FMCoreLite.framework/Versions/A/FMCoreLite
0x00007ff80fe36000 	/System/Library/PrivateFrameworks/AuthKit.framework/Versions/A/AuthKit
0x00007ff818e37000 	/System/Library/PrivateFrameworks/DiskManagement.framework/Versions/A/DiskManagement
0x00007ff818d53000 	/System/Library/PrivateFrameworks/AppleIDAuthSupport.framework/Versions/A/AppleIDAuthSupport
0x00007ffb0a797000 	/System/Library/PrivateFrameworks/AAAFoundation.framework/Versions/A/AAAFoundation
0x00007ff8146f3000 	/System/Library/PrivateFrameworks/KeychainCircle.framework/Versions/A/KeychainCircle
0x00007ff905e38000 	/System/Library/PrivateFrameworks/URLFormatting.framework/Versions/A/URLFormatting
0x00007ff81bdff000 	/usr/lib/libcsfde.dylib
0x00007ff811eb0000 	/usr/lib/libCoreStorage.dylib
0x00007ff815af6000 	/System/Library/PrivateFrameworks/ProtectedCloudStorage.framework/Versions/A/ProtectedCloudStorage
0x00007ff81bdfb000 	/System/Library/PrivateFrameworks/EFILogin.framework/Versions/A/EFILogin
0x00007ff904be5000 	/System/Library/PrivateFrameworks/CloudServices.framework/Versions/A/CloudServices
0x00007ff8194ff000 	/System/Library/PrivateFrameworks/OctagonTrust.framework/Versions/A/OctagonTrust
0x00007ff819b77000 	/System/Library/PrivateFrameworks/AVFCore.framework/Versions/A/AVFCore
0x00007ff903635000 	/System/Library/PrivateFrameworks/AVFCapture.framework/Versions/A/AVFCapture
0x00007ffb1006b000 	/System/Library/PrivateFrameworks/CMImaging.framework/Versions/A/CMImaging
0x00007ff90384d000 	/System/Library/PrivateFrameworks/Quagga.framework/Versions/A/Quagga
0x00007ff90397e000 	/System/Library/PrivateFrameworks/CMCapture.framework/Versions/A/CMCapture
0x00007ff8142e1000 	/System/Library/Frameworks/CoreMediaIO.framework/Versions/A/CoreMediaIO
0x00007ff81c6df000 	/System/Library/PrivateFrameworks/Espresso.framework/Versions/A/Espresso
0x00007ffa1cf1f000 	/System/Library/PrivateFrameworks/ANECompiler.framework/Versions/A/ANECompiler
0x00007ff81e7c8000 	/System/Library/PrivateFrameworks/AppleNeuralEngine.framework/Versions/A/AppleNeuralEngine
0x00007ffb05b8b000 	/System/Library/Frameworks/MetalPerformanceShadersGraph.framework/Versions/A/MetalPerformanceShadersGraph
0x00007ffc04e6c000 	/System/Library/PrivateFrameworks/MLCompilerServices.framework/Versions/A/MLCompilerServices
0x00007ff81d6ba000 	/System/Library/PrivateFrameworks/ANEServices.framework/Versions/A/ANEServices
0x00007ff910947000 	/usr/lib/libncurses.5.4.dylib
0x00007ff8054ac000 	/usr/lib/libsandbox.1.dylib
0x00007ff811ea8000 	/usr/lib/libMatch.1.dylib
0x00007ffc04e0b000 	/System/Library/PrivateFrameworks/MLCompilerRuntime.framework/Versions/A/MLCompilerRuntime
0x00007ffb10b3c000 	/System/Library/PrivateFrameworks/CinematicFraming.framework/Versions/A/CinematicFraming
0x00007ff90a7b1000 	/System/Library/Frameworks/CoreMotion.framework/Versions/A/CoreMotion
0x00007ff9192f3000 	/System/Library/PrivateFrameworks/TimeSync.framework/Versions/A/TimeSync
0x00007ffb15c1e000 	/System/Library/PrivateFrameworks/DistributedSensing.framework/Versions/A/DistributedSensing
0x00007ff914fab000 	/System/Library/PrivateFrameworks/MobileBluetooth.framework/Versions/A/MobileBluetooth
0x00007ff813eb5000 	/System/Library/PrivateFrameworks/LocationSupport.framework/Versions/A/LocationSupport
0x00007ff91accb000 	/System/Library/PrivateFrameworks/IOKitten.framework/Versions/A/IOKitten
0x00007ff806e6c000 	/System/Library/PrivateFrameworks/CoreDuet.framework/Versions/A/CoreDuet
0x00007ff81b148000 	/System/Library/PrivateFrameworks/CoreDuetContext.framework/Versions/A/CoreDuetContext
0x00007ffb0eeab000 	/System/Library/PrivateFrameworks/BiomeLibrary.framework/Versions/A/BiomeLibrary
0x00007ff91ed0a000 	/System/Library/PrivateFrameworks/BiomePubSub.framework/Versions/A/BiomePubSub
0x00007ff80b8a2000 	/System/Library/Frameworks/CloudKit.framework/Versions/A/CloudKit
0x00007ff81b19c000 	/System/Library/Frameworks/Intents.framework/Versions/A/Intents
0x00007ff81d852000 	/System/Library/PrivateFrameworks/CoreDuetDaemonProtocol.framework/Versions/A/CoreDuetDaemonProtocol
0x00007ff81d6e5000 	/System/Library/PrivateFrameworks/ProactiveSupport.framework/Versions/A/ProactiveSupport
0x00007ff91936e000 	/System/Library/PrivateFrameworks/BiomeStreams.framework/Versions/A/BiomeStreams
0x00007ff91ed69000 	/System/Library/PrivateFrameworks/BiomeStorage.framework/Versions/A/BiomeStorage
0x00007ff915af9000 	/System/Library/PrivateFrameworks/BiomeFoundation.framework/Versions/A/BiomeFoundation
0x00007ffc03087000 	/System/Library/PrivateFrameworks/IntelligencePlatformLibrary.framework/Versions/A/IntelligencePlatformLibrary
0x00007ffc0c289000 	/System/Library/PrivateFrameworks/PoirotSchematizer.framework/Versions/A/PoirotSchematizer
0x00007ffb0f548000 	/System/Library/PrivateFrameworks/BiomeSync.framework/Versions/A/BiomeSync
0x00007ffb0ee8c000 	/System/Library/PrivateFrameworks/BiomeFlexibleStorage.framework/Versions/A/BiomeFlexibleStorage
0x00007ffb0ee72000 	/System/Library/PrivateFrameworks/BiomeDSL.framework/Versions/A/BiomeDSL
0x00007ffc0c2fa000 	/System/Library/PrivateFrameworks/PoirotUDFs.framework/Versions/A/PoirotUDFs
0x00007ffc0c260000 	/System/Library/PrivateFrameworks/PoirotSQLite.framework/Versions/A/PoirotSQLite
0x00007ff81c17b000 	/System/Library/PrivateFrameworks/InternationalTextSearch.framework/Versions/A/InternationalTextSearch
0x00007ffb107a4000 	/System/Library/PrivateFrameworks/CascadeSets.framework/Versions/A/CascadeSets
0x00007ffb0842f000 	/System/Library/Frameworks/SharedWithYouCore.framework/Versions/A/SharedWithYouCore
0x00007ff81c243000 	/System/Library/PrivateFrameworks/AppleAccount.framework/Versions/A/AppleAccount
0x00007ff81c643000 	/System/Library/PrivateFrameworks/C2.framework/Versions/A/C2
0x00007ff80cf80000 	/System/Library/Frameworks/CoreLocation.framework/Versions/A/CoreLocation
0x00007ffb10dfa000 	/System/Library/PrivateFrameworks/CloudAssets.framework/Versions/A/CloudAssets
0x00007ff81c63b000 	/System/Library/Frameworks/PushKit.framework/Versions/A/PushKit
0x00007ffa06c6b000 	/usr/lib/swift/libswiftAVFoundation.dylib
0x00007ff90baf2000 	/usr/lib/swift/libswiftCoreAudio.dylib
0x00007ff911ba8000 	/usr/lib/swift/libswiftCoreLocation.dylib
0x00007ff911bba000 	/usr/lib/swift/libswiftCoreMIDI.dylib
0x00007ffa051b5000 	/usr/lib/swift/libswiftCoreMedia.dylib
0x00007ff8156a9000 	/System/Library/PrivateFrameworks/Sharing.framework/Versions/A/Sharing
0x00007ff81b806000 	/System/Library/PrivateFrameworks/Apple80211.framework/Versions/A/Apple80211
0x00007ff80f2b7000 	/System/Library/Frameworks/CoreWLAN.framework/Versions/A/CoreWLAN
0x00007ff81f8fd000 	/System/Library/PrivateFrameworks/AssistantServices.framework/Versions/A/AssistantServices
0x00007ff81a200000 	/System/Library/PrivateFrameworks/SAObjects.framework/Versions/A/SAObjects
0x00007ff81f53a000 	/System/Library/PrivateFrameworks/MediaRemote.framework/Versions/A/MediaRemote
0x00007ff910e91000 	/System/Library/PrivateFrameworks/SiriInstrumentation.framework/Versions/A/SiriInstrumentation
0x00007ffc0f413000 	/System/Library/PrivateFrameworks/SiriAnalytics.framework/Versions/A/SiriAnalytics
0x00007ffc14132000 	/System/Library/PrivateFrameworks/SiriTTSService.framework/Versions/A/SiriTTSService
0x00007ffc0fc4d000 	/System/Library/PrivateFrameworks/SiriCrossDeviceArbitration.framework/Versions/A/SiriCrossDeviceArbitration
0x00007ff90ebb2000 	/System/Library/PrivateFrameworks/FeedbackLogger.framework/Versions/A/FeedbackLogger
0x00007ffc0fc9a000 	/System/Library/PrivateFrameworks/SiriCrossDeviceArbitrationFeedback.framework/Versions/A/SiriCrossDeviceArbitrationFeedback
0x00007ffb1de17000 	/System/Library/PrivateFrameworks/GenerativeModels.framework/Versions/A/GenerativeModels
0x00007ff9052bf000 	/System/Library/PrivateFrameworks/MediaServices.framework/Versions/A/MediaServices
0x00007ff81522e000 	/System/Library/PrivateFrameworks/IDS.framework/Versions/A/IDS
0x00007ff81211b000 	/System/Library/PrivateFrameworks/PersistentConnection.framework/Versions/A/PersistentConnection
0x00007ff813e41000 	/System/Library/PrivateFrameworks/IMFoundation.framework/Versions/A/IMFoundation
0x00007ff905446000 	/System/Library/PrivateFrameworks/Marco.framework/Versions/A/Marco
0x00007ff8153fa000 	/System/Library/PrivateFrameworks/IDSFoundation.framework/Versions/A/IDSFoundation
0x00007ff820df3000 	/System/Library/PrivateFrameworks/Engram.framework/Versions/A/Engram
0x00007ff820d99000 	/usr/lib/libtidy.A.dylib
0x00007ff918e4c000 	/System/Library/PrivateFrameworks/FTAWD.framework/Versions/A/FTAWD
0x00007ff815d70000 	/System/Library/PrivateFrameworks/GeoServices.framework/Versions/A/GeoServices
0x00007ffb1dfec000 	/System/Library/PrivateFrameworks/GeoServicesCore.framework/Versions/A/GeoServicesCore
0x00007ff905e37000 	/System/Library/PrivateFrameworks/PhoneNumbers.framework/Versions/A/PhoneNumbers
0x00007ffb1573f000 	/System/Library/PrivateFrameworks/Dendrite.framework/Versions/A/Dendrite
0x00007ffb0e955000 	/System/Library/PrivateFrameworks/AtomicsInternal.framework/Versions/A/AtomicsInternal
0x00007ff912980000 	/usr/lib/libtailspin.dylib
0x00007ffa04d38000 	/System/Library/PrivateFrameworks/Osprey.framework/Versions/A/Osprey
0x00007ffc13761000 	/System/Library/PrivateFrameworks/SiriTTS.framework/Versions/A/SiriTTS
0x00007ff90b73b000 	/System/Library/Frameworks/NaturalLanguage.framework/Versions/A/NaturalLanguage
0x00007ffc12797000 	/System/Library/PrivateFrameworks/SiriPowerInstrumentation.framework/Versions/A/SiriPowerInstrumentation
0x00007ff90c5b5000 	/System/Library/PrivateFrameworks/Trial.framework/Versions/A/Trial
0x00007ff90c53a000 	/System/Library/PrivateFrameworks/TrialProto.framework/Versions/A/TrialProto
0x00007ffa14ded000 	/usr/lib/swift/libswiftNaturalLanguage.dylib
0x00007ffc16ac7000 	/System/Library/PrivateFrameworks/TailspinSymbolication.framework/Versions/A/TailspinSymbolication
0x00007ffb154cb000 	/System/Library/PrivateFrameworks/Darwinup.framework/Versions/A/Darwinup
0x00007ff91dcca000 	/System/Library/PrivateFrameworks/SignpostSupport.framework/Versions/A/SignpostSupport
0x00007ff90b60b000 	/System/Library/PrivateFrameworks/FeatureFlagsSupport.framework/Versions/A/FeatureFlagsSupport
0x00007ff91d416000 	/System/Library/PrivateFrameworks/ktrace.framework/Versions/A/ktrace
0x00007ff91df6b000 	/System/Library/PrivateFrameworks/SampleAnalysis.framework/Versions/A/SampleAnalysis
0x00007ffa0649c000 	/System/Library/PrivateFrameworks/kperfdata.framework/Versions/A/kperfdata
0x00007ff815c90000 	/usr/lib/libdscsym.dylib
0x00007ffa069b0000 	/System/Library/PrivateFrameworks/BulkSymbolication.framework/Versions/A/BulkSymbolication
0x00007ff80bd2c000 	/System/Library/Frameworks/CoreML.framework/Versions/A/CoreML
0x00007ffa132dc000 	/usr/lib/libedit.3.dylib
0x00007ff80f9a1000 	/System/Library/Frameworks/MLCompute.framework/Versions/A/MLCompute
0x00007ffc04cd8000 	/System/Library/PrivateFrameworks/MLAssetIO.framework/Versions/A/MLAssetIO
0x00007ffd06c87000 	/usr/lib/swift/libswiftMLCompute.dylib
0x00007ff8039f1000 	/System/Library/PrivateFrameworks/LanguageModeling.framework/Versions/A/LanguageModeling
0x00007ff8086ae000 	/System/Library/PrivateFrameworks/Montreal.framework/Versions/A/Montreal
0x00007ff8102e1000 	/usr/lib/libcmph.dylib
0x00007ffb1de91000 	/System/Library/PrivateFrameworks/GenerativeModelsFoundation.framework/Versions/A/GenerativeModelsFoundation
0x00007ffc18fab000 	/System/Library/PrivateFrameworks/TokenGeneration.framework/Versions/A/TokenGeneration
0x00007ffb1dd08000 	/System/Library/PrivateFrameworks/GenerativeFunctions.framework/Versions/A/GenerativeFunctions
0x00007ffb1dd4c000 	/System/Library/PrivateFrameworks/GenerativeFunctionsFoundation.framework/Versions/A/GenerativeFunctionsFoundation
0x00007ffc06c6f000 	/System/Library/PrivateFrameworks/ModelCatalog.framework/Versions/A/ModelCatalog
0x00007ffc0ed33000 	/System/Library/PrivateFrameworks/SensitiveContentAnalysisML.framework/Versions/A/SensitiveContentAnalysisML
0x00007ffb1ddaa000 	/System/Library/PrivateFrameworks/GenerativeFunctionsInstrumentation.framework/Versions/A/GenerativeFunctionsInstrumentation
0x00007ffc0d040000 	/System/Library/PrivateFrameworks/PromptKit.framework/Versions/A/PromptKit
0x00007ffc0cca0000 	/System/Library/PrivateFrameworks/ProactiveDaemonSupport.framework/Versions/A/ProactiveDaemonSupport
0x00007ffc19117000 	/System/Library/PrivateFrameworks/TokenGenerationCore.framework/Versions/A/TokenGenerationCore
0x00007ffc1c048000 	/System/Library/PrivateFrameworks/VectorSearch.framework/Versions/A/VectorSearch
0x00007ffd06d23000 	/usr/lib/swift/libswiftSynchronization.dylib
0x00007ffc06e04000 	/System/Library/PrivateFrameworks/ModelManagerServices.framework/Versions/A/ModelManagerServices
0x00007ff905832000 	/System/Library/PrivateFrameworks/ProactiveEventTracker.framework/Versions/A/ProactiveEventTracker
0x00007ffc1a9fd000 	/System/Library/PrivateFrameworks/UnifiedAssetFramework.framework/Versions/A/UnifiedAssetFramework
0x00007ffb0dda9000 	/System/Library/PrivateFrameworks/AppleFlatBuffers.framework/Versions/A/AppleFlatBuffers
0x00007ffb0a7af000 	/System/Library/PrivateFrameworks/AAAFoundationSwift.framework/Versions/A/AAAFoundationSwift
0x00007ff81c3d1000 	/System/Library/PrivateFrameworks/AppleIDSSOAuthentication.framework/Versions/A/AppleIDSSOAuthentication
0x00007ff91861c000 	/usr/lib/swift/libswiftCompression.dylib
0x00007ffc0eee8000 	/System/Library/PrivateFrameworks/SentencePieceInternal.framework/Versions/A/SentencePieceInternal
0x00007ff818150000 	/System/Library/Frameworks/Vision.framework/Versions/A/Vision
0x00007ffb15000000 	/System/Library/PrivateFrameworks/CoreSceneUnderstanding.framework/Versions/A/CoreSceneUnderstanding
0x00007ffc1cb02000 	/System/Library/PrivateFrameworks/VisionCore.framework/Versions/A/VisionCore
0x00007ff913d87000 	/System/Library/Frameworks/Vision.framework/libfaceCore.dylib
0x00007ff914a6a000 	/System/Library/PrivateFrameworks/Futhark.framework/Versions/A/Futhark
0x00007ff9183d8000 	/System/Library/PrivateFrameworks/InertiaCam.framework/Versions/A/InertiaCam
0x00007ff914815000 	/System/Library/PrivateFrameworks/TextRecognition.framework/Versions/A/TextRecognition
0x00007ff811d3e000 	/System/Library/PrivateFrameworks/CVNLP.framework/Versions/A/CVNLP
0x00007ffb1cfc7000 	/System/Library/PrivateFrameworks/GRDBInternal.framework/Versions/A/GRDBInternal
0x00007ff81e578000 	/System/Library/PrivateFrameworks/RTCReporting.framework/Versions/A/RTCReporting
0x00007ff81c62b000 	/System/Library/PrivateFrameworks/IntentsFoundation.framework/Versions/A/IntentsFoundation
0x00007ffb1532e000 	/System/Library/PrivateFrameworks/CryptoKitPrivate.framework/Versions/A/CryptoKitPrivate
0x00007ff814f84000 	/System/Library/Frameworks/NetworkExtension.framework/Versions/A/NetworkExtension
0x00007ff9104d4000 	/System/Library/PrivateFrameworks/CaptiveNetwork.framework/Versions/A/CaptiveNetwork
0x00007ff81bd07000 	/System/Library/PrivateFrameworks/EAP8021X.framework/Versions/A/EAP8021X
0x00007ffd06c7a000 	/usr/lib/swift/libswiftFileProvider.dylib
0x00007ff91df39000 	/System/Library/PrivateFrameworks/UIKitServices.framework/Versions/A/UIKitServices
0x000000017eb26000 	/System/Library/Extensions/AGXMetal13_3.bundle/Contents/MacOS/AGXMetal13_3
0x00007ff904c2d000 	/System/Library/PrivateFrameworks/IOGPU.framework/Versions/A/IOGPU
0x000000017db18000 	/Applications/Apache NetBeans.app/Contents/Home/lib/libosxui.dylib
0x00007ffc16f98000 	/System/Library/PrivateFrameworks/TextInputUI.framework/Versions/A/TextInputUI
0x00007ffc16fb4000 	/System/Library/PrivateFrameworks/TextInputUIMacHelper.framework/Versions/A/TextInputUIMacHelper
0x00007ffc0e425000 	/System/Library/PrivateFrameworks/Sage.framework/Versions/A/Sage


VM Arguments:
jvm_args: --enable-preview -agentlib:jdwp=transport=dt_socket,server=n,address=50042 
java_command: com.mycompany.javacheckers.Checkers
java_class_path (initial): /Users/robertpalmer/Desktop/Coding/Java/JavaCheckers/target/classes:/Users/robertpalmer/.m2/repository/commons-lang/commons-lang/2.6/commons-lang-2.6.jar
Launcher Type: SUN_STANDARD

[Global flags]
     intx CICompilerCount                          = 4                                         {product} {ergonomic}
     uint ConcGCThreads                            = 2                                         {product} {ergonomic}
     uint G1ConcRefinementThreads                  = 8                                         {product} {ergonomic}
   size_t G1HeapRegionSize                         = 1048576                                   {product} {ergonomic}
    uintx GCDrainStackTargetSize                   = 64                                        {product} {ergonomic}
   size_t InitialHeapSize                          = 134217728                                 {product} {ergonomic}
   size_t MarkStackSize                            = 4194304                                   {product} {ergonomic}
   size_t MaxHeapSize                              = 2147483648                                {product} {ergonomic}
   size_t MaxNewSize                               = 1287651328                                {product} {ergonomic}
   size_t MinHeapDeltaBytes                        = 1048576                                   {product} {ergonomic}
   size_t MinHeapSize                              = 8388608                                   {product} {ergonomic}
    uintx NonNMethodCodeHeapSize                   = 5839372                                {pd product} {ergonomic}
    uintx NonProfiledCodeHeapSize                  = 122909434                              {pd product} {ergonomic}
    uintx ProfiledCodeHeapSize                     = 122909434                              {pd product} {ergonomic}
    uintx ReservedCodeCacheSize                    = 251658240                              {pd product} {ergonomic}
     bool SegmentedCodeCache                       = true                                      {product} {ergonomic}
   size_t SoftMaxHeapSize                          = 2147483648                             {manageable} {ergonomic}
     bool UseCompressedOops                        = true                           {product lp64_product} {ergonomic}
     bool UseG1GC                                  = true                                      {product} {ergonomic}
     bool UseNUMA                                  = false                                     {product} {ergonomic}
     bool UseNUMAInterleaving                      = false                                     {product} {ergonomic}

Logging:
Log output configuration:
 #0: stdout all=warning uptime,level,tags foldmultilines=false
 #1: stderr all=off uptime,level,tags foldmultilines=false

Environment Variables:
JAVA_HOME=/Applications/Apache NetBeans.app/Contents/Home
PATH=/usr/bin:/bin:/usr/sbin:/sbin
SHELL=/bin/zsh
LC_CTYPE=UTF-8
TMPDIR=/var/folders/gl/y60l7cg13q5fbnqg8ytjy1_80000gn/T/

Active Locale:
LC_ALL=C/UTF-8/C/C/C/C
LC_COLLATE=C
LC_CTYPE=UTF-8
LC_MESSAGES=C
LC_MONETARY=C
LC_NUMERIC=C
LC_TIME=C

Signal Handlers:
   SIGSEGV: crash_handler in libjvm.dylib, mask=11100110100111111111111111111111, flags=SA_ONSTACK|SA_RESTART|SA_SIGINFO, unblocked
    SIGBUS: crash_handler in libjvm.dylib, mask=11100110100111111111111111111111, flags=SA_RESTART|SA_SIGINFO, unblocked
    SIGFPE: crash_handler in libjvm.dylib, mask=11100110100111111111111111111111, flags=SA_RESTART|SA_SIGINFO, unblocked
   SIGPIPE: javaSignalHandler in libjvm.dylib, mask=11100110100111111111111111111111, flags=SA_RESTART|SA_SIGINFO, blocked
   SIGXFSZ: javaSignalHandler in libjvm.dylib, mask=11100110100111111111111111111111, flags=SA_RESTART|SA_SIGINFO, blocked
    SIGILL: crash_handler in libjvm.dylib, mask=11100110100111111111111111111111, flags=SA_RESTART|SA_SIGINFO, unblocked
   SIGUSR2: SR_handler in libjvm.dylib, mask=00000000000000000000000000000000, flags=SA_RESTART|SA_SIGINFO, blocked
    SIGHUP: UserHandler in libjvm.dylib, mask=11100110100111111111111111111111, flags=SA_RESTART|SA_SIGINFO, blocked
    SIGINT: SIG_IGN, mask=11111111011111110111111111111111, flags=none, blocked
   SIGTERM: UserHandler in libjvm.dylib, mask=11100110100111111111111111111111, flags=SA_RESTART|SA_SIGINFO, blocked
   SIGQUIT: UserHandler in libjvm.dylib, mask=11100110100111111111111111111111, flags=SA_RESTART|SA_SIGINFO, blocked
   SIGTRAP: crash_handler in libjvm.dylib, mask=11100110100111111111111111111111, flags=SA_RESTART|SA_SIGINFO, unblocked


Periodic native trim disabled

---------------  S Y S T E M  ---------------

OS:
uname: Darwin 24.3.0 Darwin Kernel Version 24.3.0: Thu Jan  2 20:24:06 PST 2025; root:xnu-11215.81.4~3/RELEASE_ARM64_T8103 x86_64
OS uptime: 1 days 9:35 hours
rlimit (soft/hard): STACK 8176k/65520k , CORE 0k/infinity , NPROC 1333/2000 , NOFILE 10240/infinity , AS infinity/infinity , CPU infinity/infinity , DATA infinity/infinity , FSIZE infinity/infinity , MEMLOCK infinity/infinity , RSS infinity/infinity
load average: 24.59 18.38 11.57

CPU: (EMULATED) total 8 (initial active 8) (1 cores per cpu, 1 threads per core) family 6 model 44 stepping 0 microcode 0x0, cx8, cmov, fxsr, mmx, sse, sse2, sse3, ssse3, sse4.1, sse4.2, popcnt, tsc, tscinvbit, aes, clmul, clflush, rdtscp
machdep.cpu.brand_string:Apple M1
hw.cpufrequency:2400000000
hw.cpufrequency_min:2400000000
hw.cpufrequency_max:2400000000
hw.cachelinesize:64
hw.l1icachesize:131072
hw.l1dcachesize:65536
hw.l2cachesize:4194304

Memory: 4k page, physical 8388608k(43500k free), swap 2097152k(748096k free)

vm_info: OpenJDK 64-Bit Server VM (21.0.2+13-LTS) for bsd-amd64 JRE (21.0.2+13-LTS) (Zulu21.32+17-CA), built on 2024-01-09T19:41:02Z by "tester" with clang Apple LLVM 14.0.3 (clang-1403.0.22.14.1)

END.
