#
# A fatal error has been detected by the Java Runtime Environment:
#
#  SIGSEGV (0xb) at pc=0x00007ff8177e8520, pid=2017, tid=94079
#
# JRE version: OpenJDK Runtime Environment Zulu21.32+17-CA (21.0.2+13) (build 21.0.2+13-LTS)
# Java VM: OpenJDK 64-Bit Server VM Zulu21.32+17-CA (21.0.2+13-LTS, mixed mode, sharing, tiered, compressed oops, compressed class ptrs, g1 gc, bsd-amd64)
# Problematic frame:
# C  [CoreVideo+0x3520]  CVXTime::translateTime(CVTimeStamp const*, CVTimeStamp*) const+0x1a
#
# No core dump will be written. Core dumps have been disabled. To enable core dumping, try "ulimit -c unlimited" before starting Java again
#
# If you would like to submit a bug report, please visit:
#   http://www.azul.com/support/
#

---------------  S U M M A R Y ------------

Command Line: com.mycompany.javacheckers.Checkers

Host: "MacBookAir10,1" x86_64 (EMULATED) 2400 MHz, 8 cores, 8G, Darwin 24.2.0, macOS 15.2 (24C101)
Time: Sun Dec 22 10:01:23 2024 EST elapsed time: 10558.781402 seconds (0d 2h 55m 58s)

---------------  T H R E A D  ---------------

Current thread is native thread

Stack: [0x000000030ac1b000,0x000000030ac9b000],  sp=0x000000030ac9aca0,  free space=511k
Native frames: (J=compiled Java code, j=interpreted, Vv=VM code, C=native code)
C  [CoreVideo+0x3520]  CVXTime::translateTime(CVTimeStamp const*, CVTimeStamp*) const+0x1a
C  [CoreVideo+0x3210]  CVDisplayLink::calculateNextWakeUpTime(CVTimeStamp*, CVTimeStamp*, bool)+0x124
C  [CoreVideo+0x27f0]  CVDisplayLink::runIOThread()+0x188
C  [libsystem_pthread.dylib+0x6253]  _pthread_start+0x63
C  [libsystem_pthread.dylib+0x1bef]  thread_start+0xf

siginfo: si_signo: 11 (SIGSEGV), si_code: 1 (SEGV_MAPERR), si_addr: 0x000003130e6dc128

Registers:
RAX=0x000003130e6dbf70, RBX=0x000000030ac9ae30, RCX=0x0000000000000000, RDX=0x000000030ac9ae30
RSP=0x000000030ac9aca0, RBP=0x000000030ac9acd0, RSI=0x000000030ac9ace0, RDI=0x00006000002abf70
R8 =0x00007ff84e687dd0, R9 =0x00007fa770836a98, R10=0x00007fa770836a90, R11=0x00007fa770836a94
R12=0x000000030ac9ae30, R13=0x000000030ac9ace0, R14=0x00007fa770836a20, R15=0x00006000002abf70
RIP=0x00007ff8177e8520, EFLAGS=0x0000000000000246, ERR=0x0000000000000004
  TRAPNO=0x000000000000000e


Top of Stack: (sp=0x000000030ac9aca0)
0x000000030ac9aca0:   0000000000fe502a 000000030ac9ae30
0x000000030ac9acb0:   00007fa770836b18 0000000000000000
0x000000030ac9acc0:   00007fa770836a20 00007fa770836ad8
0x000000030ac9acd0:   000000030ac9ae20 00007ff8177e8210
0x000000030ac9ace0:   3b9aca0000000000 00000bbf68471cee
0x000000030ac9acf0:   00000bbf676a103b 3ff0000000000000
0x000000030ac9ad00:   0000000000fe502a 0000000000000000
0x000000030ac9ad10:   0000000000000000 0000000000000000
0x000000030ac9ad20:   0000000000000001 0000000000000000
0x000000030ac9ad30:   000000030ac9ad50 00007ff80dba35cb
0x000000030ac9ad40:   000000000000003c 00007fa770836a38
0x000000030ac9ad50:   000000030ac9ade0 00007ff80dba8835
0x000000030ac9ad60:   0000000000000000 0000000000000000
0x000000030ac9ad70:   0000000000000000 0000000000000000
0x000000030ac9ad80:   0000000000000000 0000000000000000
0x000000030ac9ad90:   0000000000000000 0000000000000000
0x000000030ac9ada0:   0000000000000000 0000000000000000
0x000000030ac9adb0:   0000000000000000 0000000000000002
0x000000030ac9adc0:   0000000000000000 00007fa770836c18
0x000000030ac9add0:   000000030ac9adf0 000000000dba3a19
0x000000030ac9ade0:   00007fa770836c00 0000000000000000
0x000000030ac9adf0:   00000bbf68f6f630 00007fa770836a20
0x000000030ac9ae00:   00007fa770836b18 0000000000000000
0x000000030ac9ae10:   000000030ac9ae98 00007fa770836ad8
0x000000030ac9ae20:   000000030ac9afb0 00007ff8177e77f0
0x000000030ac9ae30:   0000000000000000 0000000000000000
0x000000030ac9ae40:   0000000000000000 0000000000000000
0x000000030ac9ae50:   0000000000000000 0000000000000000
0x000000030ac9ae60:   0000000000000000 0000000000000000
0x000000030ac9ae70:   0000000000000013 0000000000000000
0x000000030ac9ae80:   0000000000000000 00007fa770836a38
0x000000030ac9ae90:   0000000000000000 0000000000000000 

Instructions: (pc=0x00007ff8177e8520)
0x00007ff8177e8420:   fc 58 59 39 48 8d 35 7d eb e9 36 f2 0f 11 55 b0
0x00007ff8177e8430:   e8 09 a9 03 00 f2 0f 10 55 b0 e9 1f ff ff ff f2
0x00007ff8177e8440:   4c 0f 2c d0 4d 8b 8e b8 01 00 00 48 8d 35 10 c2
0x00007ff8177e8450:   03 00 bf 02 00 00 00 4c 89 f2 48 8b 4d d0 31 c0
0x00007ff8177e8460:   41 52 41 ff b6 30 02 00 00 e8 25 5e 01 00 48 83
0x00007ff8177e8470:   c4 10 49 8b be 38 02 00 00 e8 46 f5 ff ff 49 8b
0x00007ff8177e8480:   be 38 02 00 00 e8 7a f5 ff ff 49 8b 06 4c 89 f7
0x00007ff8177e8490:   48 8b 75 c0 ff 90 88 00 00 00 49 c7 86 30 02 00
0x00007ff8177e84a0:   00 00 00 00 00 49 8b 06 4c 89 f7 48 89 de ff 90
0x00007ff8177e84b0:   88 00 00 00 48 81 c4 18 01 00 00 5b 41 5c 41 5d
0x00007ff8177e84c0:   41 5e 41 5f 5d c3 55 48 89 e5 41 57 41 56 53 50
0x00007ff8177e84d0:   48 89 fb 4c 8d 77 18 4c 89 f7 e8 89 ab 03 00 4c
0x00007ff8177e84e0:   8b bb b8 01 00 00 48 8b 9b c0 01 00 00 4c 89 f7
0x00007ff8177e84f0:   e8 79 ab 03 00 4c 89 f8 48 89 da 48 83 c4 08 5b
0x00007ff8177e8500:   41 5e 41 5f 5d c3 55 48 89 e5 41 57 41 56 41 55
0x00007ff8177e8510:   41 54 53 50 49 89 d4 49 89 f5 49 89 ff 48 8b 07
0x00007ff8177e8520:   4c 8b b0 b8 01 00 00 8b 98 c0 01 00 00 48 8b 4e
0x00007ff8177e8530:   08 4c 8b 46 10 4c 8b 4e 40 48 8d 35 83 ce 04 00
0x00007ff8177e8540:   bf 05 00 00 00 4c 89 fa 31 c0 e8 44 5d 01 00 49
0x00007ff8177e8550:   8b 4c 24 08 4d 8b 44 24 10 4d 8b 4c 24 40 45 8b
0x00007ff8177e8560:   54 24 04 f2 41 0f 10 44 24 18 48 8d 35 9d ce 04
0x00007ff8177e8570:   00 bf 05 00 00 00 4c 89 fa b0 01 41 ff 74 24 20
0x00007ff8177e8580:   41 52 e8 0c 5d 01 00 48 83 c4 10 48 8d 35 06 cf
0x00007ff8177e8590:   04 00 bf 05 00 00 00 4c 89 fa 4c 89 f1 41 89 d8
0x00007ff8177e85a0:   31 c0 e8 ec 5c 01 00 49 8b 4f 58 45 8b 47 50 48
0x00007ff8177e85b0:   8d 35 31 cf 04 00 bf 05 00 00 00 4c 89 fa 31 c0
0x00007ff8177e85c0:   e8 ce 5c 01 00 f2 41 0f 10 4f 10 0f 14 0d fe e3
0x00007ff8177e85d0:   04 00 66 0f 5c 0d 06 e4 04 00 f2 41 0f 10 47 48
0x00007ff8177e85e0:   66 0f 7c c9 48 8d 35 3f cf 04 00 bf 05 00 00 00
0x00007ff8177e85f0:   4c 89 fa b0 02 e8 99 5c 01 00 4d 8b 4c 24 40 41
0x00007ff8177e8600:   f6 c1 01 0f 84 94 00 00 00 49 8b 45 40 a8 01 75
0x00007ff8177e8610:   08 a8 02 75 0a 31 c0 eb 7f 49 8b 45 08 eb 79 49 



---------------  P R O C E S S  ---------------

VM state: not at safepoint (normal execution)

VM Mutex/Monitor currently owned by a thread: None

Heap address: 0x0000000780000000, size: 2048 MB, Compressed Oops mode: Zero based, Oop shift amount: 3

CDS archive(s) mapped at: [0x000000012b000000-0x000000012bd00000-0x000000012bd00000), size 13631488, SharedBaseAddress: 0x000000012b000000, ArchiveRelocationMode: 1.
Compressed class space mapped at: 0x000000012c000000-0x000000016c000000, reserved size: 1073741824
Narrow klass base: 0x000000012b000000, Narrow klass shift: 0, Narrow klass range: 0x100000000

GC Precious Log:
<Skipped>

Heap:
 garbage-first heap   total 133120K, used 80699K [0x0000000780000000, 0x0000000800000000)
  region size 1024K, 65 young (66560K), 1 survivors (1024K)
 Metaspace       used 8651K, committed 8896K, reserved 1114112K
  class space    used 912K, committed 1024K, reserved 1048576K

Heap Regions: E=young(eden), S=young(survivor), O=old, HS=humongous(starts), HC=humongous(continues), CS=collection set, F=free, TAMS=top-at-mark-start, PB=parsable bottom
|   0|0x0000000780000000, 0x0000000780100000, 0x0000000780100000|100%| O|  |TAMS 0x0000000780000000| PB 0x0000000780000000| Untracked 
|   1|0x0000000780100000, 0x0000000780200000, 0x0000000780200000|100%| O|  |TAMS 0x0000000780100000| PB 0x0000000780100000| Untracked 
|   2|0x0000000780200000, 0x0000000780247998, 0x0000000780300000| 27%| O|  |TAMS 0x0000000780200000| PB 0x0000000780200000| Untracked 
|   3|0x0000000780300000, 0x0000000780300000, 0x0000000780400000|  0%| F|  |TAMS 0x0000000780300000| PB 0x0000000780300000| Untracked 
|   4|0x0000000780400000, 0x0000000780500000, 0x0000000780500000|100%|HS|  |TAMS 0x0000000780400000| PB 0x0000000780400000| Complete 
|   5|0x0000000780500000, 0x0000000780600000, 0x0000000780600000|100%|HC|  |TAMS 0x0000000780500000| PB 0x0000000780500000| Complete 
|   6|0x0000000780600000, 0x0000000780700000, 0x0000000780700000|100%|HC|  |TAMS 0x0000000780600000| PB 0x0000000780600000| Complete 
|   7|0x0000000780700000, 0x0000000780800000, 0x0000000780800000|100%|HC|  |TAMS 0x0000000780700000| PB 0x0000000780700000| Complete 
|   8|0x0000000780800000, 0x0000000780900000, 0x0000000780900000|100%|HS|  |TAMS 0x0000000780800000| PB 0x0000000780800000| Complete 
|   9|0x0000000780900000, 0x0000000780a00000, 0x0000000780a00000|100%|HC|  |TAMS 0x0000000780900000| PB 0x0000000780900000| Complete 
|  10|0x0000000780a00000, 0x0000000780b00000, 0x0000000780b00000|100%|HC|  |TAMS 0x0000000780a00000| PB 0x0000000780a00000| Complete 
|  11|0x0000000780b00000, 0x0000000780c00000, 0x0000000780c00000|100%|HC|  |TAMS 0x0000000780b00000| PB 0x0000000780b00000| Complete 
|  12|0x0000000780c00000, 0x0000000780d00000, 0x0000000780d00000|100%|HS|  |TAMS 0x0000000780c00000| PB 0x0000000780c00000| Complete 
|  13|0x0000000780d00000, 0x0000000780e00000, 0x0000000780e00000|100%|HC|  |TAMS 0x0000000780d00000| PB 0x0000000780d00000| Complete 
|  14|0x0000000780e00000, 0x0000000780f00000, 0x0000000780f00000|100%|HC|  |TAMS 0x0000000780e00000| PB 0x0000000780e00000| Complete 
|  15|0x0000000780f00000, 0x0000000781000000, 0x0000000781000000|100%|HC|  |TAMS 0x0000000780f00000| PB 0x0000000780f00000| Complete 
|  16|0x0000000781000000, 0x0000000781000000, 0x0000000781100000|  0%| F|  |TAMS 0x0000000781000000| PB 0x0000000781000000| Untracked 
|  17|0x0000000781100000, 0x0000000781100000, 0x0000000781200000|  0%| F|  |TAMS 0x0000000781100000| PB 0x0000000781100000| Untracked 
|  18|0x0000000781200000, 0x0000000781200000, 0x0000000781300000|  0%| F|  |TAMS 0x0000000781200000| PB 0x0000000781200000| Untracked 
|  19|0x0000000781300000, 0x0000000781300000, 0x0000000781400000|  0%| F|  |TAMS 0x0000000781300000| PB 0x0000000781300000| Untracked 
|  20|0x0000000781400000, 0x0000000781400000, 0x0000000781500000|  0%| F|  |TAMS 0x0000000781400000| PB 0x0000000781400000| Untracked 
|  21|0x0000000781500000, 0x0000000781500000, 0x0000000781600000|  0%| F|  |TAMS 0x0000000781500000| PB 0x0000000781500000| Untracked 
|  22|0x0000000781600000, 0x0000000781600000, 0x0000000781700000|  0%| F|  |TAMS 0x0000000781600000| PB 0x0000000781600000| Untracked 
|  23|0x0000000781700000, 0x0000000781700000, 0x0000000781800000|  0%| F|  |TAMS 0x0000000781700000| PB 0x0000000781700000| Untracked 
|  24|0x0000000781800000, 0x0000000781800000, 0x0000000781900000|  0%| F|  |TAMS 0x0000000781800000| PB 0x0000000781800000| Untracked 
|  25|0x0000000781900000, 0x0000000781900000, 0x0000000781a00000|  0%| F|  |TAMS 0x0000000781900000| PB 0x0000000781900000| Untracked 
|  26|0x0000000781a00000, 0x0000000781a00000, 0x0000000781b00000|  0%| F|  |TAMS 0x0000000781a00000| PB 0x0000000781a00000| Untracked 
|  27|0x0000000781b00000, 0x0000000781b00000, 0x0000000781c00000|  0%| F|  |TAMS 0x0000000781b00000| PB 0x0000000781b00000| Untracked 
|  28|0x0000000781c00000, 0x0000000781c00000, 0x0000000781d00000|  0%| F|  |TAMS 0x0000000781c00000| PB 0x0000000781c00000| Untracked 
|  29|0x0000000781d00000, 0x0000000781d00000, 0x0000000781e00000|  0%| F|  |TAMS 0x0000000781d00000| PB 0x0000000781d00000| Untracked 
|  30|0x0000000781e00000, 0x0000000781e00000, 0x0000000781f00000|  0%| F|  |TAMS 0x0000000781e00000| PB 0x0000000781e00000| Untracked 
|  31|0x0000000781f00000, 0x0000000781f00000, 0x0000000782000000|  0%| F|  |TAMS 0x0000000781f00000| PB 0x0000000781f00000| Untracked 
|  32|0x0000000782000000, 0x0000000782000000, 0x0000000782100000|  0%| F|  |TAMS 0x0000000782000000| PB 0x0000000782000000| Untracked 
|  33|0x0000000782100000, 0x0000000782100000, 0x0000000782200000|  0%| F|  |TAMS 0x0000000782100000| PB 0x0000000782100000| Untracked 
|  34|0x0000000782200000, 0x0000000782200000, 0x0000000782300000|  0%| F|  |TAMS 0x0000000782200000| PB 0x0000000782200000| Untracked 
|  35|0x0000000782300000, 0x0000000782300000, 0x0000000782400000|  0%| F|  |TAMS 0x0000000782300000| PB 0x0000000782300000| Untracked 
|  36|0x0000000782400000, 0x0000000782400000, 0x0000000782500000|  0%| F|  |TAMS 0x0000000782400000| PB 0x0000000782400000| Untracked 
|  37|0x0000000782500000, 0x0000000782500000, 0x0000000782600000|  0%| F|  |TAMS 0x0000000782500000| PB 0x0000000782500000| Untracked 
|  38|0x0000000782600000, 0x0000000782600000, 0x0000000782700000|  0%| F|  |TAMS 0x0000000782600000| PB 0x0000000782600000| Untracked 
|  39|0x0000000782700000, 0x0000000782700000, 0x0000000782800000|  0%| F|  |TAMS 0x0000000782700000| PB 0x0000000782700000| Untracked 
|  40|0x0000000782800000, 0x0000000782800000, 0x0000000782900000|  0%| F|  |TAMS 0x0000000782800000| PB 0x0000000782800000| Untracked 
|  41|0x0000000782900000, 0x0000000782900000, 0x0000000782a00000|  0%| F|  |TAMS 0x0000000782900000| PB 0x0000000782900000| Untracked 
|  42|0x0000000782a00000, 0x0000000782a00000, 0x0000000782b00000|  0%| F|  |TAMS 0x0000000782a00000| PB 0x0000000782a00000| Untracked 
|  43|0x0000000782b00000, 0x0000000782b00000, 0x0000000782c00000|  0%| F|  |TAMS 0x0000000782b00000| PB 0x0000000782b00000| Untracked 
|  44|0x0000000782c00000, 0x0000000782c00000, 0x0000000782d00000|  0%| F|  |TAMS 0x0000000782c00000| PB 0x0000000782c00000| Untracked 
|  45|0x0000000782d00000, 0x0000000782d00000, 0x0000000782e00000|  0%| F|  |TAMS 0x0000000782d00000| PB 0x0000000782d00000| Untracked 
|  46|0x0000000782e00000, 0x0000000782e00000, 0x0000000782f00000|  0%| F|  |TAMS 0x0000000782e00000| PB 0x0000000782e00000| Untracked 
|  47|0x0000000782f00000, 0x0000000782f00000, 0x0000000783000000|  0%| F|  |TAMS 0x0000000782f00000| PB 0x0000000782f00000| Untracked 
|  48|0x0000000783000000, 0x0000000783000000, 0x0000000783100000|  0%| F|  |TAMS 0x0000000783000000| PB 0x0000000783000000| Untracked 
|  49|0x0000000783100000, 0x0000000783100000, 0x0000000783200000|  0%| F|  |TAMS 0x0000000783100000| PB 0x0000000783100000| Untracked 
|  50|0x0000000783200000, 0x0000000783200000, 0x0000000783300000|  0%| F|  |TAMS 0x0000000783200000| PB 0x0000000783200000| Untracked 
|  51|0x0000000783300000, 0x0000000783300000, 0x0000000783400000|  0%| F|  |TAMS 0x0000000783300000| PB 0x0000000783300000| Untracked 
|  52|0x0000000783400000, 0x0000000783401900, 0x0000000783500000|  0%| S|CS|TAMS 0x0000000783400000| PB 0x0000000783400000| Complete 
|  53|0x0000000783500000, 0x0000000783500000, 0x0000000783600000|  0%| F|  |TAMS 0x0000000783500000| PB 0x0000000783500000| Untracked 
|  54|0x0000000783600000, 0x0000000783600000, 0x0000000783700000|  0%| F|  |TAMS 0x0000000783600000| PB 0x0000000783600000| Untracked 
|  55|0x0000000783700000, 0x0000000783700000, 0x0000000783800000|  0%| F|  |TAMS 0x0000000783700000| PB 0x0000000783700000| Untracked 
|  56|0x0000000783800000, 0x0000000783800000, 0x0000000783900000|  0%| F|  |TAMS 0x0000000783800000| PB 0x0000000783800000| Untracked 
|  57|0x0000000783900000, 0x0000000783900000, 0x0000000783a00000|  0%| F|  |TAMS 0x0000000783900000| PB 0x0000000783900000| Untracked 
|  58|0x0000000783a00000, 0x0000000783a00000, 0x0000000783b00000|  0%| F|  |TAMS 0x0000000783a00000| PB 0x0000000783a00000| Untracked 
|  59|0x0000000783b00000, 0x0000000783b00000, 0x0000000783c00000|  0%| F|  |TAMS 0x0000000783b00000| PB 0x0000000783b00000| Untracked 
|  60|0x0000000783c00000, 0x0000000783c00000, 0x0000000783d00000|  0%| F|  |TAMS 0x0000000783c00000| PB 0x0000000783c00000| Untracked 
|  61|0x0000000783d00000, 0x0000000783d00000, 0x0000000783e00000|  0%| F|  |TAMS 0x0000000783d00000| PB 0x0000000783d00000| Untracked 
|  62|0x0000000783e00000, 0x0000000783e00000, 0x0000000783f00000|  0%| F|  |TAMS 0x0000000783e00000| PB 0x0000000783e00000| Untracked 
|  63|0x0000000783f00000, 0x0000000783f00000, 0x0000000784000000|  0%| F|  |TAMS 0x0000000783f00000| PB 0x0000000783f00000| Untracked 
|  64|0x0000000784000000, 0x0000000784080800, 0x0000000784100000| 50%| E|  |TAMS 0x0000000784000000| PB 0x0000000784000000| Complete 
|  65|0x0000000784100000, 0x0000000784200000, 0x0000000784200000|100%| E|CS|TAMS 0x0000000784100000| PB 0x0000000784100000| Complete 
|  66|0x0000000784200000, 0x0000000784300000, 0x0000000784300000|100%| E|CS|TAMS 0x0000000784200000| PB 0x0000000784200000| Complete 
|  67|0x0000000784300000, 0x0000000784400000, 0x0000000784400000|100%| E|CS|TAMS 0x0000000784300000| PB 0x0000000784300000| Complete 
|  68|0x0000000784400000, 0x0000000784500000, 0x0000000784500000|100%| E|CS|TAMS 0x0000000784400000| PB 0x0000000784400000| Complete 
|  69|0x0000000784500000, 0x0000000784600000, 0x0000000784600000|100%| E|CS|TAMS 0x0000000784500000| PB 0x0000000784500000| Complete 
|  70|0x0000000784600000, 0x0000000784700000, 0x0000000784700000|100%| E|CS|TAMS 0x0000000784600000| PB 0x0000000784600000| Complete 
|  71|0x0000000784700000, 0x0000000784800000, 0x0000000784800000|100%| E|CS|TAMS 0x0000000784700000| PB 0x0000000784700000| Complete 
|  72|0x0000000784800000, 0x0000000784900000, 0x0000000784900000|100%| E|CS|TAMS 0x0000000784800000| PB 0x0000000784800000| Complete 
|  73|0x0000000784900000, 0x0000000784a00000, 0x0000000784a00000|100%| E|CS|TAMS 0x0000000784900000| PB 0x0000000784900000| Complete 
|  74|0x0000000784a00000, 0x0000000784b00000, 0x0000000784b00000|100%| E|CS|TAMS 0x0000000784a00000| PB 0x0000000784a00000| Complete 
|  75|0x0000000784b00000, 0x0000000784c00000, 0x0000000784c00000|100%| E|CS|TAMS 0x0000000784b00000| PB 0x0000000784b00000| Complete 
|  76|0x0000000784c00000, 0x0000000784d00000, 0x0000000784d00000|100%| E|CS|TAMS 0x0000000784c00000| PB 0x0000000784c00000| Complete 
|  77|0x0000000784d00000, 0x0000000784e00000, 0x0000000784e00000|100%| E|CS|TAMS 0x0000000784d00000| PB 0x0000000784d00000| Complete 
|  78|0x0000000784e00000, 0x0000000784f00000, 0x0000000784f00000|100%| E|CS|TAMS 0x0000000784e00000| PB 0x0000000784e00000| Complete 
|  79|0x0000000784f00000, 0x0000000785000000, 0x0000000785000000|100%| E|CS|TAMS 0x0000000784f00000| PB 0x0000000784f00000| Complete 
|  80|0x0000000785000000, 0x0000000785100000, 0x0000000785100000|100%| E|CS|TAMS 0x0000000785000000| PB 0x0000000785000000| Complete 
|  81|0x0000000785100000, 0x0000000785200000, 0x0000000785200000|100%| E|CS|TAMS 0x0000000785100000| PB 0x0000000785100000| Complete 
|  82|0x0000000785200000, 0x0000000785300000, 0x0000000785300000|100%| E|CS|TAMS 0x0000000785200000| PB 0x0000000785200000| Complete 
|  83|0x0000000785300000, 0x0000000785400000, 0x0000000785400000|100%| E|CS|TAMS 0x0000000785300000| PB 0x0000000785300000| Complete 
|  84|0x0000000785400000, 0x0000000785500000, 0x0000000785500000|100%| E|CS|TAMS 0x0000000785400000| PB 0x0000000785400000| Complete 
|  85|0x0000000785500000, 0x0000000785600000, 0x0000000785600000|100%| E|CS|TAMS 0x0000000785500000| PB 0x0000000785500000| Complete 
|  86|0x0000000785600000, 0x0000000785700000, 0x0000000785700000|100%| E|CS|TAMS 0x0000000785600000| PB 0x0000000785600000| Complete 
|  87|0x0000000785700000, 0x0000000785800000, 0x0000000785800000|100%| E|CS|TAMS 0x0000000785700000| PB 0x0000000785700000| Complete 
|  88|0x0000000785800000, 0x0000000785900000, 0x0000000785900000|100%| E|CS|TAMS 0x0000000785800000| PB 0x0000000785800000| Complete 
|  89|0x0000000785900000, 0x0000000785a00000, 0x0000000785a00000|100%| E|CS|TAMS 0x0000000785900000| PB 0x0000000785900000| Complete 
|  90|0x0000000785a00000, 0x0000000785b00000, 0x0000000785b00000|100%| E|CS|TAMS 0x0000000785a00000| PB 0x0000000785a00000| Complete 
|  91|0x0000000785b00000, 0x0000000785c00000, 0x0000000785c00000|100%| E|CS|TAMS 0x0000000785b00000| PB 0x0000000785b00000| Complete 
|  92|0x0000000785c00000, 0x0000000785d00000, 0x0000000785d00000|100%| E|CS|TAMS 0x0000000785c00000| PB 0x0000000785c00000| Complete 
|  93|0x0000000785d00000, 0x0000000785e00000, 0x0000000785e00000|100%| E|CS|TAMS 0x0000000785d00000| PB 0x0000000785d00000| Complete 
|  94|0x0000000785e00000, 0x0000000785f00000, 0x0000000785f00000|100%| E|CS|TAMS 0x0000000785e00000| PB 0x0000000785e00000| Complete 
|  95|0x0000000785f00000, 0x0000000786000000, 0x0000000786000000|100%| E|CS|TAMS 0x0000000785f00000| PB 0x0000000785f00000| Complete 
|  96|0x0000000786000000, 0x0000000786100000, 0x0000000786100000|100%| E|CS|TAMS 0x0000000786000000| PB 0x0000000786000000| Complete 
|  97|0x0000000786100000, 0x0000000786200000, 0x0000000786200000|100%| E|CS|TAMS 0x0000000786100000| PB 0x0000000786100000| Complete 
|  98|0x0000000786200000, 0x0000000786300000, 0x0000000786300000|100%| E|CS|TAMS 0x0000000786200000| PB 0x0000000786200000| Complete 
|  99|0x0000000786300000, 0x0000000786400000, 0x0000000786400000|100%| E|CS|TAMS 0x0000000786300000| PB 0x0000000786300000| Complete 
| 100|0x0000000786400000, 0x0000000786500000, 0x0000000786500000|100%| E|CS|TAMS 0x0000000786400000| PB 0x0000000786400000| Complete 
| 101|0x0000000786500000, 0x0000000786600000, 0x0000000786600000|100%| E|CS|TAMS 0x0000000786500000| PB 0x0000000786500000| Complete 
| 102|0x0000000786600000, 0x0000000786700000, 0x0000000786700000|100%| E|CS|TAMS 0x0000000786600000| PB 0x0000000786600000| Complete 
| 103|0x0000000786700000, 0x0000000786800000, 0x0000000786800000|100%| E|CS|TAMS 0x0000000786700000| PB 0x0000000786700000| Complete 
| 104|0x0000000786800000, 0x0000000786900000, 0x0000000786900000|100%| E|CS|TAMS 0x0000000786800000| PB 0x0000000786800000| Complete 
| 105|0x0000000786900000, 0x0000000786a00000, 0x0000000786a00000|100%| E|CS|TAMS 0x0000000786900000| PB 0x0000000786900000| Complete 
| 106|0x0000000786a00000, 0x0000000786b00000, 0x0000000786b00000|100%| E|CS|TAMS 0x0000000786a00000| PB 0x0000000786a00000| Complete 
| 107|0x0000000786b00000, 0x0000000786c00000, 0x0000000786c00000|100%| E|CS|TAMS 0x0000000786b00000| PB 0x0000000786b00000| Complete 
| 108|0x0000000786c00000, 0x0000000786d00000, 0x0000000786d00000|100%| E|CS|TAMS 0x0000000786c00000| PB 0x0000000786c00000| Complete 
| 109|0x0000000786d00000, 0x0000000786e00000, 0x0000000786e00000|100%| E|CS|TAMS 0x0000000786d00000| PB 0x0000000786d00000| Complete 
| 110|0x0000000786e00000, 0x0000000786f00000, 0x0000000786f00000|100%| E|CS|TAMS 0x0000000786e00000| PB 0x0000000786e00000| Complete 
| 111|0x0000000786f00000, 0x0000000787000000, 0x0000000787000000|100%| E|CS|TAMS 0x0000000786f00000| PB 0x0000000786f00000| Complete 
| 112|0x0000000787000000, 0x0000000787100000, 0x0000000787100000|100%| E|CS|TAMS 0x0000000787000000| PB 0x0000000787000000| Complete 
| 113|0x0000000787100000, 0x0000000787200000, 0x0000000787200000|100%| E|CS|TAMS 0x0000000787100000| PB 0x0000000787100000| Complete 
| 114|0x0000000787200000, 0x0000000787300000, 0x0000000787300000|100%| E|CS|TAMS 0x0000000787200000| PB 0x0000000787200000| Complete 
| 115|0x0000000787300000, 0x0000000787400000, 0x0000000787400000|100%| E|CS|TAMS 0x0000000787300000| PB 0x0000000787300000| Complete 
| 116|0x0000000787400000, 0x0000000787500000, 0x0000000787500000|100%| E|CS|TAMS 0x0000000787400000| PB 0x0000000787400000| Complete 
| 117|0x0000000787500000, 0x0000000787600000, 0x0000000787600000|100%| E|CS|TAMS 0x0000000787500000| PB 0x0000000787500000| Complete 
| 118|0x0000000787600000, 0x0000000787700000, 0x0000000787700000|100%| E|CS|TAMS 0x0000000787600000| PB 0x0000000787600000| Complete 
| 119|0x0000000787700000, 0x0000000787800000, 0x0000000787800000|100%| E|CS|TAMS 0x0000000787700000| PB 0x0000000787700000| Complete 
| 120|0x0000000787800000, 0x0000000787900000, 0x0000000787900000|100%| E|CS|TAMS 0x0000000787800000| PB 0x0000000787800000| Complete 
| 121|0x0000000787900000, 0x0000000787a00000, 0x0000000787a00000|100%| E|CS|TAMS 0x0000000787900000| PB 0x0000000787900000| Complete 
| 122|0x0000000787a00000, 0x0000000787b00000, 0x0000000787b00000|100%| E|CS|TAMS 0x0000000787a00000| PB 0x0000000787a00000| Complete 
| 123|0x0000000787b00000, 0x0000000787c00000, 0x0000000787c00000|100%| E|CS|TAMS 0x0000000787b00000| PB 0x0000000787b00000| Complete 
| 124|0x0000000787c00000, 0x0000000787d00000, 0x0000000787d00000|100%| E|CS|TAMS 0x0000000787c00000| PB 0x0000000787c00000| Complete 
| 125|0x0000000787d00000, 0x0000000787e00000, 0x0000000787e00000|100%| E|CS|TAMS 0x0000000787d00000| PB 0x0000000787d00000| Complete 
| 126|0x0000000787e00000, 0x0000000787f00000, 0x0000000787f00000|100%| E|CS|TAMS 0x0000000787e00000| PB 0x0000000787e00000| Complete 
| 127|0x0000000787f00000, 0x0000000788000000, 0x0000000788000000|100%| E|CS|TAMS 0x0000000787f00000| PB 0x0000000787f00000| Complete 
|2046|0x00000007ffe00000, 0x00000007fff00000, 0x00000007fff00000|100%| O|  |TAMS 0x00000007ffe00000| PB 0x00000007ffe00000| Untracked 
|2047|0x00000007fff00000, 0x00000007fff054d0, 0x0000000800000000|  2%| O|  |TAMS 0x00000007fff00000| PB 0x00000007fff00000| Untracked 

Card table byte_map: [0x000000010bc44000,0x000000010c044000] _byte_map_base: 0x0000000108044000

Marking Bits: (CMBitMap*) 0x00007fa787009810
 Bits: [0x0000000126d43000, 0x0000000128d43000)

Polling page: 0x000000010b50b000

Metaspace:

Usage:
  Non-class:      7.56 MB used.
      Class:    912.49 KB used.
       Both:      8.45 MB used.

Virtual space:
  Non-class space:       64.00 MB reserved,       7.69 MB ( 12%) committed,  1 nodes.
      Class space:        1.00 GB reserved,       1.00 MB ( <1%) committed,  1 nodes.
             Both:        1.06 GB reserved,       8.69 MB ( <1%) committed. 

Chunk freelists:
   Non-Class:  8.21 MB
       Class:  15.02 MB
        Both:  23.23 MB

MaxMetaspaceSize: unlimited
CompressedClassSpaceSize: 1.00 GB
Initial GC threshold: 21.00 MB
Current GC threshold: 21.00 MB
CDS: on
 - commit_granule_bytes: 65536.
 - commit_granule_words: 8192.
 - virtual_space_node_default_size: 8388608.
 - enlarge_chunks_in_place: 1.
 - use_allocation_guard: 0.


Internal statistics:

num_allocs_failed_limit: 0.
num_arena_births: 180.
num_arena_deaths: 0.
num_vsnodes_births: 2.
num_vsnodes_deaths: 0.
num_space_committed: 139.
num_space_uncommitted: 0.
num_chunks_returned_to_freelist: 0.
num_chunks_taken_from_freelist: 267.
num_chunk_merges: 0.
num_chunk_splits: 142.
num_chunks_enlarged: 36.
num_inconsistent_stats: 0.

CodeHeap 'non-profiled nmethods': size=120028Kb used=2355Kb max_used=2355Kb free=117672Kb
 bounds [0x000000011f80c000, 0x000000011fa7c000, 0x0000000126d43000]
CodeHeap 'profiled nmethods': size=120028Kb used=3843Kb max_used=3843Kb free=116184Kb
 bounds [0x0000000117d43000, 0x0000000118113000, 0x000000011f27a000]
CodeHeap 'non-nmethods': size=5704Kb used=1568Kb max_used=1608Kb free=4135Kb
 bounds [0x000000011f27a000, 0x000000011f4ea000, 0x000000011f80c000]
 total_blobs=2724 nmethods=2074 adapters=556
 compilation: enabled
              stopped_count=0, restarted_count=0
 full_count=0

Compilation events (20 events):
Event: 1066.533 Thread 0x00007fa7870a6e00 2064 %s!   4       sun.java2d.metal.MTLRenderQueue$QueueFlusher::run @ 2 (234 bytes)
Event: 1066.557 Thread 0x00007fa7870a6e00 nmethod 2064% 0x000000011fa53290 code [0x000000011fa53600, 0x000000011fa54d70]
Event: 2942.806 Thread 0x00007fa7870a7600 2065       3       java.util.concurrent.locks.AbstractQueuedSynchronizer$Node::getAndUnsetStatus (14 bytes)
Event: 2942.813 Thread 0x00007fa7870a7600 nmethod 2065 0x00000001180fdf90 code [0x00000001180fe140, 0x00000001180fe3e8]
Event: 2976.189 Thread 0x00007fa7870a6e00 2066       4       java.util.concurrent.locks.AbstractQueuedSynchronizer$Node::getAndUnsetStatus (14 bytes)
Event: 2976.194 Thread 0x00007fa7870a6e00 nmethod 2066 0x000000011fa55b90 code [0x000000011fa55d00, 0x000000011fa55dd8]
Event: 3292.632 Thread 0x00007fa7870a7600 2068       3       java.util.concurrent.locks.AbstractQueuedSynchronizer$Node::<init> (5 bytes)
Event: 3292.634 Thread 0x00007fa7870a7600 nmethod 2068 0x00000001180fe510 code [0x00000001180fe6a0, 0x00000001180fe800]
Event: 3712.668 Thread 0x00007fa7870a7600 2069   !   3       jdk.internal.ref.PhantomCleanable::isListEmpty (34 bytes)
Event: 3712.670 Thread 0x00007fa7870a7600 nmethod 2069 0x00000001180fe890 code [0x00000001180fea40, 0x00000001180feca0]
Event: 3712.670 Thread 0x00007fa7870a7600 2070       3       jdk.internal.misc.InnocuousThread::eraseThreadLocals (23 bytes)
Event: 3712.671 Thread 0x00007fa7870a7600 nmethod 2070 0x00000001180fed90 code [0x00000001180fef20, 0x00000001180ff118]
Event: 3712.671 Thread 0x00007fa7870a7600 2071   !   3       java.lang.ref.ReferenceQueue::remove (61 bytes)
Event: 3712.672 Thread 0x00007fa7870a7600 nmethod 2071 0x00000001180ff190 code [0x00000001180ff420, 0x0000000118100080]
Event: 5115.462 Thread 0x00007fa7870a7600 2072 %s!   3       sun.java2d.metal.MTLRenderQueue$QueueFlusher::run @ 2 (234 bytes)
Event: 5115.468 Thread 0x00007fa7870a7600 nmethod 2072% 0x0000000118100410 code [0x0000000118100840, 0x00000001181029f8]
Event: 5122.108 Thread 0x00007fa7870a6e00 2073 %s!   4       sun.java2d.metal.MTLRenderQueue$QueueFlusher::run @ 2 (234 bytes)
Event: 5122.134 Thread 0x00007fa7870a6e00 nmethod 2073% 0x000000011fa56210 code [0x000000011fa565a0, 0x000000011fa57eb8]
Event: 7312.985 Thread 0x00007fa7870a7600 2074       3       java.util.concurrent.locks.AbstractQueuedSynchronizer$ConditionObject::canReacquire (38 bytes)
Event: 7312.986 Thread 0x00007fa7870a7600 nmethod 2074 0x0000000118103710 code [0x00000001181038c0, 0x0000000118103c40]

GC Heap History (20 events):
Event: 10459.488 GC heap before
{Heap before GC invocations=1866 (full 0):
 garbage-first heap   total 133120K, used 92473K [0x0000000780000000, 0x0000000800000000)
  region size 1024K, 76 young (77824K), 1 survivors (1024K)
 Metaspace       used 8651K, committed 8896K, reserved 1114112K
  class space    used 912K, committed 1024K, reserved 1048576K
}
Event: 10459.489 GC heap after
{Heap after GC invocations=1867 (full 0):
 garbage-first heap   total 133120K, used 15675K [0x0000000780000000, 0x0000000800000000)
  region size 1024K, 1 young (1024K), 1 survivors (1024K)
 Metaspace       used 8651K, committed 8896K, reserved 1114112K
  class space    used 912K, committed 1024K, reserved 1048576K
}
Event: 10467.655 GC heap before
{Heap before GC invocations=1867 (full 0):
 garbage-first heap   total 133120K, used 92475K [0x0000000780000000, 0x0000000800000000)
  region size 1024K, 76 young (77824K), 1 survivors (1024K)
 Metaspace       used 8651K, committed 8896K, reserved 1114112K
  class space    used 912K, committed 1024K, reserved 1048576K
}
Event: 10467.656 GC heap after
{Heap after GC invocations=1868 (full 0):
 garbage-first heap   total 133120K, used 15673K [0x0000000780000000, 0x0000000800000000)
  region size 1024K, 1 young (1024K), 1 survivors (1024K)
 Metaspace       used 8651K, committed 8896K, reserved 1114112K
  class space    used 912K, committed 1024K, reserved 1048576K
}
Event: 10475.859 GC heap before
{Heap before GC invocations=1868 (full 0):
 garbage-first heap   total 133120K, used 92473K [0x0000000780000000, 0x0000000800000000)
  region size 1024K, 76 young (77824K), 1 survivors (1024K)
 Metaspace       used 8651K, committed 8896K, reserved 1114112K
  class space    used 912K, committed 1024K, reserved 1048576K
}
Event: 10475.860 GC heap after
{Heap after GC invocations=1869 (full 0):
 garbage-first heap   total 133120K, used 15674K [0x0000000780000000, 0x0000000800000000)
  region size 1024K, 1 young (1024K), 1 survivors (1024K)
 Metaspace       used 8651K, committed 8896K, reserved 1114112K
  class space    used 912K, committed 1024K, reserved 1048576K
}
Event: 10484.031 GC heap before
{Heap before GC invocations=1869 (full 0):
 garbage-first heap   total 133120K, used 92474K [0x0000000780000000, 0x0000000800000000)
  region size 1024K, 76 young (77824K), 1 survivors (1024K)
 Metaspace       used 8651K, committed 8896K, reserved 1114112K
  class space    used 912K, committed 1024K, reserved 1048576K
}
Event: 10484.032 GC heap after
{Heap after GC invocations=1870 (full 0):
 garbage-first heap   total 133120K, used 15673K [0x0000000780000000, 0x0000000800000000)
  region size 1024K, 1 young (1024K), 1 survivors (1024K)
 Metaspace       used 8651K, committed 8896K, reserved 1114112K
  class space    used 912K, committed 1024K, reserved 1048576K
}
Event: 10492.205 GC heap before
{Heap before GC invocations=1870 (full 0):
 garbage-first heap   total 133120K, used 92473K [0x0000000780000000, 0x0000000800000000)
  region size 1024K, 76 young (77824K), 1 survivors (1024K)
 Metaspace       used 8651K, committed 8896K, reserved 1114112K
  class space    used 912K, committed 1024K, reserved 1048576K
}
Event: 10492.206 GC heap after
{Heap after GC invocations=1871 (full 0):
 garbage-first heap   total 133120K, used 15673K [0x0000000780000000, 0x0000000800000000)
  region size 1024K, 1 young (1024K), 1 survivors (1024K)
 Metaspace       used 8651K, committed 8896K, reserved 1114112K
  class space    used 912K, committed 1024K, reserved 1048576K
}
Event: 10500.377 GC heap before
{Heap before GC invocations=1871 (full 0):
 garbage-first heap   total 133120K, used 92473K [0x0000000780000000, 0x0000000800000000)
  region size 1024K, 76 young (77824K), 1 survivors (1024K)
 Metaspace       used 8651K, committed 8896K, reserved 1114112K
  class space    used 912K, committed 1024K, reserved 1048576K
}
Event: 10500.378 GC heap after
{Heap after GC invocations=1872 (full 0):
 garbage-first heap   total 133120K, used 15673K [0x0000000780000000, 0x0000000800000000)
  region size 1024K, 1 young (1024K), 1 survivors (1024K)
 Metaspace       used 8651K, committed 8896K, reserved 1114112K
  class space    used 912K, committed 1024K, reserved 1048576K
}
Event: 10508.540 GC heap before
{Heap before GC invocations=1872 (full 0):
 garbage-first heap   total 133120K, used 92473K [0x0000000780000000, 0x0000000800000000)
  region size 1024K, 76 young (77824K), 1 survivors (1024K)
 Metaspace       used 8651K, committed 8896K, reserved 1114112K
  class space    used 912K, committed 1024K, reserved 1048576K
}
Event: 10508.541 GC heap after
{Heap after GC invocations=1873 (full 0):
 garbage-first heap   total 133120K, used 15675K [0x0000000780000000, 0x0000000800000000)
  region size 1024K, 1 young (1024K), 1 survivors (1024K)
 Metaspace       used 8651K, committed 8896K, reserved 1114112K
  class space    used 912K, committed 1024K, reserved 1048576K
}
Event: 10516.710 GC heap before
{Heap before GC invocations=1873 (full 0):
 garbage-first heap   total 133120K, used 92475K [0x0000000780000000, 0x0000000800000000)
  region size 1024K, 76 young (77824K), 1 survivors (1024K)
 Metaspace       used 8651K, committed 8896K, reserved 1114112K
  class space    used 912K, committed 1024K, reserved 1048576K
}
Event: 10516.711 GC heap after
{Heap after GC invocations=1874 (full 0):
 garbage-first heap   total 133120K, used 15673K [0x0000000780000000, 0x0000000800000000)
  region size 1024K, 1 young (1024K), 1 survivors (1024K)
 Metaspace       used 8651K, committed 8896K, reserved 1114112K
  class space    used 912K, committed 1024K, reserved 1048576K
}
Event: 10524.867 GC heap before
{Heap before GC invocations=1874 (full 0):
 garbage-first heap   total 133120K, used 92473K [0x0000000780000000, 0x0000000800000000)
  region size 1024K, 76 young (77824K), 1 survivors (1024K)
 Metaspace       used 8651K, committed 8896K, reserved 1114112K
  class space    used 912K, committed 1024K, reserved 1048576K
}
Event: 10524.869 GC heap after
{Heap after GC invocations=1875 (full 0):
 garbage-first heap   total 133120K, used 15673K [0x0000000780000000, 0x0000000800000000)
  region size 1024K, 1 young (1024K), 1 survivors (1024K)
 Metaspace       used 8651K, committed 8896K, reserved 1114112K
  class space    used 912K, committed 1024K, reserved 1048576K
}
Event: 10533.057 GC heap before
{Heap before GC invocations=1875 (full 0):
 garbage-first heap   total 133120K, used 92473K [0x0000000780000000, 0x0000000800000000)
  region size 1024K, 76 young (77824K), 1 survivors (1024K)
 Metaspace       used 8651K, committed 8896K, reserved 1114112K
  class space    used 912K, committed 1024K, reserved 1048576K
}
Event: 10533.058 GC heap after
{Heap after GC invocations=1876 (full 0):
 garbage-first heap   total 133120K, used 15673K [0x0000000780000000, 0x0000000800000000)
  region size 1024K, 1 young (1024K), 1 survivors (1024K)
 Metaspace       used 8651K, committed 8896K, reserved 1114112K
  class space    used 912K, committed 1024K, reserved 1048576K
}

Dll operation events (8 events):
Event: 0.007 Loaded shared library /Applications/Apache NetBeans.app/Contents/Home/lib/libjava.dylib
Event: 0.070 Loaded shared library /Applications/Apache NetBeans.app/Contents/Home/lib/libnio.dylib
Event: 0.071 Loaded shared library /Applications/Apache NetBeans.app/Contents/Home/lib/libjimage.dylib
Event: 0.084 Loaded shared library /Applications/Apache NetBeans.app/Contents/Home/lib/libzip.dylib
Event: 0.118 Loaded shared library /Applications/Apache NetBeans.app/Contents/Home/lib/libawt.dylib
Event: 0.207 Loaded shared library /Applications/Apache NetBeans.app/Contents/Home/lib/libawt_lwawt.dylib
Event: 0.308 Loaded shared library /Applications/Apache NetBeans.app/Contents/Home/lib/libfontmanager.dylib
Event: 1.650 Loaded shared library /Applications/Apache NetBeans.app/Contents/Home/lib/libosxui.dylib

Deoptimization events (20 events):
Event: 414.611 Thread 0x00007fa7878e0c00 DEOPT PACKING pc=0x000000011f9e2a88 sp=0x000000030bcef730
Event: 414.611 Thread 0x00007fa7878e0c00 DEOPT UNPACKING pc=0x000000011f2cdf93 sp=0x000000030bcef750 mode 2
Event: 415.746 Thread 0x00007fa78729dc00 DEOPT PACKING pc=0x00000001180e2189 sp=0x000000030bae9970
Event: 415.746 Thread 0x00007fa78729dc00 DEOPT UNPACKING pc=0x000000011f2ce710 sp=0x000000030bae8ed0 mode 0
Event: 1048.478 Thread 0x00007fa78729dc00 Uncommon trap: trap_request=0xffffff45 fr.pc=0x000000011fa456a0 relative=0x0000000000000420
Event: 1048.479 Thread 0x00007fa78729dc00 Uncommon trap: reason=unstable_if action=reinterpret pc=0x000000011fa456a0 method=sun.java2d.metal.MTLRenderQueue$QueueFlusher.run()V @ 22 c2
Event: 1048.480 Thread 0x00007fa78729dc00 DEOPT PACKING pc=0x000000011fa456a0 sp=0x000000030bae9a20
Event: 1048.480 Thread 0x00007fa78729dc00 DEOPT UNPACKING pc=0x000000011f2cdf93 sp=0x000000030bae99d8 mode 2
Event: 1069.219 Thread 0x00007fa78729dc00 DEOPT PACKING pc=0x00000001180fcf09 sp=0x000000030bae9970
Event: 1069.219 Thread 0x00007fa78729dc00 DEOPT UNPACKING pc=0x000000011f2ce710 sp=0x000000030bae8ed0 mode 0
Event: 2941.906 Thread 0x00007fa7878e0c00 Uncommon trap: trap_request=0xffffff45 fr.pc=0x000000011fa4e70c relative=0x000000000000008c
Event: 2941.907 Thread 0x00007fa7878e0c00 Uncommon trap: reason=unstable_if action=reinterpret pc=0x000000011fa4e70c method=jdk.internal.misc.Unsafe.getAndBitwiseAndInt(Ljava/lang/Object;JI)I @ 21 c2
Event: 2941.907 Thread 0x00007fa7878e0c00 DEOPT PACKING pc=0x000000011fa4e70c sp=0x000000030bcef290
Event: 2941.907 Thread 0x00007fa7878e0c00 DEOPT UNPACKING pc=0x000000011f2cdf93 sp=0x000000030bcef1b8 mode 2
Event: 5115.177 Thread 0x00007fa78729dc00 Uncommon trap: trap_request=0xffffff45 fr.pc=0x000000011fa53c88 relative=0x0000000000000688
Event: 5115.178 Thread 0x00007fa78729dc00 Uncommon trap: reason=unstable_if action=reinterpret pc=0x000000011fa53c88 method=sun.java2d.metal.MTLRenderQueue$QueueFlusher.run()V @ 101 c2
Event: 5115.178 Thread 0x00007fa78729dc00 DEOPT PACKING pc=0x000000011fa53c88 sp=0x000000030bae9a20
Event: 5115.178 Thread 0x00007fa78729dc00 DEOPT UNPACKING pc=0x000000011f2cdf93 sp=0x000000030bae99d8 mode 2
Event: 5123.227 Thread 0x00007fa78729dc00 DEOPT PACKING pc=0x0000000118102689 sp=0x000000030bae9970
Event: 5123.227 Thread 0x00007fa78729dc00 DEOPT UNPACKING pc=0x000000011f2ce710 sp=0x000000030bae8ed0 mode 0

Classes loaded (20 events):
Event: 400.752 Loading class sun/awt/ModalExclude done
Event: 400.752 Loading class javax/swing/JWindow
Event: 400.752 Loading class javax/swing/JWindow done
Event: 400.752 Loading class javax/swing/Popup$HeavyWeightWindow done
Event: 403.980 Loading class javax/swing/JComponent$ActionStandin
Event: 403.981 Loading class javax/swing/JComponent$ActionStandin done
Event: 404.362 Loading class java/awt/image/BufferedImageOp
Event: 404.362 Loading class java/awt/image/BufferedImageOp done
Event: 405.315 Loading class java/awt/LightweightDispatcher$2
Event: 405.315 Loading class java/awt/LightweightDispatcher$2 done
Event: 410.533 Loading class java/util/Formatter$FixedString
Event: 410.534 Loading class java/util/Formatter$FixedString done
Event: 410.537 Loading class jdk/internal/module/ModulePatcher$PatchedModuleReader
Event: 410.537 Loading class jdk/internal/module/ModulePatcher$PatchedModuleReader done
Event: 410.538 Loading class sun/net/www/protocol/jrt/Handler
Event: 410.538 Loading class sun/net/www/protocol/jrt/Handler done
Event: 410.552 Loading class sun/text/resources/cldr/FormatData_en
Event: 410.553 Loading class sun/text/resources/cldr/FormatData_en done
Event: 410.553 Loading class sun/text/resources/cldr/FormatData_en_US
Event: 410.553 Loading class sun/text/resources/cldr/FormatData_en_US done

Classes unloaded (0 events):
No events

Classes redefined (0 events):
No events

Internal exceptions (20 events):
Event: 1.844 Thread 0x00007fa78780da00 Exception <a 'java/lang/NoSuchMethodError'{0x0000000787c190b0}: 'int java.lang.invoke.Invokers$Holder.invokeExact_MT(java.lang.Object, java.lang.Object)'> (0x0000000787c190b0) 
thrown [src/hotspot/share/interpreter/linkResolver.cpp, line 773]
Event: 1.884 Thread 0x00007fa78780da00 Exception <a 'java/lang/NoSuchMethodError'{0x0000000787c5a8a8}: 'void java.lang.invoke.Invokers$Holder.invokeExact_MT(java.lang.Object, java.lang.Object, java.lang.Object, java.lang.Object)'> (0x0000000787c5a8a8) 
thrown [src/hotspot/share/interpreter/linkResolver.cpp, line 773]
Event: 1.891 Thread 0x00007fa78780da00 Exception <a 'java/lang/NoSuchMethodError'{0x0000000787c66028}: 'java.lang.Object java.lang.invoke.DirectMethodHandle$Holder.newInvokeSpecial(java.lang.Object, java.lang.Object, java.lang.Object, int, java.lang.Object)'> (0x0000000787c66028) 
thrown [src/hotspot/share/interpreter/linkResolver.cpp, line 773]
Event: 1.892 Thread 0x00007fa78780da00 Exception <a 'java/lang/NoSuchMethodError'{0x0000000787c6d6d0}: 'java.lang.Object java.lang.invoke.Invokers$Holder.linkToTargetMethod(java.lang.Object, java.lang.Object, int, java.lang.Object, java.lang.Object)'> (0x0000000787c6d6d0) 
thrown [src/hotspot/share/interpreter/linkResolver.cpp, line 773]
Event: 1.978 Thread 0x00007fa78780da00 Exception <a 'java/lang/NoSuchMethodError'{0x0000000787c71740}: 'void java.lang.invoke.DirectMethodHandle$Holder.invokeStatic(java.lang.Object, int, long)'> (0x0000000787c71740) 
thrown [src/hotspot/share/interpreter/linkResolver.cpp, line 773]
Event: 2.000 Thread 0x00007fa78780da00 Exception <a 'java/lang/NoSuchMethodError'{0x0000000787b1fae0}: 'java.lang.Object java.lang.invoke.Invokers$Holder.linkToTargetMethod(int, int, int, int, java.lang.Object)'> (0x0000000787b1fae0) 
thrown [src/hotspot/share/interpreter/linkResolver.cpp, line 773]
Event: 2.002 Thread 0x00007fa78780da00 Exception <a 'java/lang/NoSuchMethodError'{0x0000000787b23208}: 'void java.lang.invoke.DirectMethodHandle$Holder.invokeStatic(java.lang.Object, java.lang.Object, long)'> (0x0000000787b23208) 
thrown [src/hotspot/share/interpreter/linkResolver.cpp, line 773]
Event: 2.024 Thread 0x00007fa7878a0200 Exception <a 'java/lang/NoSuchMethodError'{0x0000000787b9c4a8}: 'void java.lang.invoke.DirectMethodHandle$Holder.invokeSpecial(java.lang.Object, java.lang.Object, long)'> (0x0000000787b9c4a8) 
thrown [src/hotspot/share/interpreter/linkResolver.cpp, line 773]
Event: 2.076 Thread 0x00007fa7878a0200 Exception <a 'java/lang/NoSuchMethodError'{0x0000000787ba8650}: 'void java.lang.invoke.DirectMethodHandle$Holder.invokeStatic(java.lang.Object, long)'> (0x0000000787ba8650) 
thrown [src/hotspot/share/interpreter/linkResolver.cpp, line 773]
Event: 3.874 Thread 0x00007fa78780da00 Exception <a 'java/lang/NoSuchMethodError'{0x0000000787accb10}: 'void java.lang.invoke.DirectMethodHandle$Holder.invokeStatic(java.lang.Object, long, long)'> (0x0000000787accb10) 
thrown [src/hotspot/share/interpreter/linkResolver.cpp, line 773]
Event: 3.874 Thread 0x00007fa78780da00 Exception <a 'java/lang/NoSuchMethodError'{0x0000000787ad18c0}: 'java.lang.Object java.lang.invoke.DirectMethodHandle$Holder.newInvokeSpecial(java.lang.Object, long)'> (0x0000000787ad18c0) 
thrown [src/hotspot/share/interpreter/linkResolver.cpp, line 773]
Event: 3.875 Thread 0x00007fa78780da00 Exception <a 'java/lang/NoSuchMethodError'{0x0000000787adabf8}: 'java.lang.Object java.lang.invoke.DirectMethodHandle$Holder.newInvokeSpecial(java.lang.Object, java.lang.Object, int)'> (0x0000000787adabf8) 
thrown [src/hotspot/share/interpreter/linkResolver.cpp, line 773]
Event: 397.535 Thread 0x00007fa7878e0c00 Implicit null exception at 0x000000011f85452c to 0x000000011f8548fa
Event: 397.536 Thread 0x00007fa7878e0c00 Implicit null exception at 0x000000011f909a85 to 0x000000011f90a652
Event: 397.546 Thread 0x00007fa7878e0c00 Implicit null exception at 0x000000011f8b88c6 to 0x000000011f8b8e20
Event: 405.063 Thread 0x00007fa7878e0c00 Implicit null exception at 0x000000011f94782d to 0x000000011f9496d0
Event: 405.309 Thread 0x00007fa7878e0c00 Implicit null exception at 0x000000011f8794e1 to 0x000000011f87a030
Event: 405.316 Thread 0x00007fa7878e0c00 Implicit null exception at 0x000000011f9efea0 to 0x000000011f9f2768
Event: 405.316 Thread 0x00007fa7878e0c00 Implicit null exception at 0x000000011f8b97ea to 0x000000011f8b985d
Event: 408.532 Thread 0x00007fa7878e0c00 Implicit null exception at 0x000000011fa0a969 to 0x000000011fa0c054

ZGC Phase Switch (0 events):
No events

VM Operations (20 events):
Event: 10459.488 Executing VM operation: G1CollectForAllocation (G1 Evacuation Pause)
Event: 10459.489 Executing VM operation: G1CollectForAllocation (G1 Evacuation Pause) done
Event: 10467.655 Executing VM operation: G1CollectForAllocation (G1 Evacuation Pause)
Event: 10467.656 Executing VM operation: G1CollectForAllocation (G1 Evacuation Pause) done
Event: 10475.859 Executing VM operation: G1CollectForAllocation (G1 Evacuation Pause)
Event: 10475.860 Executing VM operation: G1CollectForAllocation (G1 Evacuation Pause) done
Event: 10484.031 Executing VM operation: G1CollectForAllocation (G1 Evacuation Pause)
Event: 10484.032 Executing VM operation: G1CollectForAllocation (G1 Evacuation Pause) done
Event: 10492.205 Executing VM operation: G1CollectForAllocation (G1 Evacuation Pause)
Event: 10492.206 Executing VM operation: G1CollectForAllocation (G1 Evacuation Pause) done
Event: 10500.377 Executing VM operation: G1CollectForAllocation (G1 Evacuation Pause)
Event: 10500.378 Executing VM operation: G1CollectForAllocation (G1 Evacuation Pause) done
Event: 10508.540 Executing VM operation: G1CollectForAllocation (G1 Evacuation Pause)
Event: 10508.541 Executing VM operation: G1CollectForAllocation (G1 Evacuation Pause) done
Event: 10516.710 Executing VM operation: G1CollectForAllocation (G1 Evacuation Pause)
Event: 10516.711 Executing VM operation: G1CollectForAllocation (G1 Evacuation Pause) done
Event: 10524.867 Executing VM operation: G1CollectForAllocation (G1 Evacuation Pause)
Event: 10524.869 Executing VM operation: G1CollectForAllocation (G1 Evacuation Pause) done
Event: 10533.057 Executing VM operation: G1CollectForAllocation (G1 Evacuation Pause)
Event: 10533.058 Executing VM operation: G1CollectForAllocation (G1 Evacuation Pause) done

Events (20 events):
Event: 0.040 Thread 0x00007fa7870a7600 Thread added: 0x00007fa7870a7600
Event: 0.040 Protecting memory [0x000000030b2b5000,0x000000030b2b9000] with protection modes 0
Event: 0.044 Thread 0x00007fa7870b7e00 Thread added: 0x00007fa7870b7e00
Event: 0.044 Protecting memory [0x000000030b3b8000,0x000000030b3bc000] with protection modes 0
Event: 0.048 Thread 0x00007fa78783e000 Thread added: 0x00007fa78783e000
Event: 0.048 Protecting memory [0x000000030b4bb000,0x000000030b4bf000] with protection modes 0
Event: 0.338 Protecting memory [0x0000000309af9000,0x0000000309afd000] with protection modes 0
Event: 0.338 Thread 0x00007fa7878a0200 Thread added: 0x00007fa7878a0200
Event: 0.553 Thread 0x00007fa7878b7e00 Thread added: 0x00007fa7878b7e00
Event: 0.553 Protecting memory [0x000000030b5be000,0x000000030b5c2000] with protection modes 0
Event: 1.801 Thread 0x00007fa78729dc00 Thread added: 0x00007fa78729dc00
Event: 1.801 Protecting memory [0x000000030b9ea000,0x000000030b9ee000] with protection modes 0
Event: 1.815 Thread 0x00007fa7878db800 Thread added: 0x00007fa7878db800
Event: 1.815 Protecting memory [0x000000030baed000,0x000000030baf1000] with protection modes 0
Event: 1.874 Thread 0x00007fa7878e0c00 Thread added: 0x00007fa7878e0c00
Event: 1.874 Protecting memory [0x000000030bbf0000,0x000000030bbf4000] with protection modes 0
Event: 3.909 Protecting memory [0x000000030a37c000,0x000000030a380000] with protection modes 3
Event: 3.909 Thread 0x00007fa78780da00 Thread exited: 0x00007fa78780da00
Event: 3.909 Protecting memory [0x000000030a37c000,0x000000030a380000] with protection modes 0
Event: 3.909 Thread 0x00007fa785830400 Thread added: 0x00007fa785830400


Dynamic libraries:
0x000000010b497000 	/Applications/Apache NetBeans.app/Contents/Home/lib/libjli.dylib
0x00007ff81c19f000 	/usr/lib/libz.1.dylib
0x00007ff81c296000 	/usr/lib/libSystem.B.dylib
0x00007ff81c290000 	/usr/lib/system/libcache.dylib
0x00007ff81c248000 	/usr/lib/system/libcommonCrypto.dylib
0x00007ff81c272000 	/usr/lib/system/libcompiler_rt.dylib
0x00007ff81c266000 	/usr/lib/system/libcopyfile.dylib
0x00007ff80d905000 	/usr/lib/system/libcorecrypto.dylib
0x00007ff80d9fd000 	/usr/lib/system/libdispatch.dylib
0x00007ff80dbae000 	/usr/lib/system/libdyld.dylib
0x00007ff81c286000 	/usr/lib/system/libkeymgr.dylib
0x00007ff81c22b000 	/usr/lib/system/libmacho.dylib
0x00007ff81b57d000 	/usr/lib/system/libquarantine.dylib
0x00007ff81c283000 	/usr/lib/system/libremovefile.dylib
0x00007ff8135c6000 	/usr/lib/system/libsystem_asl.dylib
0x00007ff80d89f000 	/usr/lib/system/libsystem_blocks.dylib
0x00007ff80da48000 	/usr/lib/system/libsystem_c.dylib
0x00007ff81c27a000 	/usr/lib/system/libsystem_collections.dylib
0x00007ff81a31a000 	/usr/lib/system/libsystem_configuration.dylib
0x00007ff8190c4000 	/usr/lib/system/libsystem_containermanager.dylib
0x00007ff81bdfb000 	/usr/lib/system/libsystem_coreservices.dylib
0x00007ff811066000 	/usr/lib/system/libsystem_darwin.dylib
0x00007ffd1310c000 	/usr/lib/system/libsystem_darwindirectory.dylib
0x00007ff81c287000 	/usr/lib/system/libsystem_dnssd.dylib
0x00007ffd13110000 	/usr/lib/system/libsystem_eligibility.dylib
0x00007ff80da45000 	/usr/lib/system/libsystem_featureflags.dylib
0x00007ff80dbe5000 	/usr/lib/system/libsystem_info.dylib
0x00007ff81c1b3000 	/usr/lib/system/libsystem_m.dylib
0x00007ff80d9b9000 	/usr/lib/system/libsystem_malloc.dylib
0x00007ff813537000 	/usr/lib/system/libsystem_networkextension.dylib
0x00007ff8114a2000 	/usr/lib/system/libsystem_notify.dylib
0x00007ff81a31e000 	/usr/lib/system/libsystem_sandbox.dylib
0x00007ffd13117000 	/usr/lib/system/libsystem_sanitizers.dylib
0x00007ff81c27f000 	/usr/lib/system/libsystem_secinit.dylib
0x00007ff80db66000 	/usr/lib/system/libsystem_kernel.dylib
0x00007ff80dbdb000 	/usr/lib/system/libsystem_platform.dylib
0x00007ff80dba2000 	/usr/lib/system/libsystem_pthread.dylib
0x00007ff8152f5000 	/usr/lib/system/libsystem_symptoms.dylib
0x00007ff80d8ea000 	/usr/lib/system/libsystem_trace.dylib
0x00007ff81c255000 	/usr/lib/system/libunwind.dylib
0x00007ff80d8a3000 	/usr/lib/system/libxpc.dylib
0x00007ff80d7d0000 	/usr/lib/libobjc.A.dylib
0x00007ff80dc13000 	/System/Library/Frameworks/CoreFoundation.framework/Versions/A/CoreFoundation
0x00007ff81f951000 	/usr/lib/swift/libswiftCore.dylib
0x00007ff80db4e000 	/usr/lib/libc++abi.dylib
0x00007ff81c25e000 	/usr/lib/liboah.dylib
0x00007ff80dad1000 	/usr/lib/libc++.1.dylib
0x00007ff80ebd3000 	/System/Library/Frameworks/Foundation.framework/Versions/C/Foundation
0x00007ff828603000 	/usr/lib/swift/libswiftObjectiveC.dylib
0x00007ff81135b000 	/System/Library/PrivateFrameworks/CoreServicesInternal.framework/Versions/A/CoreServicesInternal
0x00007ff81c298000 	/usr/lib/libfakelink.dylib
0x00007ff810dc7000 	/usr/lib/libicucore.A.dylib
0x00007ff81c29b000 	/System/Library/PrivateFrameworks/SoftLinking.framework/Versions/A/SoftLinking
0x00007ff823ddd000 	/System/Library/Frameworks/CoreServices.framework/Versions/A/CoreServices
0x00007ff8109fa000 	/System/Library/Frameworks/Security.framework/Versions/A/Security
0x00007ff8113dc000 	/System/Library/Frameworks/IOKit.framework/Versions/A/IOKit
0x00007ff827c4f000 	/System/Library/PrivateFrameworks/DiskImages.framework/Versions/A/DiskImages
0x00007ff914fef000 	/System/Library/Frameworks/NetFS.framework/Versions/A/NetFS
0x00007ff813193000 	/System/Library/Frameworks/CFNetwork.framework/Versions/A/CFNetwork
0x00007ff817684000 	/System/Library/Frameworks/CoreServices.framework/Versions/A/Frameworks/FSEvents.framework/Versions/A/FSEvents
0x00007ff811071000 	/System/Library/Frameworks/CoreServices.framework/Versions/A/Frameworks/CarbonCore.framework/Versions/A/CarbonCore
0x00007ff81641d000 	/System/Library/Frameworks/CoreServices.framework/Versions/A/Frameworks/Metadata.framework/Versions/A/Metadata
0x00007ff81be02000 	/System/Library/Frameworks/CoreServices.framework/Versions/A/Frameworks/OSServices.framework/Versions/A/OSServices
0x00007ff81c374000 	/System/Library/Frameworks/CoreServices.framework/Versions/A/Frameworks/SearchKit.framework/Versions/A/SearchKit
0x00007ff815275000 	/System/Library/Frameworks/CoreServices.framework/Versions/A/Frameworks/AE.framework/Versions/A/AE
0x00007ff80e0b0000 	/System/Library/Frameworks/CoreServices.framework/Versions/A/Frameworks/LaunchServices.framework/Versions/A/LaunchServices
0x00007ff81d90a000 	/System/Library/Frameworks/CoreServices.framework/Versions/A/Frameworks/DictionaryServices.framework/Versions/A/DictionaryServices
0x00007ff817692000 	/System/Library/Frameworks/CoreServices.framework/Versions/A/Frameworks/SharedFileList.framework/Versions/A/SharedFileList
0x00007ff80e861000 	/System/Library/Frameworks/SystemConfiguration.framework/Versions/A/SystemConfiguration
0x00007ff81c3f9000 	/usr/lib/libapple_nghttp2.dylib
0x00007ff81c42f000 	/usr/lib/libcompression.dylib
0x00007ff814edd000 	/usr/lib/libsqlite3.dylib
0x00007ff816390000 	/System/Library/PrivateFrameworks/CoreAnalytics.framework/Versions/A/CoreAnalytics
0x00007ff813acb000 	/System/Library/Frameworks/CoreGraphics.framework/Versions/A/CoreGraphics
0x00007ff82056b000 	/System/Library/Frameworks/GSS.framework/Versions/A/GSS
0x00007ff81ee6e000 	/System/Library/PrivateFrameworks/InternationalSupport.framework/Versions/A/InternationalSupport
0x00007ff815211000 	/System/Library/PrivateFrameworks/RunningBoardServices.framework/Versions/A/RunningBoardServices
0x00007ff813551000 	/usr/lib/libenergytrace.dylib
0x00007ff8152fd000 	/System/Library/Frameworks/Network.framework/Versions/A/Network
0x00007ff8163bf000 	/usr/lib/libDiagnosticMessagesClient.dylib
0x00007ff81b5a2000 	/usr/lib/libbsm.0.dylib
0x00007ff81c22f000 	/usr/lib/system/libkxld.dylib
0x00007ffd11fe1000 	/usr/lib/libCoreEntitlements.dylib
0x00007ffc1233e000 	/System/Library/PrivateFrameworks/MessageSecurity.framework/Versions/A/MessageSecurity
0x00007ff814ec4000 	/System/Library/PrivateFrameworks/ProtocolBuffer.framework/Versions/A/ProtocolBuffer
0x00007ff813552000 	/usr/lib/libMobileGestalt.dylib
0x00007ff81bde1000 	/System/Library/PrivateFrameworks/AppleFSCompression.framework/Versions/A/AppleFSCompression
0x00007ff81b58a000 	/usr/lib/libcoretls.dylib
0x00007ff81d977000 	/usr/lib/libcoretls_cfhelpers.dylib
0x00007ff81c429000 	/usr/lib/libpam.2.dylib
0x00007ff81d9f1000 	/usr/lib/libxar.1.dylib
0x00007ff8176bd000 	/System/Library/PrivateFrameworks/CoreAutoLayout.framework/Versions/A/CoreAutoLayout
0x00007ff8164a4000 	/System/Library/Frameworks/DiskArbitration.framework/Versions/A/DiskArbitration
0x00007ff81c2eb000 	/usr/lib/libarchive.2.dylib
0x00007ff817705000 	/usr/lib/libxml2.2.dylib
0x00007ff81a32b000 	/usr/lib/liblangid.dylib
0x00007ff821c8e000 	/System/Library/Frameworks/Combine.framework/Versions/A/Combine
0x00007ffb1d741000 	/System/Library/PrivateFrameworks/CollectionsInternal.framework/Versions/A/CollectionsInternal
0x00007ffc195c8000 	/System/Library/PrivateFrameworks/ReflectionInternal.framework/Versions/A/ReflectionInternal
0x00007ffc1a137000 	/System/Library/PrivateFrameworks/RuntimeInternal.framework/Versions/A/RuntimeInternal
0x00007ff917af4000 	/usr/lib/swift/libswiftCoreFoundation.dylib
0x00007ff9154ae000 	/usr/lib/swift/libswiftDarwin.dylib
0x00007ff825b54000 	/usr/lib/swift/libswiftDispatch.dylib
0x00007ff917b45000 	/usr/lib/swift/libswiftIOKit.dylib
0x00007ffd12d42000 	/usr/lib/swift/libswiftSystem.dylib
0x00007ff917b05000 	/usr/lib/swift/libswiftXPC.dylib
0x00007ffd12dba000 	/usr/lib/swift/libswift_Builtin_float.dylib
0x00007ffd12dbd000 	/usr/lib/swift/libswift_Concurrency.dylib
0x00007ffd12f03000 	/usr/lib/swift/libswift_StringProcessing.dylib
0x00007ffd12f9e000 	/usr/lib/swift/libswift_errno.dylib
0x00007ffd12fa0000 	/usr/lib/swift/libswift_math.dylib
0x00007ffd12fa3000 	/usr/lib/swift/libswift_signal.dylib
0x00007ffd12fa4000 	/usr/lib/swift/libswift_stdio.dylib
0x00007ffd12fa5000 	/usr/lib/swift/libswift_time.dylib
0x00007ff828607000 	/usr/lib/swift/libswiftos.dylib
0x00007ffd12fa6000 	/usr/lib/swift/libswiftsys_time.dylib
0x00007ffd12fa7000 	/usr/lib/swift/libswiftunistd.dylib
0x00007ff81a326000 	/System/Library/PrivateFrameworks/AppleSystemInfo.framework/Versions/A/AppleSystemInfo
0x00007ff9179f1000 	/System/Library/PrivateFrameworks/LoggingSupport.framework/Versions/A/LoggingSupport
0x00007ff817876000 	/System/Library/PrivateFrameworks/UserManagement.framework/Versions/A/UserManagement
0x00007ff8130c0000 	/usr/lib/libboringssl.dylib
0x00007ff8152e5000 	/usr/lib/libdns_services.dylib
0x00007ff916c45000 	/usr/lib/libquic.dylib
0x00007ff81f8d9000 	/usr/lib/libusrtcp.dylib
0x00007ffa1a2c6000 	/System/Library/PrivateFrameworks/InternalSwiftProtobuf.framework/Versions/A/InternalSwiftProtobuf
0x00007ffd12c7b000 	/usr/lib/swift/libswiftDistributed.dylib
0x00007ff813192000 	/usr/lib/libnetwork.dylib
0x00007ff81c3d7000 	/System/Library/PrivateFrameworks/AppleSauce.framework/Versions/A/AppleSauce
0x00007ffd12cab000 	/usr/lib/swift/libswiftObservation.dylib
0x00007ff80e6f1000 	/System/Library/PrivateFrameworks/Lexicon.framework/Versions/A/Lexicon
0x00007ffb2c688000 	/System/Library/PrivateFrameworks/IO80211.framework/Versions/A/IO80211
0x00007ff825dc7000 	/System/Library/PrivateFrameworks/FrontBoardServices.framework/Versions/A/FrontBoardServices
0x00007ff81b4bc000 	/System/Library/Frameworks/SecurityFoundation.framework/Versions/A/SecurityFoundation
0x00007ff81a43c000 	/System/Library/PrivateFrameworks/LinguisticData.framework/Versions/A/LinguisticData
0x00007ff81b2a1000 	/System/Library/PrivateFrameworks/IOMobileFramebuffer.framework/Versions/A/IOMobileFramebuffer
0x00007ff8190f1000 	/System/Library/Frameworks/IOSurface.framework/Versions/A/IOSurface
0x00007ff81512e000 	/System/Library/PrivateFrameworks/BaseBoard.framework/Versions/A/BaseBoard
0x00007ff825e98000 	/System/Library/PrivateFrameworks/BoardServices.framework/Versions/A/BoardServices
0x00007ff81b4af000 	/System/Library/PrivateFrameworks/AssertionServices.framework/Versions/A/AssertionServices
0x00007ff827a88000 	/System/Library/PrivateFrameworks/BackBoardServices.framework/Versions/A/BackBoardServices
0x00007ff819ab0000 	/System/Library/Frameworks/ImageIO.framework/Versions/A/ImageIO
0x00007ff8135fd000 	/System/Library/PrivateFrameworks/SkyLight.framework/Versions/A/SkyLight
0x00007ff819502000 	/System/Library/PrivateFrameworks/FontServices.framework/libFontParser.dylib
0x00007ff824085000 	/System/Library/Frameworks/Accelerate.framework/Versions/A/Accelerate
0x00007ff8135dd000 	/System/Library/PrivateFrameworks/TCC.framework/Versions/A/TCC
0x00007ff82b4f7000 	/System/Library/PrivateFrameworks/IOSurfaceAccelerator.framework/Versions/A/IOSurfaceAccelerator
0x00007ff81e5f2000 	/System/Library/PrivateFrameworks/WatchdogClient.framework/Versions/A/WatchdogClient
0x00007ff80fbb7000 	/System/Library/Frameworks/CoreDisplay.framework/Versions/A/CoreDisplay
0x00007ff8193b1000 	/System/Library/Frameworks/CoreMedia.framework/Versions/A/CoreMedia
0x00007ff819108000 	/System/Library/PrivateFrameworks/IOAccelerator.framework/Versions/A/IOAccelerator
0x00007ff819111000 	/System/Library/Frameworks/Metal.framework/Versions/A/Metal
0x00007ff8177e5000 	/System/Library/Frameworks/CoreVideo.framework/Versions/A/CoreVideo
0x00007ff81c427000 	/System/Library/Frameworks/MetalPerformanceShaders.framework/Versions/A/MetalPerformanceShaders
0x00007ff81e5f4000 	/System/Library/PrivateFrameworks/MultitouchSupport.framework/Versions/A/MultitouchSupport
0x00007ff816fdf000 	/System/Library/Frameworks/QuartzCore.framework/Versions/A/QuartzCore
0x00007ffc18bbc000 	/System/Library/PrivateFrameworks/ProDisplayLibrary.framework/Versions/A/ProDisplayLibrary
0x00007ff81e638000 	/System/Library/Frameworks/VideoToolbox.framework/Versions/A/VideoToolbox
0x00007ff9245d6000 	/usr/lib/swift/libswiftMetal.dylib
0x00007ffa129b7000 	/usr/lib/swift/libswiftOSLog.dylib
0x00007ff928fc8000 	/usr/lib/swift/libswiftQuartzCore.dylib
0x00007ff92d56f000 	/usr/lib/swift/libswiftUniformTypeIdentifiers.dylib
0x00007ff91b452000 	/usr/lib/swift/libswiftsimd.dylib
0x00007ff81b496000 	/System/Library/PrivateFrameworks/MobileKeyBag.framework/Versions/A/MobileKeyBag
0x00007ff81a325000 	/System/Library/PrivateFrameworks/AggregateDictionary.framework/Versions/A/AggregateDictionary
0x00007ff81d979000 	/System/Library/PrivateFrameworks/APFS.framework/Versions/A/APFS
0x00007ffb1a3dc000 	/System/Library/PrivateFrameworks/AppleKeyStore.framework/Versions/A/AppleKeyStore
0x00007ff81d9ff000 	/usr/lib/libutil.dylib
0x00007ff81d958000 	/usr/lib/liblzma.5.dylib
0x00007ff8164ac000 	/System/Library/Frameworks/Accelerate.framework/Versions/A/Frameworks/vImage.framework/Versions/A/vImage
0x00007ff823db4000 	/System/Library/Frameworks/Accelerate.framework/Versions/A/Frameworks/vecLib.framework/Versions/A/vecLib
0x00007ff81da34000 	/System/Library/Frameworks/Accelerate.framework/Versions/A/Frameworks/vecLib.framework/Versions/A/libvMisc.dylib
0x00007ff80e522000 	/System/Library/Frameworks/Accelerate.framework/Versions/A/Frameworks/vecLib.framework/Versions/A/libBLAS.dylib
0x00007ff82816e000 	/System/Library/Frameworks/ApplicationServices.framework/Versions/A/ApplicationServices
0x00007ff8143a6000 	/System/Library/Frameworks/ColorSync.framework/Versions/A/ColorSync
0x00007ff81008b000 	/System/Library/Frameworks/CoreText.framework/Versions/A/CoreText
0x00007ff820155000 	/System/Library/Frameworks/ApplicationServices.framework/Versions/A/Frameworks/ATS.framework/Versions/A/ATS
0x00007ff81455c000 	/System/Library/Frameworks/ApplicationServices.framework/Versions/A/Frameworks/HIServices.framework/Versions/A/HIServices
0x00007ff81ed36000 	/System/Library/Frameworks/ApplicationServices.framework/Versions/A/Frameworks/PrintCore.framework/Versions/A/PrintCore
0x00007ff820534000 	/System/Library/Frameworks/ApplicationServices.framework/Versions/A/Frameworks/QD.framework/Versions/A/QD
0x00007ff82052d000 	/System/Library/Frameworks/ApplicationServices.framework/Versions/A/Frameworks/ColorSyncLegacy.framework/Versions/A/ColorSyncLegacy
0x00007ff82012b000 	/System/Library/Frameworks/ApplicationServices.framework/Versions/A/Frameworks/SpeechSynthesis.framework/Versions/A/SpeechSynthesis
0x00007ff81b26f000 	/System/Library/PrivateFrameworks/CoreEmoji.framework/Versions/A/CoreEmoji
0x00007ffb23ede000 	/System/Library/PrivateFrameworks/FontServices.framework/Versions/A/FontServices
0x00007ff812bdf000 	/System/Library/Frameworks/UniformTypeIdentifiers.framework/Versions/A/UniformTypeIdentifiers
0x00007ff81e14b000 	/System/Library/PrivateFrameworks/OTSVG.framework/Versions/A/OTSVG
0x00007ff817382000 	/System/Library/Frameworks/ApplicationServices.framework/Versions/A/Frameworks/ATS.framework/Versions/A/Resources/libFontRegistry.dylib
0x00007ff81e19b000 	/System/Library/PrivateFrameworks/FontServices.framework/libhvf.dylib
0x00007ffc153a7000 	/System/Library/PrivateFrameworks/ParsingInternal.framework/Versions/A/ParsingInternal
0x00007ffd12cc6000 	/usr/lib/swift/libswiftRegexBuilder.dylib
0x00007ffd12e5b000 	/usr/lib/swift/libswift_RegexParser.dylib
0x00007ff81e4bb000 	/System/Library/PrivateFrameworks/AppleJPEG.framework/Versions/A/AppleJPEG
0x00007ff81df6d000 	/usr/lib/libexpat.1.dylib
0x00007ff81ec01000 	/System/Library/Frameworks/ImageIO.framework/Versions/A/Resources/libPng.dylib
0x00007ff81ec2e000 	/System/Library/Frameworks/ImageIO.framework/Versions/A/Resources/libTIFF.dylib
0x00007ff81ed21000 	/System/Library/Frameworks/ImageIO.framework/Versions/A/Resources/libGIF.dylib
0x00007ff81e507000 	/System/Library/Frameworks/ImageIO.framework/Versions/A/Resources/libJP2.dylib
0x00007ff81dbcd000 	/usr/lib/libate.dylib
0x00007ff81ecc1000 	/System/Library/Frameworks/ImageIO.framework/Versions/A/Resources/libJPEG.dylib
0x00007ff81ecb8000 	/System/Library/Frameworks/ImageIO.framework/Versions/A/Resources/libRadiance.dylib
0x00007ffb28eef000 	/System/Library/PrivateFrameworks/GPUCompiler.framework/Versions/32023/Libraries/libllvm-flatbuffers.dylib
0x00007ffb23fa4000 	/System/Library/PrivateFrameworks/FramePacing.framework/Versions/A/FramePacing
0x00007ffa2d0b6000 	/System/Library/Frameworks/OpenGL.framework/Versions/A/Libraries/libCoreFSCache.dylib
0x00007ffb24bbb000 	/System/Library/PrivateFrameworks/GPUCompiler.framework/Versions/32023/Libraries/libGPUCompilerUtils.dylib
0x00007ffb23edf000 	/System/Library/PrivateFrameworks/FontServices.framework/libXTFontStaticRegistryData.dylib
0x00007ff819e45000 	/System/Library/Frameworks/CoreImage.framework/Versions/A/CoreImage
0x00007ffa16063000 	/System/Library/PrivateFrameworks/Symbolication.framework/Versions/A/Symbolication
0x00007ffc17f48000 	/System/Library/PrivateFrameworks/PhotosensitivityProcessing.framework/Versions/A/PhotosensitivityProcessing
0x00007ffa2d0c2000 	/System/Library/Frameworks/OpenGL.framework/Versions/A/OpenGL
0x00007ffb0e0d9000 	/System/Library/Frameworks/OpenCL.framework/Versions/A/OpenCL
0x00007ff81e13c000 	/System/Library/PrivateFrameworks/GraphVisualizer.framework/Versions/A/GraphVisualizer
0x00007ffa2d113000 	/System/Library/Frameworks/OpenGL.framework/Versions/A/Libraries/libGLU.dylib
0x00007ffa2d0d5000 	/System/Library/Frameworks/OpenGL.framework/Versions/A/Libraries/libGFXShared.dylib
0x00007ffa2d2cf000 	/System/Library/Frameworks/OpenGL.framework/Versions/A/Libraries/libGL.dylib
0x00007ffa2d0de000 	/System/Library/Frameworks/OpenGL.framework/Versions/A/Libraries/libGLImage.dylib
0x00007ffa2d0d2000 	/System/Library/Frameworks/OpenGL.framework/Versions/A/Libraries/libCVMSPluginSupport.dylib
0x00007ffd12111000 	/usr/lib/libRosetta.dylib
0x00007ffa2d0bd000 	/System/Library/Frameworks/OpenGL.framework/Versions/A/Libraries/libCoreVMClient.dylib
0x00007ff81a25f000 	/System/Library/Frameworks/MetalPerformanceShaders.framework/Versions/A/Frameworks/MPSCore.framework/Versions/A/MPSCore
0x00007ff81bd3b000 	/System/Library/Frameworks/MetalPerformanceShaders.framework/Versions/A/Frameworks/MPSImage.framework/Versions/A/MPSImage
0x00007ff81b627000 	/System/Library/Frameworks/MetalPerformanceShaders.framework/Versions/A/Frameworks/MPSNeuralNetwork.framework/Versions/A/MPSNeuralNetwork
0x00007ff81bb80000 	/System/Library/Frameworks/MetalPerformanceShaders.framework/Versions/A/Frameworks/MPSMatrix.framework/Versions/A/MPSMatrix
0x00007ff81b937000 	/System/Library/Frameworks/MetalPerformanceShaders.framework/Versions/A/Frameworks/MPSRayIntersector.framework/Versions/A/MPSRayIntersector
0x00007ff81bbbf000 	/System/Library/Frameworks/MetalPerformanceShaders.framework/Versions/A/Frameworks/MPSNDArray.framework/Versions/A/MPSNDArray
0x00007ffb11ba6000 	/System/Library/Frameworks/MetalPerformanceShaders.framework/Versions/A/Frameworks/MPSFunctions.framework/Versions/A/MPSFunctions
0x00007ffb11b89000 	/System/Library/Frameworks/MetalPerformanceShaders.framework/Versions/A/Frameworks/MPSBenchmarkLoop.framework/Versions/A/MPSBenchmarkLoop
0x00007ff80e39b000 	/System/Library/PrivateFrameworks/MetalTools.framework/Versions/A/MetalTools
0x00007ff91c95e000 	/System/Library/PrivateFrameworks/IOAccelMemoryInfo.framework/Versions/A/IOAccelMemoryInfo
0x00007ff9293ce000 	/System/Library/PrivateFrameworks/kperf.framework/Versions/A/kperf
0x00007ff917ad3000 	/System/Library/PrivateFrameworks/GPURawCounter.framework/Versions/A/GPURawCounter
0x00007ff8262f1000 	/System/Library/PrivateFrameworks/CoreSymbolication.framework/Versions/A/CoreSymbolication
0x00007ff917a73000 	/System/Library/PrivateFrameworks/MallocStackLogging.framework/Versions/A/MallocStackLogging
0x00007ff81dd04000 	/System/Library/PrivateFrameworks/CrashReporterSupport.framework/Versions/A/CrashReporterSupport
0x00007ff8262b2000 	/System/Library/PrivateFrameworks/DebugSymbols.framework/Versions/A/DebugSymbols
0x00007ff92864b000 	/System/Library/PrivateFrameworks/OSAnalytics.framework/Versions/A/OSAnalytics
0x00007ff81ecf2000 	/System/Library/Frameworks/ApplicationServices.framework/Versions/A/Frameworks/ATSUI.framework/Versions/A/ATSUI
0x00007ff8204bf000 	/usr/lib/libcups.2.dylib
0x00007ff82055c000 	/System/Library/Frameworks/Kerberos.framework/Versions/A/Kerberos
0x00007ff8201ce000 	/usr/lib/libresolv.9.dylib
0x00007ff81c2d2000 	/usr/lib/libiconv.2.dylib
0x00007ff81e1ae000 	/System/Library/PrivateFrameworks/Heimdal.framework/Versions/A/Heimdal
0x00007ff82855f000 	/System/Library/Frameworks/Kerberos.framework/Versions/A/Libraries/libHeimdalProxy.dylib
0x00007ff81df88000 	/usr/lib/libheimdal-asn1.dylib
0x00007ff81765c000 	/System/Library/Frameworks/OpenDirectory.framework/Versions/A/OpenDirectory
0x00007ff8205b9000 	/System/Library/PrivateFrameworks/CommonAuth.framework/Versions/A/CommonAuth
0x00007ff817668000 	/System/Library/Frameworks/OpenDirectory.framework/Versions/A/Frameworks/CFOpenDirectory.framework/Versions/A/CFOpenDirectory
0x00007ff81c22a000 	/usr/lib/libcharset.1.dylib
0x00007ffb0e830000 	/System/Library/Frameworks/AVFAudio.framework/Versions/A/AVFAudio
0x00007ff911e3f000 	/System/Library/PrivateFrameworks/AXCoreUtilities.framework/Versions/A/AXCoreUtilities
0x00007ff81ff20000 	/System/Library/Frameworks/AudioToolbox.framework/Versions/A/AudioToolbox
0x00007ff8102af000 	/System/Library/Frameworks/CoreAudio.framework/Versions/A/CoreAudio
0x00007ffc0f43c000 	/System/Library/PrivateFrameworks/IsolatedCoreAudioClient.framework/Versions/A/IsolatedCoreAudioClient
0x00007ff820113000 	/usr/lib/libAudioStatistics.dylib
0x00007ff81938d000 	/System/Library/PrivateFrameworks/caulk.framework/Versions/A/caulk
0x00007ff80fce2000 	/System/Library/PrivateFrameworks/AudioToolboxCore.framework/Versions/A/AudioToolboxCore
0x00007ff82a951000 	/System/Library/Frameworks/CoreMIDI.framework/Versions/A/CoreMIDI
0x00007ff8200ba000 	/System/Library/PrivateFrameworks/AudioSession.framework/Versions/A/AudioSession
0x00007ff821a1a000 	/System/Library/Frameworks/IOBluetooth.framework/Versions/A/IOBluetooth
0x00007ff81e072000 	/System/Library/PrivateFrameworks/MediaExperience.framework/Versions/A/MediaExperience
0x00007ffc24b3d000 	/System/Library/PrivateFrameworks/Tightbeam.framework/Versions/A/Tightbeam
0x00007ffa0dc03000 	/System/Library/PrivateFrameworks/AFKUser.framework/Versions/A/AFKUser
0x00007ff81e190000 	/System/Library/PrivateFrameworks/AppServerSupport.framework/Versions/A/AppServerSupport
0x00007ff82053f000 	/System/Library/PrivateFrameworks/perfdata.framework/Versions/A/perfdata
0x00007ff916d2f000 	/System/Library/PrivateFrameworks/SystemPolicy.framework/Versions/A/SystemPolicy
0x00007ff8203df000 	/usr/lib/libSMC.dylib
0x00007ff81ebcc000 	/usr/lib/libAudioToolboxUtility.dylib
0x00007ff82054d000 	/usr/lib/libperfcheck.dylib
0x00007ffb1a9d8000 	/System/Library/PrivateFrameworks/AudioAnalytics.framework/Versions/A/AudioAnalytics
0x00007ffa20db6000 	/System/Library/PrivateFrameworks/FeatureFlags.framework/Versions/A/FeatureFlags
0x00007ffa1a0a1000 	/System/Library/Frameworks/OSLog.framework/Versions/A/OSLog
0x00007ff81bdec000 	/usr/lib/libbz2.1.0.dylib
0x00007ff917aa2000 	/usr/lib/libmis.dylib
0x00007ff81fee0000 	/System/Library/PrivateFrameworks/AudioSession.framework/libSessionUtility.dylib
0x00007ff81ed27000 	/System/Library/PrivateFrameworks/CMCaptureCore.framework/Versions/A/CMCaptureCore
0x00007ff81e1a7000 	/usr/lib/libspindump.dylib
0x00007ffb0fd23000 	/System/Library/Frameworks/ExtensionFoundation.framework/Versions/A/ExtensionFoundation
0x00007ff826401000 	/System/Library/PrivateFrameworks/CoreTime.framework/Versions/A/CoreTime
0x00007ff81de5e000 	/System/Library/PrivateFrameworks/PlugInKit.framework/Versions/A/PlugInKit
0x00007ff824d18000 	/System/Library/PrivateFrameworks/PowerLog.framework/Versions/A/PowerLog
0x00007ff824c28000 	/System/Library/Frameworks/CoreBluetooth.framework/Versions/A/CoreBluetooth
0x00007ff828560000 	/System/Library/Frameworks/AudioUnit.framework/Versions/A/AudioUnit
0x00007ff81b32c000 	/System/Library/PrivateFrameworks/CoreUtils.framework/Versions/A/CoreUtils
0x00007ffb21251000 	/System/Library/PrivateFrameworks/CoreUtilsExtras.framework/Versions/A/CoreUtilsExtras
0x00007ff8240d1000 	/System/Library/Frameworks/MediaAccessibility.framework/Versions/A/MediaAccessibility
0x00007ff91fbbe000 	/System/Library/PrivateFrameworks/AttributeGraph.framework/Versions/A/AttributeGraph
0x00007ffd11e1e000 	/usr/lib/libAXSafeCategoryBundle.dylib
0x00007ff911ee4000 	/usr/lib/libAccessibility.dylib
0x00007ff81b078000 	/System/Library/Frameworks/Accelerate.framework/Versions/A/Frameworks/vecLib.framework/Versions/A/libvDSP.dylib
0x00007ff81c512000 	/System/Library/Frameworks/Accelerate.framework/Versions/A/Frameworks/vecLib.framework/Versions/A/libLAPACK.dylib
0x00007ff81b611000 	/System/Library/Frameworks/Accelerate.framework/Versions/A/Frameworks/vecLib.framework/Versions/A/libLinearAlgebra.dylib
0x00007ff81c414000 	/System/Library/Frameworks/Accelerate.framework/Versions/A/Frameworks/vecLib.framework/Versions/A/libSparseBLAS.dylib
0x00007ff81c50c000 	/System/Library/Frameworks/Accelerate.framework/Versions/A/Frameworks/vecLib.framework/Versions/A/libQuadrature.dylib
0x00007ff81a442000 	/System/Library/Frameworks/Accelerate.framework/Versions/A/Frameworks/vecLib.framework/Versions/A/libBNNS.dylib
0x00007ff80e7ea000 	/System/Library/Frameworks/Accelerate.framework/Versions/A/Frameworks/vecLib.framework/Versions/A/libSparse.dylib
0x00007ffc1062c000 	/System/Library/PrivateFrameworks/MIL.framework/Versions/A/MIL
0x00007ff81ecb1000 	/System/Library/PrivateFrameworks/GPUWrangler.framework/Versions/A/GPUWrangler
0x00007ff81ec95000 	/System/Library/PrivateFrameworks/IOPresentment.framework/Versions/A/IOPresentment
0x00007ff81ecbb000 	/System/Library/PrivateFrameworks/DSExternalDisplay.framework/Versions/A/DSExternalDisplay
0x00007ffa1a4bc000 	/System/Library/PrivateFrameworks/HIDDisplay.framework/Versions/A/HIDDisplay
0x00007ff910c1e000 	/System/Library/PrivateFrameworks/HID.framework/Versions/A/HID
0x00007ffc280c6000 	/System/Library/PrivateFrameworks/VideoToolboxParavirtualizationSupport.framework/Versions/A/VideoToolboxParavirtualizationSupport
0x00007ff81df1f000 	/System/Library/PrivateFrameworks/AppleVA.framework/Versions/A/AppleVA
0x00007ff825f40000 	/System/Library/PrivateFrameworks/GraphicsServices.framework/Versions/A/GraphicsServices
0x00007ff814a2f000 	/System/Library/Frameworks/CoreData.framework/Versions/A/CoreData
0x00007ff820725000 	/System/Library/PrivateFrameworks/CorePhoneNumbers.framework/Versions/A/CorePhoneNumbers
0x00007ff824df8000 	/System/Library/PrivateFrameworks/MediaKit.framework/Versions/A/MediaKit
0x00007ff824d52000 	/System/Library/Frameworks/DiscRecording.framework/Versions/A/DiscRecording
0x00007ffb0f74f000 	/System/Library/Frameworks/CoreTransferable.framework/Versions/A/CoreTransferable
0x00007ff820522000 	/System/Library/PrivateFrameworks/NetAuth.framework/Versions/A/NetAuth
0x00007ff81dfdd000 	/System/Library/PrivateFrameworks/IconServices.framework/Versions/A/IconServices
0x00007ff817839000 	/System/Library/PrivateFrameworks/login.framework/Versions/A/Frameworks/loginsupport.framework/Versions/A/loginsupport
0x00007ff917b44000 	/usr/lib/swift/libswiftCoreImage.dylib
0x00007ff81df91000 	/System/Library/PrivateFrameworks/IconFoundation.framework/Versions/A/IconFoundation
0x00007ff8173ce000 	/System/Library/PrivateFrameworks/CoreUI.framework/Versions/A/CoreUI
0x00007ff81edaa000 	/System/Library/PrivateFrameworks/TextureIO.framework/Versions/A/TextureIO
0x00007ff819a78000 	/System/Library/PrivateFrameworks/CoreSVG.framework/Versions/A/CoreSVG
0x00007ff92d57e000 	/usr/lib/swift/libswiftAccelerate.dylib
0x00007ff81dcfb000 	/usr/lib/libIOReport.dylib
0x00007ffb1a619000 	/System/Library/PrivateFrameworks/AppleMobileFileIntegrity.framework/Versions/A/AppleMobileFileIntegrity
0x00007ffd12156000 	/usr/lib/libTLE.dylib
0x00007ffa288fb000 	/System/Library/PrivateFrameworks/ConfigProfileHelper.framework/Versions/A/ConfigProfileHelper
0x00007ff81b5b2000 	/usr/lib/libmecab.dylib
0x00007ff80e8e7000 	/usr/lib/libCRFSuite.dylib
0x00007ff81a32d000 	/System/Library/PrivateFrameworks/CoreNLP.framework/Versions/A/CoreNLP
0x00007ff81b60e000 	/usr/lib/libgermantok.dylib
0x00007ff81c3cf000 	/usr/lib/libThaiTokenizer.dylib
0x00007ff81ee7e000 	/System/Library/PrivateFrameworks/DataDetectorsCore.framework/Versions/A/DataDetectorsCore
0x00007ff812a04000 	/System/Library/PrivateFrameworks/UIFoundation.framework/Versions/A/UIFoundation
0x00007ff81b580000 	/usr/lib/libCheckFix.dylib
0x00007ff8163c1000 	/System/Library/PrivateFrameworks/MetadataUtilities.framework/Versions/A/MetadataUtilities
0x00007ffb2c8b7000 	/System/Library/PrivateFrameworks/InstalledContentLibrary.framework/Versions/A/InstalledContentLibrary
0x00007ff81139c000 	/System/Library/PrivateFrameworks/CoreServicesStore.framework/Versions/A/CoreServicesStore
0x00007ff8176ba000 	/usr/lib/libapp_launch_measurement.dylib
0x00007ff9294d1000 	/System/Library/PrivateFrameworks/MobileSystemServices.framework/Versions/A/MobileSystemServices
0x00007ff81da03000 	/usr/lib/libxslt.1.dylib
0x00007ff81b546000 	/System/Library/PrivateFrameworks/BackgroundTaskManagement.framework/Versions/A/BackgroundTaskManagement
0x00007ff827dfd000 	/usr/lib/libcurl.4.dylib
0x00007ffd124ea000 	/usr/lib/libcrypto.46.dylib
0x00007ffd12a5b000 	/usr/lib/libssl.48.dylib
0x00007ff827ae1000 	/System/Library/Frameworks/LDAP.framework/Versions/A/LDAP
0x00007ff827b1c000 	/System/Library/PrivateFrameworks/TrustEvaluationAgent.framework/Versions/A/TrustEvaluationAgent
0x00007ff8201e7000 	/usr/lib/libsasl2.2.dylib
0x00007ff82ab43000 	/System/Library/Frameworks/Cocoa.framework/Versions/A/Cocoa
0x00007ff81150d000 	/System/Library/Frameworks/AppKit.framework/Versions/C/AppKit
0x00007ffb1d71a000 	/System/Library/PrivateFrameworks/CollectionViewCore.framework/Versions/A/CollectionViewCore
0x00007ff8239a3000 	/System/Library/PrivateFrameworks/RemoteViewServices.framework/Versions/A/RemoteViewServices
0x00007ff819a73000 	/System/Library/PrivateFrameworks/XCTTargetBootstrap.framework/Versions/A/XCTTargetBootstrap
0x00007ff81eec5000 	/System/Library/PrivateFrameworks/UserActivity.framework/Versions/A/UserActivity
0x00007ffc266f5000 	/System/Library/PrivateFrameworks/UIIntelligenceSupport.framework/Versions/A/UIIntelligenceSupport
0x00007ffb148e8000 	/System/Library/Frameworks/SwiftUICore.framework/Versions/A/SwiftUICore
0x00007ffc2b143000 	/System/Library/PrivateFrameworks/WritingTools.framework/Versions/A/WritingTools
0x00007ffc2a2a8000 	/System/Library/PrivateFrameworks/WindowManagement.framework/Versions/A/WindowManagement
0x00007ff819a60000 	/System/Library/PrivateFrameworks/DFRFoundation.framework/Versions/A/DFRFoundation
0x00007ff91b4fc000 	/System/Library/PrivateFrameworks/TextInput.framework/Versions/A/TextInput
0x00007ff819783000 	/System/Library/Frameworks/Carbon.framework/Versions/A/Frameworks/HIToolbox.framework/Versions/A/HIToolbox
0x00007ff8239da000 	/System/Library/Frameworks/Carbon.framework/Versions/A/Frameworks/SpeechRecognition.framework/Versions/A/SpeechRecognition
0x00007ff90ff9f000 	/System/Library/PrivateFrameworks/RenderBox.framework/Versions/A/RenderBox
0x00007ff817651000 	/System/Library/PrivateFrameworks/PerformanceAnalysis.framework/Versions/A/PerformanceAnalysis
0x00007ff823d57000 	/System/Library/Frameworks/Accessibility.framework/Versions/A/Accessibility
0x00007ffb0fc02000 	/System/Library/Frameworks/DeveloperToolsSupport.framework/Versions/A/DeveloperToolsSupport
0x00007ffb1544f000 	/System/Library/Frameworks/Symbols.framework/Versions/A/Symbols
0x00007ff9154ad000 	/usr/lib/swift/libswiftCoreGraphics.dylib
0x00007ff8246e2000 	/usr/lib/swift/libswiftFoundation.dylib
0x00007ffa283b3000 	/usr/lib/swift/libswiftSwiftOnoneSupport.dylib
0x00007ffa1674b000 	/System/Library/PrivateFrameworks/CoreMaterial.framework/Versions/A/CoreMaterial
0x00007ffc1a218000 	/System/Library/PrivateFrameworks/SFSymbols.framework/Versions/A/SFSymbols
0x00007ff8239ca000 	/System/Library/PrivateFrameworks/SpeechRecognitionCore.framework/Versions/A/SpeechRecognitionCore
0x000000010c7fa000 	/Applications/Apache NetBeans.app/Contents/Home/lib/server/libjvm.dylib
0x000000010b585000 	/Applications/Apache NetBeans.app/Contents/Home/lib/libjimage.dylib
0x000000010b60e000 	/Applications/Apache NetBeans.app/Contents/Home/lib/libjava.dylib
0x000000010c256000 	/Applications/Apache NetBeans.app/Contents/Home/lib/libnio.dylib
0x000000010c290000 	/Applications/Apache NetBeans.app/Contents/Home/lib/libnet.dylib
0x000000010c2cf000 	/Applications/Apache NetBeans.app/Contents/Home/lib/libzip.dylib
0x000000010c3a0000 	/Applications/Apache NetBeans.app/Contents/Home/lib/libawt.dylib
0x000000010c5d3000 	/Applications/Apache NetBeans.app/Contents/Home/lib/libmlib_image.dylib
0x00007ffb10e64000 	/System/Library/Frameworks/JavaRuntimeSupport.framework/Versions/A/JavaRuntimeSupport
0x00007ff916797000 	/System/Library/Frameworks/Carbon.framework/Versions/A/Carbon
0x00007ff82ce1a000 	/System/Library/Frameworks/Carbon.framework/Versions/A/Frameworks/CommonPanels.framework/Versions/A/CommonPanels
0x00007ff827dea000 	/System/Library/Frameworks/Carbon.framework/Versions/A/Frameworks/Help.framework/Versions/A/Help
0x00007ff82ce1e000 	/System/Library/Frameworks/Carbon.framework/Versions/A/Frameworks/ImageCapture.framework/Versions/A/ImageCapture
0x00007ff82cdfb000 	/System/Library/Frameworks/Carbon.framework/Versions/A/Frameworks/OpenScripting.framework/Versions/A/OpenScripting
0x00007ff82ce19000 	/System/Library/Frameworks/Carbon.framework/Versions/A/Frameworks/Ink.framework/Versions/A/Ink
0x00007ff82ce16000 	/System/Library/Frameworks/Carbon.framework/Versions/A/Frameworks/SecurityHI.framework/Versions/A/SecurityHI
0x0000000171f62000 	/Applications/Apache NetBeans.app/Contents/Home/lib/libawt_lwawt.dylib
0x000000010c32a000 	/Applications/Apache NetBeans.app/Contents/Home/lib/libosxapp.dylib
0x00007ff91550d000 	/System/Library/Frameworks/ExceptionHandling.framework/Versions/A/ExceptionHandling
0x0000000172244000 	/Applications/Apache NetBeans.app/Contents/Home/lib/libfontmanager.dylib
0x000000012ad43000 	/Applications/Apache NetBeans.app/Contents/Home/lib/libfreetype.dylib
0x00007ff81753a000 	/System/Library/PrivateFrameworks/ViewBridge.framework/Versions/A/ViewBridge
0x00007ff920b26000 	/System/Library/CoreServices/RawCamera.bundle/Contents/MacOS/RawCamera
0x00007ff82857f000 	/System/Library/PrivateFrameworks/StreamingZip.framework/Versions/A/StreamingZip
0x00007ff8205c9000 	/System/Library/PrivateFrameworks/MobileAsset.framework/Versions/A/MobileAsset
0x00007ff91e533000 	/System/Library/PrivateFrameworks/SoftwareUpdateCoreSupport.framework/Versions/A/SoftwareUpdateCoreSupport
0x00007ff925cf6000 	/System/Library/PrivateFrameworks/SoftwareUpdateCoreConnect.framework/Versions/A/SoftwareUpdateCoreConnect
0x00007ff827d39000 	/System/Library/PrivateFrameworks/RemoteServiceDiscovery.framework/Versions/A/RemoteServiceDiscovery
0x00007ff91e1a1000 	/System/Library/PrivateFrameworks/MSUDataAccessor.framework/Versions/A/MSUDataAccessor
0x00007ff919a9e000 	/usr/lib/libbootpolicy.dylib
0x00007ff827d4e000 	/System/Library/PrivateFrameworks/RemoteXPC.framework/Versions/A/RemoteXPC
0x00007ff925211000 	/usr/lib/libFDR.dylib
0x00007ff92a9e6000 	/usr/lib/libamsupport.dylib
0x00007ffb19d41000 	/System/Library/PrivateFrameworks/AppleDeviceQuerySupport.framework/Versions/A/AppleDeviceQuerySupport
0x00007ff92d764000 	/usr/lib/libpartition2_dynamic.dylib
0x00007ffb1a0a6000 	/System/Library/PrivateFrameworks/AppleJPEGXL.framework/Versions/A/AppleJPEGXL
0x00007ff8277fa000 	/System/Library/PrivateFrameworks/CoreWiFi.framework/Versions/A/CoreWiFi
0x00007ffd1270c000 	/usr/lib/libmrc.dylib
0x00007ffb2c6eb000 	/System/Library/PrivateFrameworks/IPConfiguration.framework/Versions/A/IPConfiguration
0x00007ffa16713000 	/System/Library/PrivateFrameworks/Netrb.framework/Versions/A/Netrb
0x00007ffa20e32000 	/System/Library/PrivateFrameworks/WiFiPeerToPeer.framework/Versions/A/WiFiPeerToPeer
0x00007ff81c006000 	/System/Library/Frameworks/UserNotifications.framework/Versions/A/UserNotifications
0x00007ff82072e000 	/usr/lib/libTelephonyUtilDynamic.dylib
0x00007ff81ef33000 	/System/Library/Frameworks/MediaToolbox.framework/Versions/A/MediaToolbox
0x00007ff8252d1000 	/System/Library/PrivateFrameworks/CoreAVCHD.framework/Versions/A/CoreAVCHD
0x00007ff8252cd000 	/System/Library/PrivateFrameworks/Mangrove.framework/Versions/A/Mangrove
0x00007ffb1c166000 	/System/Library/PrivateFrameworks/CMPhoto.framework/Versions/A/CMPhoto
0x00007ff8259bb000 	/System/Library/Frameworks/CoreTelephony.framework/Versions/A/CoreTelephony
0x00007ff826186000 	/System/Library/PrivateFrameworks/AppleVPA.framework/Versions/A/AppleVPA
0x00007ff824f12000 	/System/Library/PrivateFrameworks/CoreAUC.framework/Versions/A/CoreAUC
0x00007ff91db66000 	/System/Library/Frameworks/Accelerate.framework/Versions/A/Frameworks/vImage.framework/Versions/A/Libraries/libCGInterfaces.dylib
0x000000017d465000 	/usr/lib/libobjc-trampolines.dylib
0x00007ffd11e22000 	/usr/lib/libAccessibilityBaseImplementations.dylib
0x00007ffc2b147000 	/System/Library/PrivateFrameworks/WritingToolsUI.framework/Versions/A/WritingToolsUI
0x00007ffb29b71000 	/System/Library/PrivateFrameworks/GenerativeAssistantSettings.framework/Versions/A/GenerativeAssistantSettings
0x00007ffc22d09000 	/System/Library/PrivateFrameworks/TextComposer.framework/Versions/A/TextComposer
0x00007ff917afb000 	/usr/lib/swift/libswiftIntents.dylib
0x00007ffd12cd1000 	/usr/lib/swift/libswiftSafariServices.dylib
0x00007ffd12cd6000 	/usr/lib/swift/libswiftSpatial.dylib
0x00007ffa20ca9000 	/usr/lib/swift/libswiftWebKit.dylib
0x00007ffb0e97c000 	/System/Library/Frameworks/AppIntents.framework/Versions/A/AppIntents
0x00007ff91e97e000 	/System/Library/Frameworks/SwiftUI.framework/Versions/A/SwiftUI
0x00007ffb16029000 	/System/Library/Frameworks/_AuthenticationServices_SwiftUI.framework/Versions/A/_AuthenticationServices_SwiftUI
0x00007ffb185af000 	/System/Library/PrivateFrameworks/Anvil.framework/Versions/A/Anvil
0x00007ff91e01d000 	/System/Library/PrivateFrameworks/AppStoreDaemon.framework/Versions/A/AppStoreDaemon
0x00007ff82ab87000 	/System/Library/PrivateFrameworks/AppleMediaServices.framework/Versions/A/AppleMediaServices
0x00007ff91abba000 	/System/Library/PrivateFrameworks/AppleMediaServicesUI.framework/Versions/A/AppleMediaServicesUI
0x00007ffb29b46000 	/System/Library/PrivateFrameworks/GenerativeAssistantCommon.framework/Versions/A/GenerativeAssistantCommon
0x00007ffa27ae2000 	/System/Library/PrivateFrameworks/JetEngine.framework/Versions/A/JetEngine
0x00007ffc0fffd000 	/System/Library/PrivateFrameworks/LinkMetadata.framework/Versions/A/LinkMetadata
0x00007ff918441000 	/System/Library/PrivateFrameworks/OnBoardingKit.framework/Versions/A/OnBoardingKit
0x00007ffc1af67000 	/System/Library/PrivateFrameworks/Settings.framework/Versions/A/Settings
0x00007ff81c050000 	/System/Library/Frameworks/CoreSpotlight.framework/Versions/A/CoreSpotlight
0x00007ffc10283000 	/System/Library/PrivateFrameworks/LinkServices.framework/Versions/A/LinkServices
0x00007ffb21cd8000 	/System/Library/PrivateFrameworks/DoNotDisturb.framework/Versions/A/DoNotDisturb
0x00007ff91ca00000 	/System/Library/PrivateFrameworks/IntentsCore.framework/Versions/A/IntentsCore
0x00007ffb1acac000 	/System/Library/PrivateFrameworks/AvailabilityKit.framework/Versions/A/AvailabilityKit
0x00007ffc21b59000 	/System/Library/PrivateFrameworks/StatusKit.framework/Versions/A/StatusKit
0x00007ffc19562000 	/System/Library/PrivateFrameworks/RecapPerformanceTesting.framework/Versions/A/RecapPerformanceTesting
0x00007ffd12155000 	/usr/lib/libSpatial.dylib
0x00007ffb1ab99000 	/System/Library/PrivateFrameworks/AuthenticationServicesCore.framework/Versions/A/AuthenticationServicesCore
0x00007ff920fbd000 	/System/Library/Frameworks/AuthenticationServices.framework/Versions/A/AuthenticationServices
0x00007ff81de3a000 	/System/Library/PrivateFrameworks/SharedWebCredentials.framework/Versions/A/SharedWebCredentials
0x00007ff9192a7000 	/System/Library/PrivateFrameworks/SafariCore.framework/Versions/A/SafariCore
0x00007ff920ae5000 	/System/Library/PrivateFrameworks/SafariFoundation.framework/Versions/A/SafariFoundation
0x00007ffb1bc85000 	/System/Library/PrivateFrameworks/CBORLibrary.framework/Versions/A/CBORLibrary
0x00007ffb1c80c000 	/System/Library/PrivateFrameworks/Chirp.framework/Versions/A/Chirp
0x00007ffa28c30000 	/System/Library/PrivateFrameworks/RemoteManagement.framework/Versions/A/RemoteManagement
0x00007ffc19815000 	/System/Library/PrivateFrameworks/RemoteManagementModel.framework/Versions/A/RemoteManagementModel
0x00007ffc1989b000 	/System/Library/PrivateFrameworks/RemoteManagementStore.framework/Versions/A/RemoteManagementStore
0x00007ff821bf6000 	/usr/lib/libxcselect.dylib
0x00007ff920a52000 	/System/Library/PrivateFrameworks/DifferentialPrivacy.framework/Versions/A/DifferentialPrivacy
0x00007ff82496e000 	/System/Library/Frameworks/Contacts.framework/Versions/A/Contacts
0x00007ffc270b7000 	/System/Library/PrivateFrameworks/VDAF.framework/Versions/A/VDAF
0x00007ff8247a1000 	/System/Library/PrivateFrameworks/ContactsPersistence.framework/Versions/A/ContactsPersistence
0x00007ff8239e0000 	/System/Library/PrivateFrameworks/AppleLDAP.framework/Versions/A/AppleLDAP
0x00007ff828172000 	/System/Library/Frameworks/ClassKit.framework/Versions/A/ClassKit
0x00007ff82a2c1000 	/System/Library/PrivateFrameworks/CoreSuggestions.framework/Versions/A/CoreSuggestions
0x00007ff8246e3000 	/System/Library/PrivateFrameworks/ContactsFoundation.framework/Versions/A/ContactsFoundation
0x00007ff825f07000 	/System/Library/PrivateFrameworks/vCard.framework/Versions/A/vCard
0x00007ffb1d9f3000 	/System/Library/PrivateFrameworks/ContactsMetrics.framework/Versions/A/ContactsMetrics
0x00007ff81e265000 	/System/Library/PrivateFrameworks/login.framework/Versions/A/login
0x00007ff817c44000 	/System/Library/PrivateFrameworks/CloudDocs.framework/Versions/A/CloudDocs
0x00007ff829847000 	/System/Library/PrivateFrameworks/ConfigurationProfiles.framework/Versions/A/ConfigurationProfiles
0x00007ffb213fa000 	/System/Library/PrivateFrameworks/DMCUtilities.framework/Versions/A/DMCUtilities
0x00007ffc105ac000 	/System/Library/PrivateFrameworks/MDMClientLibrary.framework/Versions/A/MDMClientLibrary
0x00007ffc19890000 	/System/Library/PrivateFrameworks/RemoteManagementProtocol.framework/Versions/A/RemoteManagementProtocol
0x00007ffd11ff6000 	/usr/lib/libEndpointSecuritySystem.dylib
0x00007ff824109000 	/System/Library/PrivateFrameworks/SystemAdministration.framework/Versions/A/SystemAdministration
0x00007ff90f553000 	/System/Library/PrivateFrameworks/PowerlogControl.framework/Versions/A/PowerlogControl
0x00007ff81b573000 	/System/Library/Frameworks/ServiceManagement.framework/Versions/A/ServiceManagement
0x00007ff90f555000 	/usr/lib/libUniversalAccess.dylib
0x00007ff82b500000 	/System/Library/PrivateFrameworks/FamilyControls.framework/Versions/A/FamilyControls
0x00007ff823998000 	/System/Library/Frameworks/DirectoryService.framework/Versions/A/DirectoryService
0x00007ff827e80000 	/System/Library/PrivateFrameworks/LoginUIKit.framework/Versions/A/Frameworks/LoginUICore.framework/Versions/A/LoginUICore
0x00007ff81e443000 	/usr/lib/libodfde.dylib
0x00007ff82b4fb000 	/System/Library/PrivateFrameworks/UniversalAccess.framework/Versions/A/Libraries/libUAPreferences.dylib
0x00007ff82b523000 	/System/Library/PrivateFrameworks/CommerceKit.framework/Versions/A/Frameworks/CommerceCore.framework/Versions/A/CommerceCore
0x00007ffb213bf000 	/System/Library/PrivateFrameworks/DEPClientLibrary.framework/Versions/A/DEPClientLibrary
0x00007ff90f630000 	/System/Library/PrivateFrameworks/SetupAssistantFramework.framework/Versions/A/SetupAssistantFramework
0x00007ff828450000 	/System/Library/PrivateFrameworks/AuthKitUI.framework/Versions/A/AuthKitUI
0x00007ff827ec6000 	/System/Library/PrivateFrameworks/AppSSO.framework/Versions/A/AppSSO
0x00007ff91dd9c000 	/System/Library/PrivateFrameworks/LocalAuthenticationUI.framework/Versions/A/LocalAuthenticationUI
0x00007ffc17fa4000 	/System/Library/PrivateFrameworks/PlatformSSO.framework/Versions/A/PlatformSSO
0x00007ff91e763000 	/System/Library/PrivateFrameworks/AOSUI.framework/Versions/A/AOSUI
0x00007ff91161a000 	/System/Library/Frameworks/ContactsUI.framework/Versions/A/ContactsUI
0x00007ff824b8d000 	/System/Library/PrivateFrameworks/FamilyCircle.framework/Versions/A/FamilyCircle
0x00007ff92b3d5000 	/System/Library/Frameworks/LinkPresentation.framework/Versions/A/LinkPresentation
0x00007ffc18073000 	/System/Library/PrivateFrameworks/PlatformSSOCore.framework/Versions/A/PlatformSSOCore
0x00007ff911340000 	/System/Library/PrivateFrameworks/IASUtilities.framework/Versions/A/IASUtilities
0x00007ffb2c5e7000 	/System/Library/PrivateFrameworks/IASUtilitiesCore.framework/Versions/A/IASUtilitiesCore
0x00007ff915571000 	/System/Library/Frameworks/WebKit.framework/Versions/A/WebKit
0x00007ff90d7d0000 	/System/Library/Frameworks/JavaScriptCore.framework/Versions/A/JavaScriptCore
0x00007ffc104e6000 	/System/Library/PrivateFrameworks/LocalAuthenticationCoreUI.framework/Versions/A/LocalAuthenticationCoreUI
0x00007ff917860000 	/System/Library/Frameworks/LocalAuthentication.framework/Support/DaemonUtils.framework/Versions/A/DaemonUtils
0x00007ff91ab87000 	/System/Library/PrivateFrameworks/BridgeXPC.framework/Versions/A/BridgeXPC
0x00007ff81e285000 	/System/Library/PrivateFrameworks/CoreBrightness.framework/Versions/A/CoreBrightness
0x00007ff91850e000 	/System/Library/PrivateFrameworks/CoreKDL.framework/Versions/A/CoreKDL
0x00007ff916d28000 	/System/Library/PrivateFrameworks/EmbeddedOSSupportHost.framework/Versions/A/EmbeddedOSSupportHost
0x00007ffc2268a000 	/System/Library/PrivateFrameworks/SystemStatus.framework/Versions/A/SystemStatus
0x00007ff82a591000 	/System/Library/Frameworks/WebKit.framework/Versions/A/Frameworks/WebKitLegacy.framework/Versions/A/WebKitLegacy
0x00007ff8283f8000 	/System/Library/PrivateFrameworks/CorePrediction.framework/Versions/A/CorePrediction
0x00007ff818314000 	/System/Library/Frameworks/WebKit.framework/Versions/A/Frameworks/WebCore.framework/Versions/A/Frameworks/libwebrtc.dylib
0x00007ff915510000 	/System/Library/PrivateFrameworks/SafariSafeBrowsing.framework/Versions/A/SafariSafeBrowsing
0x00007ff820273000 	/System/Library/Frameworks/SecurityInterface.framework/Versions/A/SecurityInterface
0x00007ff918440000 	/System/Library/PrivateFrameworks/WebInspectorUI.framework/Versions/A/WebInspectorUI
0x00007ff911f0d000 	/System/Library/Frameworks/WebKit.framework/Versions/A/Frameworks/WebCore.framework/Versions/A/WebCore
0x00007ffb15be9000 	/System/Library/Frameworks/WebKit.framework/Versions/A/Frameworks/WebCore.framework/Versions/A/Frameworks/libANGLE-shared.dylib
0x00007ffc29f2e000 	/System/Library/PrivateFrameworks/WebGPU.framework/Versions/A/WebGPU
0x00007ff91a201000 	/System/Library/Frameworks/SceneKit.framework/Versions/A/SceneKit
0x00007ff929d0d000 	/System/Library/Frameworks/ModelIO.framework/Versions/A/ModelIO
0x00007ff821bd9000 	/System/Library/Frameworks/MetalKit.framework/Versions/A/MetalKit
0x00007ff823ce4000 	/System/Library/Frameworks/GLKit.framework/Versions/A/GLKit
0x00007ffd13236000 	/usr/lib/usd/libusd_ms.dylib
0x00007ffc26928000 	/System/Library/PrivateFrameworks/USDLib_FormatLoaderProxy.framework/Versions/A/USDLib_FormatLoaderProxy
0x00007ff9175eb000 	/System/Library/PrivateFrameworks/CoreOptimization.framework/Versions/A/CoreOptimization
0x00007ff925d0b000 	/System/Library/PrivateFrameworks/StorageKit.framework/Versions/A/StorageKit
0x00007ffb0fe1b000 	/System/Library/Frameworks/FSKit.framework/Versions/A/FSKit
0x00007ffb21a64000 	/System/Library/PrivateFrameworks/DiskImages2.framework/Versions/A/DiskImages2
0x00007ffc103c1000 	/System/Library/PrivateFrameworks/LiveFS.framework/Versions/A/LiveFS
0x00007ffd0f95e000 	/System/Library/PrivateFrameworks/icloudMCCKit.framework/Versions/A/icloudMCCKit
0x00007ffb19b04000 	/System/Library/PrivateFrameworks/AppleAccountUI.framework/Versions/A/AppleAccountUI
0x00007ffb1d10e000 	/System/Library/PrivateFrameworks/CloudSubscriptionFeatures.framework/Versions/A/CloudSubscriptionFeatures
0x00007ffa1671a000 	/System/Library/PrivateFrameworks/PreferencePanesSupport.framework/Versions/A/PreferencePanesSupport
0x00007ff91e905000 	/System/Library/PrivateFrameworks/FindMyDeviceUI.framework/Versions/A/FindMyDeviceUI
0x00007ffc2d069000 	/System/Library/PrivateFrameworks/iCloudQuotaUI.framework/Versions/A/iCloudQuotaUI
0x00007ffa168d4000 	/System/Library/PrivateFrameworks/CoreCDPUI.framework/Versions/A/CoreCDPUI
0x00007ff91904e000 	/System/Library/PrivateFrameworks/CoreFollowUpUI.framework/Versions/A/CoreFollowUpUI
0x00007ff8202a7000 	/System/Library/PrivateFrameworks/CoreFollowUp.framework/Versions/A/CoreFollowUp
0x00007ff924b4b000 	/System/Library/PrivateFrameworks/IMCore.framework/Versions/A/IMCore
0x00007ff90f5b8000 	/System/Library/PrivateFrameworks/CoreCDP.framework/Versions/A/CoreCDP
0x00007ff82ab7b000 	/System/Library/PrivateFrameworks/AskPermission.framework/Versions/A/AskPermission
0x00007ff91c9e6000 	/System/Library/Frameworks/Quartz.framework/Versions/A/Quartz
0x00007ff9287f3000 	/System/Library/PrivateFrameworks/CloudPhotoServicesConfiguration.framework/Versions/A/CloudPhotoServicesConfiguration
0x00007ff91b2a7000 	/System/Library/PrivateFrameworks/CommerceKit.framework/Versions/A/CommerceKit
0x00007ff929659000 	/System/Library/PrivateFrameworks/FindMyMac.framework/Versions/A/FindMyMac
0x00007ff92953a000 	/System/Library/Frameworks/PreferencePanes.framework/Versions/A/PreferencePanes
0x00007ff91de91000 	/System/Library/Frameworks/AddressBook.framework/Versions/A/AddressBook
0x00007ff829b0a000 	/System/Library/PrivateFrameworks/AOSAccounts.framework/Versions/A/AOSAccounts
0x00007ff824104000 	/System/Library/PrivateFrameworks/AppleSRP.framework/Versions/A/AppleSRP
0x00007ff917793000 	/System/Library/Frameworks/SafariServices.framework/Versions/A/SafariServices
0x00007ff828567000 	/System/Library/PrivateFrameworks/NetFSServer.framework/Versions/A/NetFSServer
0x00007ff91a0cc000 	/System/Library/Frameworks/PDFKit.framework/Versions/A/PDFKit
0x00007ff92a5f3000 	/System/Library/PrivateFrameworks/EmailFoundation.framework/Versions/A/EmailFoundation
0x00007ff929592000 	/System/Library/PrivateFrameworks/EmailCore.framework/Versions/A/EmailCore
0x00007ff92d2e3000 	/System/Library/PrivateFrameworks/EmailAddressing.framework/Versions/A/EmailAddressing
0x00007ff92d2ef000 	/System/Library/PrivateFrameworks/Email.framework/Versions/A/Email
0x00007ffb1adf0000 	/System/Library/PrivateFrameworks/BackgroundSystemTasks.framework/Versions/A/BackgroundSystemTasks
0x00007ff918fd2000 	/System/Library/PrivateFrameworks/IntlPreferences.framework/Versions/A/IntlPreferences
0x00007ffc1055c000 	/System/Library/PrivateFrameworks/LockdownMode.framework/Versions/A/LockdownMode
0x00007ff824b87000 	/System/Library/PrivateFrameworks/CommunicationsFilter.framework/Versions/A/CommunicationsFilter
0x00007ffb1acaf000 	/System/Library/PrivateFrameworks/AvatarKit.framework/Versions/A/AvatarKit
0x00007ffb1ad6f000 	/System/Library/PrivateFrameworks/AvatarPersistence.framework/Versions/A/AvatarPersistence
0x00007ffc198ed000 	/System/Library/PrivateFrameworks/RemoteUI.framework/Versions/A/RemoteUI
0x00007ff823db2000 	/usr/lib/libCTGreenTeaLogger.dylib
0x00007ffb1567b000 	/System/Library/Frameworks/TipKit.framework/Versions/A/TipKit
0x00007ffa187fd000 	/System/Library/PrivateFrameworks/AppleCVA.framework/Versions/A/AppleCVA
0x00007ffb1ad6e000 	/System/Library/PrivateFrameworks/AvatarKitContent.framework/Versions/A/AvatarKitContent
0x00007ff823dde000 	/System/Library/PrivateFrameworks/CoreAppleCVA.framework/Versions/A/CoreAppleCVA
0x00007ffc0f750000 	/System/Library/PrivateFrameworks/LiftUI.framework/Versions/A/LiftUI
0x00007ffb0fde3000 	/System/Library/Frameworks/ExtensionKit.framework/Versions/A/ExtensionKit
0x00007ffb1d089000 	/System/Library/PrivateFrameworks/CloudSettings.framework/Versions/A/CloudSettings
0x00007ff82a37f000 	/System/Library/Frameworks/EventKit.framework/Versions/A/EventKit
0x00007ff91865c000 	/System/Library/PrivateFrameworks/SearchFoundation.framework/Versions/A/SearchFoundation
0x00007ff917255000 	/System/Library/PrivateFrameworks/CoreRoutine.framework/Versions/A/CoreRoutine
0x00007ffb1c43c000 	/System/Library/PrivateFrameworks/CalendarDatabase.framework/Versions/A/CalendarDatabase
0x00007ffb1c392000 	/System/Library/PrivateFrameworks/CalendarDaemon.framework/Versions/A/CalendarDaemon
0x00007ff8297b5000 	/System/Library/PrivateFrameworks/CalendarFoundation.framework/Versions/A/CalendarFoundation
0x00007ff829770000 	/System/Library/PrivateFrameworks/iCalendar.framework/Versions/A/iCalendar
0x00007ffb215e2000 	/System/Library/PrivateFrameworks/DataAccessExpress.framework/Versions/A/DataAccessExpress
0x00007ff91e5ad000 	/System/Library/PrivateFrameworks/FTClientServices.framework/Versions/A/FTClientServices
0x00007ff9111cd000 	/System/Library/PrivateFrameworks/CoreDAV.framework/Versions/A/CoreDAV
0x00007ff82a261000 	/System/Library/PrivateFrameworks/CalDAV.framework/Versions/A/CalDAV
0x00007ff91527d000 	/System/Library/PrivateFrameworks/TelephonyUtilities.framework/Versions/A/TelephonyUtilities
0x00007ff919103000 	/System/Library/Frameworks/CallKit.framework/Versions/A/CallKit
0x00007ffa1f3e1000 	/System/Library/PrivateFrameworks/IMTransferServices.framework/Versions/A/IMTransferServices
0x00007ff917605000 	/System/Library/PrivateFrameworks/IncomingCallFilter.framework/Versions/A/IncomingCallFilter
0x00007ffc13cb0000 	/System/Library/PrivateFrameworks/NeighborhoodActivityConduit.framework/Versions/A/NeighborhoodActivityConduit
0x00007ffd11fce000 	/usr/lib/libBASupport.dylib
0x00007ff9248db000 	/System/Library/PrivateFrameworks/SpotlightReceiver.framework/Versions/A/SpotlightReceiver
0x00007ffb1d29e000 	/System/Library/PrivateFrameworks/Coherence.framework/Versions/A/Coherence
0x00007ff915186000 	/System/Library/PrivateFrameworks/CoreParsec.framework/Versions/A/CoreParsec
0x00007ffc1606e000 	/System/Library/PrivateFrameworks/PegasusAPI.framework/Versions/A/PegasusAPI
0x00007ffc16b02000 	/System/Library/PrivateFrameworks/PegasusConfiguration.framework/Versions/A/PegasusConfiguration
0x00007ffc1053d000 	/System/Library/PrivateFrameworks/LocalStatusKit.framework/Versions/A/LocalStatusKit
0x00007ff91e5b1000 	/System/Library/PrivateFrameworks/CharacterPicker.framework/Versions/A/CharacterPicker
0x00007ff917707000 	/System/Library/PrivateFrameworks/ContactsDonation.framework/Versions/A/ContactsDonation
0x00007ff91152f000 	/System/Library/PrivateFrameworks/ContactsUICore.framework/Versions/A/ContactsUICore
0x00007ff917033000 	/System/Library/PrivateFrameworks/DataDetectors.framework/Versions/A/DataDetectors
0x00007ff82a24f000 	/System/Library/Frameworks/MediaLibrary.framework/Versions/A/MediaLibrary
0x00007ff824b78000 	/System/Library/PrivateFrameworks/PersonaKit.framework/Versions/A/PersonaKit
0x00007ff91151e000 	/System/Library/PrivateFrameworks/PersonaUI.framework/Versions/A/PersonaUI
0x00007ffc21c87000 	/System/Library/PrivateFrameworks/Stickers.framework/Versions/A/Stickers
0x00007ff91fbfc000 	/System/Library/PrivateFrameworks/EmojiFoundation.framework/Versions/A/EmojiFoundation
0x00007ff824818000 	/System/Library/PrivateFrameworks/AddressBookCore.framework/Versions/A/AddressBookCore
0x00007ff91e000000 	/System/Library/PrivateFrameworks/ToneKit.framework/Versions/A/ToneKit
0x00007ff919016000 	/System/Library/PrivateFrameworks/ToneLibrary.framework/Versions/A/ToneLibrary
0x00007ffb1d9c3000 	/System/Library/PrivateFrameworks/ContactsAccounts.framework/Versions/A/ContactsAccounts
0x00007ffb147c6000 	/System/Library/Frameworks/SwiftData.framework/Versions/A/SwiftData
0x00007ff928f5a000 	/System/Library/PrivateFrameworks/Transparency.framework/Versions/A/Transparency
0x00007ff829762000 	/System/Library/PrivateFrameworks/CoreRecents.framework/Versions/A/CoreRecents
0x00007ffb187c7000 	/System/Library/PrivateFrameworks/AppIntentsServices.framework/Versions/A/AppIntentsServices
0x00007ffa16204000 	/System/Library/PrivateFrameworks/DiagnosticRequest.framework/Versions/A/DiagnosticRequest
0x00007ff91c90a000 	/System/Library/PrivateFrameworks/Lookup.framework/Versions/A/Lookup
0x00007ffb139b2000 	/System/Library/Frameworks/QuickLookUI.framework/Versions/A/QuickLookUI
0x00007ffb14357000 	/System/Library/Frameworks/ScreenCaptureKit.framework/Versions/A/ScreenCaptureKit
0x00007ff919c00000 	/System/Library/Frameworks/Quartz.framework/Versions/A/Frameworks/QuartzComposer.framework/Versions/A/QuartzComposer
0x00007ff918faa000 	/System/Library/Frameworks/Quartz.framework/Versions/A/Frameworks/QuartzFilters.framework/Versions/A/QuartzFilters
0x00007ff917ff4000 	/System/Library/Frameworks/Quartz.framework/Versions/A/Frameworks/ImageKit.framework/Versions/A/ImageKit
0x00007ff916796000 	/System/Library/PrivateFrameworks/CorePDF.framework/Versions/A/CorePDF
0x00007ff821b77000 	/System/Library/Frameworks/QuickLook.framework/Versions/A/QuickLook
0x00007ff82be9a000 	/System/Library/PrivateFrameworks/DisplayServices.framework/Versions/A/DisplayServices
0x00007ff918f13000 	/System/Library/Frameworks/ImageCaptureCore.framework/Versions/A/ImageCaptureCore
0x00007ffc28b00000 	/System/Library/PrivateFrameworks/VisionKitCore.framework/Versions/A/VisionKitCore
0x00007ff915157000 	/System/Library/PrivateFrameworks/QuickLookSupport.framework/Versions/A/QuickLookSupport
0x00007ff91702e000 	/System/Library/PrivateFrameworks/QuickLookNonBaseSystem.framework/Versions/A/QuickLookNonBaseSystem
0x00007ffa1a4c8000 	/System/Library/Frameworks/ReplayKit.framework/Versions/A/ReplayKit
0x00007ffc224ec000 	/System/Library/PrivateFrameworks/Symptoms.framework/Versions/A/Frameworks/SymptomPresentationFeed.framework/Versions/A/SymptomPresentationFeed
0x00007ffc2226c000 	/System/Library/PrivateFrameworks/SymptomShared.framework/Versions/A/SymptomShared
0x00007ff82cdbb000 	/System/Library/PrivateFrameworks/MarkupUI.framework/Versions/A/MarkupUI
0x00007ff917009000 	/System/Library/PrivateFrameworks/SidecarCore.framework/Versions/A/SidecarCore
0x00007ff919aaf000 	/System/Library/PrivateFrameworks/AnnotationKit.framework/Versions/A/AnnotationKit
0x00007ffb157bb000 	/System/Library/Frameworks/Translation.framework/Versions/A/Translation
0x00007ffc11d34000 	/System/Library/PrivateFrameworks/MediaAnalysisServices.framework/Versions/A/MediaAnalysisServices
0x00007ffa124cf000 	/System/Library/PrivateFrameworks/RevealCore.framework/Versions/A/RevealCore
0x00007ffa124c4000 	/System/Library/PrivateFrameworks/Reveal.framework/Versions/A/Reveal
0x00007ffc25a53000 	/System/Library/PrivateFrameworks/TranslationUIServices.framework/Versions/A/TranslationUIServices
0x00007ff918255000 	/System/Library/Frameworks/PencilKit.framework/Versions/A/PencilKit
0x00007ff918420000 	/System/Library/PrivateFrameworks/SidecarUI.framework/Versions/A/SidecarUI
0x00007ff917b46000 	/System/Library/PrivateFrameworks/CoreHandwriting.framework/Versions/A/CoreHandwriting
0x00007ff80e91e000 	/usr/lib/libmecabra.dylib
0x00007ff911967000 	/System/Library/PrivateFrameworks/Calculate.framework/Versions/A/Calculate
0x00007ff81da2d000 	/usr/lib/libChineseTokenizer.dylib
0x00007ffa28b61000 	/System/Library/PrivateFrameworks/ScreenReaderCore.framework/Versions/A/ScreenReaderCore
0x00007ffc21fef000 	/System/Library/PrivateFrameworks/StocksKit.framework/Versions/A/StocksKit
0x00007ff910613000 	/System/Library/PrivateFrameworks/OAuth.framework/Versions/A/OAuth
0x00007ffc21cf5000 	/System/Library/PrivateFrameworks/StocksCore.framework/Versions/A/StocksCore
0x00007ffc22acb000 	/System/Library/PrivateFrameworks/TeaFoundation.framework/Versions/A/TeaFoundation
0x00007ffc22c48000 	/System/Library/PrivateFrameworks/TeaSettings.framework/Versions/A/TeaSettings
0x00007ffa20513000 	/System/Library/PrivateFrameworks/NewsCore.framework/Versions/A/NewsCore
0x00007ffc22a86000 	/System/Library/PrivateFrameworks/TeaDB.framework/Versions/A/TeaDB
0x00007ffa1d8dc000 	/System/Library/PrivateFrameworks/RemoteConfiguration.framework/Versions/A/RemoteConfiguration
0x00007ffa20156000 	/System/Library/PrivateFrameworks/NewsTransport.framework/Versions/A/NewsTransport
0x00007ffa20505000 	/System/Library/PrivateFrameworks/NewsFoundation.framework/Versions/A/NewsFoundation
0x00007ffc140d6000 	/System/Library/PrivateFrameworks/NewsURLBucket.framework/Versions/A/NewsURLBucket
0x00007ff91b4cc000 	/System/Library/PrivateFrameworks/MobileInstallation.framework/Versions/A/MobileInstallation
0x00007ff9242eb000 	/System/Library/PrivateFrameworks/MMCS.framework/Versions/A/MMCS
0x00007ff82a0b6000 	/System/Library/PrivateFrameworks/ChunkingLibrary.framework/Versions/A/ChunkingLibrary
0x00007ff8240b1000 	/System/Library/PrivateFrameworks/AssetCacheServices.framework/Versions/A/AssetCacheServices
0x00007ff91b879000 	/System/Library/PrivateFrameworks/PhotoLibraryServices.framework/Versions/A/PhotoLibraryServices
0x00007ff918b47000 	/System/Library/Frameworks/Photos.framework/Versions/A/Photos
0x00007ff92b7b3000 	/System/Library/PrivateFrameworks/PhotosFormats.framework/Versions/A/PhotosFormats
0x00007ff928823000 	/System/Library/PrivateFrameworks/CloudPhotoLibrary.framework/Versions/A/CloudPhotoLibrary
0x00007ffa10c26000 	/System/Library/PrivateFrameworks/CloudPhotoServices.framework/Versions/A/CloudPhotoServices
0x00007ff92d448000 	/System/Library/PrivateFrameworks/CoreMediaStream.framework/Versions/A/CoreMediaStream
0x00007ff825520000 	/System/Library/PrivateFrameworks/CPAnalytics.framework/Versions/A/CPAnalytics
0x00007ff929c1b000 	/System/Library/PrivateFrameworks/MediaConversionService.framework/Versions/A/MediaConversionService
0x00007ff82bb67000 	/System/Library/PrivateFrameworks/PhotoFoundation.framework/Versions/A/PhotoFoundation
0x00007ffc16f6e000 	/System/Library/PrivateFrameworks/PhotoLibraryServicesCore.framework/Versions/A/PhotoLibraryServicesCore
0x00007ff826030000 	/System/Library/PrivateFrameworks/AVFoundationCF.framework/Versions/A/AVFoundationCF
0x00007ffa1f2e1000 	/usr/lib/swift/libswiftDemangle.dylib
0x00007ff9172b3000 	/System/Library/PrivateFrameworks/MediaStream.framework/Versions/A/MediaStream
0x00007ff92a171000 	/System/Library/PrivateFrameworks/NeutrinoCore.framework/Versions/A/NeutrinoCore
0x00007ff814939000 	/System/Library/PrivateFrameworks/NLP.framework/Versions/A/NLP
0x00007ffa0f992000 	/System/Library/PrivateFrameworks/PhotoImaging.framework/Versions/A/PhotoImaging
0x00007ffa10be6000 	/System/Library/PrivateFrameworks/PhotosImagingFoundation.framework/Versions/A/PhotosImagingFoundation
0x00007ffc17a1c000 	/System/Library/PrivateFrameworks/PhotosIntelligenceCore.framework/Versions/A/PhotosIntelligenceCore
0x00007ff8264c9000 	/System/Library/PrivateFrameworks/EmbeddedAcousticRecognition.framework/Versions/A/EmbeddedAcousticRecognition
0x00007ff928a8a000 	/System/Library/PrivateFrameworks/SDAPI.framework/Versions/A/SDAPI
0x00007ffa10c33000 	/System/Library/PrivateFrameworks/AutoLoop.framework/Versions/A/AutoLoop
0x00007ffc182fb000 	/System/Library/PrivateFrameworks/Portrait.framework/Versions/A/Portrait
0x00007ffb19b98000 	/System/Library/PrivateFrameworks/AppleDepth.framework/Versions/A/AppleDepth
0x00007ffb24071000 	/System/Library/PrivateFrameworks/FusionTracker.framework/Versions/A/FusionTracker
0x00007ffb19cd1000 	/System/Library/PrivateFrameworks/AppleDepthCore.framework/Versions/A/AppleDepthCore
0x00007ff9196c6000 	/System/Library/PrivateFrameworks/iTunesCloud.framework/Versions/A/iTunesCloud
0x00007ff921b11000 	/System/Library/PrivateFrameworks/DAAPKit.framework/Versions/A/DAAPKit
0x00007ffd12d5b000 	/usr/lib/swift/libswiftVideoToolbox.dylib
0x00007ffc24c85000 	/System/Library/PrivateFrameworks/TipKitCore.framework/Versions/A/TipKitCore
0x00007ff91fc81000 	/System/Library/PrivateFrameworks/CoreCDPInternal.framework/Versions/A/CoreCDPInternal
0x00007ff910561000 	/System/Library/PrivateFrameworks/AccountsDaemon.framework/Versions/A/AccountsDaemon
0x00007ffc195d1000 	/System/Library/PrivateFrameworks/RegulatoryDomain.framework/Versions/A/RegulatoryDomain
0x00007ffa168d1000 	/System/Library/PrivateFrameworks/MachineSettings.framework/Versions/A/MachineSettings
0x00007ff9294bf000 	/System/Library/PrivateFrameworks/BezelServices.framework/Versions/A/BezelServices
0x00007ff921b9a000 	/System/Library/PrivateFrameworks/SPOwner.framework/Versions/A/SPOwner
0x00007ff91b30d000 	/System/Library/PrivateFrameworks/FMCore.framework/Versions/A/FMCore
0x00007ffc2cfce000 	/System/Library/PrivateFrameworks/iCloudQuota.framework/Versions/A/iCloudQuota
0x00007ff911493000 	/System/Library/PrivateFrameworks/CoreRecognition.framework/Versions/A/CoreRecognition
0x00007ffc15b29000 	/System/Library/PrivateFrameworks/PassKitMacHelperTemp.framework/Versions/A/PassKitMacHelperTemp
0x00007ff92956f000 	/System/Library/PrivateFrameworks/InAppMessages.framework/Versions/A/InAppMessages
0x00007ffa279ee000 	/System/Library/PrivateFrameworks/JetUI.framework/Versions/A/JetUI
0x00007ffc0f4e7000 	/System/Library/PrivateFrameworks/JetPack.framework/Versions/A/JetPack
0x00007ffa1cade000 	/System/Library/PrivateFrameworks/PassKitUIFoundation.framework/Versions/A/PassKitUIFoundation
0x00007ff82bf90000 	/System/Library/PrivateFrameworks/PassKitCore.framework/Versions/A/PassKitCore
0x00007ff917895000 	/System/Library/PrivateFrameworks/BiometricKit.framework/Versions/A/BiometricKit
0x00007ffc1a16e000 	/System/Library/PrivateFrameworks/SEService.framework/Versions/A/SEService
0x00007ff91ca1d000 	/System/Library/PrivateFrameworks/NearField.framework/Versions/A/NearField
0x00007ffd1212d000 	/usr/lib/libSESShared.dylib
0x00007ffc1a2f4000 	/System/Library/PrivateFrameworks/STSXPCHelperClient.framework/Versions/A/STSXPCHelperClient
0x00007ff91e22e000 	/usr/lib/libnfshared.dylib
0x00007ff929567000 	/System/Library/PrivateFrameworks/InAppMessagesCore.framework/Versions/A/InAppMessagesCore
0x00007ffc2c758000 	/System/Library/PrivateFrameworks/_JetEngine_SwiftUI.framework/Versions/A/_JetEngine_SwiftUI
0x00007ffc22514000 	/System/Library/PrivateFrameworks/Synapse.framework/Versions/A/Synapse
0x00007ffb1c261000 	/System/Library/PrivateFrameworks/CSExattrCrypto.framework/Versions/A/CSExattrCrypto
0x00007ff82bb74000 	/System/Library/PrivateFrameworks/IMSharedUtilities.framework/Versions/A/IMSharedUtilities
0x00007ffb2c730000 	/System/Library/PrivateFrameworks/InputAnalytics.framework/Versions/A/InputAnalytics
0x00007ff925202000 	/System/Library/Frameworks/InstantMessage.framework/Versions/A/InstantMessage
0x00007ff91dd96000 	/System/Library/PrivateFrameworks/IDSKVStore.framework/Versions/A/IDSKVStore
0x00007ff91dbda000 	/System/Library/PrivateFrameworks/IMDPersistence.framework/Versions/A/IMDPersistence
0x00007ffd12c5a000 	/usr/lib/swift/libswiftAppleArchive.dylib
0x00007ffc270ab000 	/System/Library/PrivateFrameworks/UserSafety.framework/Versions/A/UserSafety
0x00007ff8239f1000 	/System/Library/Frameworks/MapKit.framework/Versions/A/MapKit
0x00007ffa1bebe000 	/System/Library/PrivateFrameworks/BlastDoor.framework/Versions/A/BlastDoor
0x00007ffc114c3000 	/System/Library/PrivateFrameworks/ManagedSettingsObjC.framework/Versions/A/ManagedSettingsObjC
0x00007ffb143ad000 	/System/Library/Frameworks/SensitiveContentAnalysis.framework/Versions/A/SensitiveContentAnalysis
0x00007ffb29e9e000 	/System/Library/PrivateFrameworks/GeoAnalytics.framework/Versions/A/GeoAnalytics
0x00007ff91e262000 	/System/Library/PrivateFrameworks/Navigation.framework/Versions/A/Navigation
0x00007ff92705e000 	/System/Library/PrivateFrameworks/VectorKit.framework/Versions/A/VectorKit
0x00007ff9113fc000 	/System/Library/PrivateFrameworks/VirtualGarage.framework/Versions/A/VirtualGarage
0x00007ff91e3f3000 	/System/Library/Frameworks/ExternalAccessory.framework/ExternalAccessory
0x00007ff91e40c000 	/System/Library/PrivateFrameworks/IAP.framework/Versions/A/IAP
0x00007ff823caf000 	/System/Library/PrivateFrameworks/IOPlatformPluginFamily.framework/Versions/A/IOPlatformPluginFamily
0x00007ffc10254000 	/System/Library/PrivateFrameworks/LinkPresentationStyleSheetParsing.framework/Versions/A/LinkPresentationStyleSheetParsing
0x00007ffb23716000 	/System/Library/PrivateFrameworks/FeedbackService.framework/Versions/A/FeedbackService
0x00007ff917663000 	/System/Library/PrivateFrameworks/CoreSDB.framework/Versions/A/CoreSDB
0x00007ffb1a83f000 	/System/Library/PrivateFrameworks/AskToCore.framework/Versions/A/AskToCore
0x00007ff91c610000 	/System/Library/PrivateFrameworks/StoreFoundation.framework/Versions/A/StoreFoundation
0x00007ff91b307000 	/System/Library/PrivateFrameworks/ServerInformation.framework/Versions/A/ServerInformation
0x00007ff91ad84000 	/System/Library/PrivateFrameworks/Install.framework/Frameworks/DistributionKit.framework/Versions/A/DistributionKit
0x00007ff914f16000 	/System/Library/PrivateFrameworks/PackageKit.framework/Versions/A/PackageKit
0x00007ff91ada4000 	/System/Library/PrivateFrameworks/OSPersonalization.framework/Versions/A/OSPersonalization
0x00007ff91cae1000 	/System/Library/PrivateFrameworks/BridgeOSSoftwareUpdate.framework/Versions/A/BridgeOSSoftwareUpdate
0x00007ff917a82000 	/System/Library/PrivateFrameworks/StorageManagement.framework/Versions/A/StorageManagement
0x00007ff92a915000 	/usr/lib/libauthinstall.dylib
0x00007ff91cae9000 	/System/Library/PrivateFrameworks/InstallerDiagnostics.framework/Versions/A/InstallerDiagnostics
0x00007ff92aebe000 	/usr/lib/libcrypto.42.dylib
0x00007ff91cad0000 	/System/Library/PrivateFrameworks/GPUInfo.framework/Versions/A/GPUInfo
0x00007ff92965f000 	/System/Library/PrivateFrameworks/MobileActivationMacOS.framework/Versions/A/MobileActivationMacOS
0x00007ffb0fbff000 	/System/Library/Frameworks/DataDetection.framework/Versions/A/DataDetection
0x00007ffd12c7a000 	/usr/lib/swift/libswiftDataDetection.dylib
0x00007ff8254c9000 	/System/Library/PrivateFrameworks/GenerationalStorage.framework/Versions/A/GenerationalStorage
0x00007ff82069a000 	/System/Library/PrivateFrameworks/CacheDelete.framework/Versions/A/CacheDelete
0x00007ff82868c000 	/System/Library/Frameworks/QuickLookThumbnailing.framework/Versions/A/QuickLookThumbnailing
0x00007ff825300000 	/System/Library/Frameworks/FileProvider.framework/Versions/A/FileProvider
0x00007ff812bf5000 	/System/Library/PrivateFrameworks/DesktopServicesPriv.framework/Versions/A/DesktopServicesPriv
0x00007ff815095000 	/System/Library/Frameworks/Accounts.framework/Versions/A/Accounts
0x00007ff91cb30000 	/System/Library/PrivateFrameworks/AOSKit.framework/Versions/A/AOSKit
0x00007ff81dd17000 	/System/Library/PrivateFrameworks/AppSSOCore.framework/Versions/A/AppSSOCore
0x00007ff827e86000 	/System/Library/PrivateFrameworks/AppSupport.framework/Versions/A/AppSupport
0x00007ff916b35000 	/System/Library/Frameworks/AVFoundation.framework/Versions/A/AVFoundation
0x00007ff8285bc000 	/System/Library/PrivateFrameworks/DuetActivityScheduler.framework/Versions/A/DuetActivityScheduler
0x00007ff91760b000 	/System/Library/PrivateFrameworks/FTServices.framework/Versions/A/FTServices
0x00007ff9286d9000 	/System/Library/PrivateFrameworks/NetworkServiceProxy.framework/Versions/A/NetworkServiceProxy
0x00007ff82640b000 	/System/Library/PrivateFrameworks/Rapport.framework/Versions/A/Rapport
0x00007ffc2227b000 	/System/Library/PrivateFrameworks/Symptoms.framework/Versions/A/Frameworks/SymptomAnalytics.framework/Versions/A/SymptomAnalytics
0x00007ff823d1d000 	/usr/lib/libnetworkextension.dylib
0x00007ff824d0a000 	/System/Library/PrivateFrameworks/SymptomDiagnosticReporter.framework/Versions/A/SymptomDiagnosticReporter
0x00007ffa1c8be000 	/System/Library/Frameworks/CryptoKit.framework/Versions/A/CryptoKit
0x00007ff82855b000 	/System/Library/PrivateFrameworks/CryptoKitCBridging.framework/Versions/A/CryptoKitCBridging
0x00007ff825f51000 	/System/Library/Frameworks/CryptoTokenKit.framework/Versions/A/CryptoTokenKit
0x00007ffa111b9000 	/usr/lib/swift/libswiftCryptoTokenKit.dylib
0x00007ff825fb1000 	/System/Library/Frameworks/LocalAuthentication.framework/Versions/A/LocalAuthentication
0x00007ffc10410000 	/System/Library/PrivateFrameworks/LocalAuthenticationCore.framework/Versions/A/LocalAuthenticationCore
0x00007ff826000000 	/System/Library/Frameworks/LocalAuthentication.framework/Support/SharedUtils.framework/Versions/A/SharedUtils
0x00007ff81783c000 	/System/Library/PrivateFrameworks/ApplePushService.framework/Versions/A/ApplePushService
0x00007ff916d53000 	/System/Library/PrivateFrameworks/FindMyDevice.framework/Versions/A/FindMyDevice
0x00007ff815119000 	/System/Library/PrivateFrameworks/CommonUtilities.framework/Versions/A/CommonUtilities
0x00007ff92c2ca000 	/System/Library/PrivateFrameworks/DeviceIdentity.framework/Versions/A/DeviceIdentity
0x00007ff81e444000 	/System/Library/PrivateFrameworks/Bom.framework/Versions/A/Bom
0x00007ff820207000 	/usr/lib/libParallelCompression.dylib
0x00007ffd11e9d000 	/usr/lib/libAppleArchive.dylib
0x00007ff8201fa000 	/System/Library/PrivateFrameworks/MultiverseSupport.framework/Versions/A/MultiverseSupport
0x00007ff82bf74000 	/System/Library/PrivateFrameworks/FMCoreLite.framework/Versions/A/FMCoreLite
0x00007ff81be2e000 	/System/Library/PrivateFrameworks/AuthKit.framework/Versions/A/AuthKit
0x00007ff824e2a000 	/System/Library/PrivateFrameworks/DiskManagement.framework/Versions/A/DiskManagement
0x00007ff824d46000 	/System/Library/PrivateFrameworks/AppleIDAuthSupport.framework/Versions/A/AppleIDAuthSupport
0x00007ffb16796000 	/System/Library/PrivateFrameworks/AAAFoundation.framework/Versions/A/AAAFoundation
0x00007ff8206e9000 	/System/Library/PrivateFrameworks/KeychainCircle.framework/Versions/A/KeychainCircle
0x00007ff911e36000 	/System/Library/PrivateFrameworks/URLFormatting.framework/Versions/A/URLFormatting
0x00007ff827df2000 	/usr/lib/libcsfde.dylib
0x00007ff81dea8000 	/usr/lib/libCoreStorage.dylib
0x00007ff821aee000 	/System/Library/PrivateFrameworks/ProtectedCloudStorage.framework/Versions/A/ProtectedCloudStorage
0x00007ff827dee000 	/System/Library/PrivateFrameworks/EFILogin.framework/Versions/A/EFILogin
0x00007ff910be6000 	/System/Library/PrivateFrameworks/CloudServices.framework/Versions/A/CloudServices
0x00007ff8254f2000 	/System/Library/PrivateFrameworks/OctagonTrust.framework/Versions/A/OctagonTrust
0x00007ff825b6a000 	/System/Library/PrivateFrameworks/AVFCore.framework/Versions/A/AVFCore
0x00007ff90f63b000 	/System/Library/PrivateFrameworks/AVFCapture.framework/Versions/A/AVFCapture
0x00007ffb1c063000 	/System/Library/PrivateFrameworks/CMImaging.framework/Versions/A/CMImaging
0x00007ff90f852000 	/System/Library/PrivateFrameworks/Quagga.framework/Versions/A/Quagga
0x00007ff90f983000 	/System/Library/PrivateFrameworks/CMCapture.framework/Versions/A/CMCapture
0x00007ff8202d7000 	/System/Library/Frameworks/CoreMediaIO.framework/Versions/A/CoreMediaIO
0x00007ff8286d3000 	/System/Library/PrivateFrameworks/Espresso.framework/Versions/A/Espresso
0x00007ffa28edb000 	/System/Library/PrivateFrameworks/ANECompiler.framework/Versions/A/ANECompiler
0x00007ff82a7bc000 	/System/Library/PrivateFrameworks/AppleNeuralEngine.framework/Versions/A/AppleNeuralEngine
0x00007ffb11bbb000 	/System/Library/Frameworks/MetalPerformanceShadersGraph.framework/Versions/A/MetalPerformanceShadersGraph
0x00007ffc10e6e000 	/System/Library/PrivateFrameworks/MLCompilerServices.framework/Versions/A/MLCompilerServices
0x00007ff8296ae000 	/System/Library/PrivateFrameworks/ANEServices.framework/Versions/A/ANEServices
0x00007ff91c924000 	/usr/lib/libncurses.5.4.dylib
0x00007ff8114b4000 	/usr/lib/libsandbox.1.dylib
0x00007ff81dea0000 	/usr/lib/libMatch.1.dylib
0x00007ffc10e0d000 	/System/Library/PrivateFrameworks/MLCompilerRuntime.framework/Versions/A/MLCompilerRuntime
0x00007ffb1cb34000 	/System/Library/PrivateFrameworks/CinematicFraming.framework/Versions/A/CinematicFraming
0x00007ff916798000 	/System/Library/Frameworks/CoreMotion.framework/Versions/A/CoreMotion
0x00007ff9252b5000 	/System/Library/PrivateFrameworks/TimeSync.framework/Versions/A/TimeSync
0x00007ffb21c04000 	/System/Library/PrivateFrameworks/DistributedSensing.framework/Versions/A/DistributedSensing
0x00007ff920f79000 	/System/Library/PrivateFrameworks/MobileBluetooth.framework/Versions/A/MobileBluetooth
0x00007ff81feab000 	/System/Library/PrivateFrameworks/LocationSupport.framework/Versions/A/LocationSupport
0x00007ff926c8a000 	/System/Library/PrivateFrameworks/IOKitten.framework/Versions/A/IOKitten
0x00007ff812e6b000 	/System/Library/PrivateFrameworks/CoreDuet.framework/Versions/A/CoreDuet
0x00007ff82713b000 	/System/Library/PrivateFrameworks/CoreDuetContext.framework/Versions/A/CoreDuetContext
0x00007ffb1aea4000 	/System/Library/PrivateFrameworks/BiomeLibrary.framework/Versions/A/BiomeLibrary
0x00007ff92ad1e000 	/System/Library/PrivateFrameworks/BiomePubSub.framework/Versions/A/BiomePubSub
0x00007ff81789d000 	/System/Library/Frameworks/CloudKit.framework/Versions/A/CloudKit
0x00007ff82718f000 	/System/Library/Frameworks/Intents.framework/Versions/A/Intents
0x00007ff829846000 	/System/Library/PrivateFrameworks/CoreDuetDaemonProtocol.framework/Versions/A/CoreDuetDaemonProtocol
0x00007ff8296d9000 	/System/Library/PrivateFrameworks/ProactiveSupport.framework/Versions/A/ProactiveSupport
0x00007ff925330000 	/System/Library/PrivateFrameworks/BiomeStreams.framework/Versions/A/BiomeStreams
0x00007ff92ad7d000 	/System/Library/PrivateFrameworks/BiomeStorage.framework/Versions/A/BiomeStorage
0x00007ff921ac3000 	/System/Library/PrivateFrameworks/BiomeFoundation.framework/Versions/A/BiomeFoundation
0x00007ffc0f09a000 	/System/Library/PrivateFrameworks/IntelligencePlatformLibrary.framework/Versions/A/IntelligencePlatformLibrary
0x00007ffc1826c000 	/System/Library/PrivateFrameworks/PoirotSchematizer.framework/Versions/A/PoirotSchematizer
0x00007ffb1b540000 	/System/Library/PrivateFrameworks/BiomeSync.framework/Versions/A/BiomeSync
0x00007ffb1ae85000 	/System/Library/PrivateFrameworks/BiomeFlexibleStorage.framework/Versions/A/BiomeFlexibleStorage
0x00007ffb1ae6b000 	/System/Library/PrivateFrameworks/BiomeDSL.framework/Versions/A/BiomeDSL
0x00007ffc182dd000 	/System/Library/PrivateFrameworks/PoirotUDFs.framework/Versions/A/PoirotUDFs
0x00007ffc18243000 	/System/Library/PrivateFrameworks/PoirotSQLite.framework/Versions/A/PoirotSQLite
0x00007ff82816f000 	/System/Library/PrivateFrameworks/InternationalTextSearch.framework/Versions/A/InternationalTextSearch
0x00007ffb1c79c000 	/System/Library/PrivateFrameworks/CascadeSets.framework/Versions/A/CascadeSets
0x00007ffb1445d000 	/System/Library/Frameworks/SharedWithYouCore.framework/Versions/A/SharedWithYouCore
0x00007ff828237000 	/System/Library/PrivateFrameworks/AppleAccount.framework/Versions/A/AppleAccount
0x00007ff828637000 	/System/Library/PrivateFrameworks/C2.framework/Versions/A/C2
0x00007ff818f7b000 	/System/Library/Frameworks/CoreLocation.framework/Versions/A/CoreLocation
0x00007ffb1cdf1000 	/System/Library/PrivateFrameworks/CloudAssets.framework/Versions/A/CloudAssets
0x00007ff82862f000 	/System/Library/Frameworks/PushKit.framework/Versions/A/PushKit
0x00007ffa12c60000 	/usr/lib/swift/libswiftAVFoundation.dylib
0x00007ff917ad7000 	/usr/lib/swift/libswiftCoreAudio.dylib
0x00007ff91db83000 	/usr/lib/swift/libswiftCoreLocation.dylib
0x00007ff91db95000 	/usr/lib/swift/libswiftCoreMIDI.dylib
0x00007ffa111bb000 	/usr/lib/swift/libswiftCoreMedia.dylib
0x00007ff8216a1000 	/System/Library/PrivateFrameworks/Sharing.framework/Versions/A/Sharing
0x00007ff8277f9000 	/System/Library/PrivateFrameworks/Apple80211.framework/Versions/A/Apple80211
0x00007ff81b2b1000 	/System/Library/Frameworks/CoreWLAN.framework/Versions/A/CoreWLAN
0x00007ff82b8f1000 	/System/Library/PrivateFrameworks/AssistantServices.framework/Versions/A/AssistantServices
0x00007ff8261f3000 	/System/Library/PrivateFrameworks/SAObjects.framework/Versions/A/SAObjects
0x00007ff82b52e000 	/System/Library/PrivateFrameworks/MediaRemote.framework/Versions/A/MediaRemote
0x00007ff91ce6d000 	/System/Library/PrivateFrameworks/SiriInstrumentation.framework/Versions/A/SiriInstrumentation
0x00007ffc1b3e7000 	/System/Library/PrivateFrameworks/SiriAnalytics.framework/Versions/A/SiriAnalytics
0x00007ffc200fc000 	/System/Library/PrivateFrameworks/SiriTTSService.framework/Versions/A/SiriTTSService
0x00007ffc1bc1e000 	/System/Library/PrivateFrameworks/SiriCrossDeviceArbitration.framework/Versions/A/SiriCrossDeviceArbitration
0x00007ff91ab91000 	/System/Library/PrivateFrameworks/FeedbackLogger.framework/Versions/A/FeedbackLogger
0x00007ffc1bc6b000 	/System/Library/PrivateFrameworks/SiriCrossDeviceArbitrationFeedback.framework/Versions/A/SiriCrossDeviceArbitrationFeedback
0x00007ffb29dc6000 	/System/Library/PrivateFrameworks/GenerativeModels.framework/Versions/A/GenerativeModels
0x00007ff9112bf000 	/System/Library/PrivateFrameworks/MediaServices.framework/Versions/A/MediaServices
0x00007ff821222000 	/System/Library/PrivateFrameworks/IDS.framework/Versions/A/IDS
0x00007ff81e113000 	/System/Library/PrivateFrameworks/PersistentConnection.framework/Versions/A/PersistentConnection
0x00007ff81fe37000 	/System/Library/PrivateFrameworks/IMFoundation.framework/Versions/A/IMFoundation
0x00007ff911446000 	/System/Library/PrivateFrameworks/Marco.framework/Versions/A/Marco
0x00007ff8213f2000 	/System/Library/PrivateFrameworks/IDSFoundation.framework/Versions/A/IDSFoundation
0x00007ff82cde4000 	/System/Library/PrivateFrameworks/Engram.framework/Versions/A/Engram
0x00007ff82cd8a000 	/usr/lib/libtidy.A.dylib
0x00007ff924e0d000 	/System/Library/PrivateFrameworks/FTAWD.framework/Versions/A/FTAWD
0x00007ff821d68000 	/System/Library/PrivateFrameworks/GeoServices.framework/Versions/A/GeoServices
0x00007ffb29f9b000 	/System/Library/PrivateFrameworks/GeoServicesCore.framework/Versions/A/GeoServicesCore
0x00007ff911e35000 	/System/Library/PrivateFrameworks/PhoneNumbers.framework/Versions/A/PhoneNumbers
0x00007ffb21726000 	/System/Library/PrivateFrameworks/Dendrite.framework/Versions/A/Dendrite
0x00007ffb1a950000 	/System/Library/PrivateFrameworks/AtomicsInternal.framework/Versions/A/AtomicsInternal
0x00007ff91e954000 	/usr/lib/libtailspin.dylib
0x00007ffa10d3e000 	/System/Library/PrivateFrameworks/Osprey.framework/Versions/A/Osprey
0x00007ffc1f72b000 	/System/Library/PrivateFrameworks/SiriTTS.framework/Versions/A/SiriTTS
0x00007ff917720000 	/System/Library/Frameworks/NaturalLanguage.framework/Versions/A/NaturalLanguage
0x00007ffc1e75f000 	/System/Library/PrivateFrameworks/SiriPowerInstrumentation.framework/Versions/A/SiriPowerInstrumentation
0x00007ff918599000 	/System/Library/PrivateFrameworks/Trial.framework/Versions/A/Trial
0x00007ff91851e000 	/System/Library/PrivateFrameworks/TrialProto.framework/Versions/A/TrialProto
0x00007ffa20dc0000 	/usr/lib/swift/libswiftNaturalLanguage.dylib
0x00007ffc22a84000 	/System/Library/PrivateFrameworks/TailspinSymbolication.framework/Versions/A/TailspinSymbolication
0x00007ffb214b2000 	/System/Library/PrivateFrameworks/Darwinup.framework/Versions/A/Darwinup
0x00007ff929c83000 	/System/Library/PrivateFrameworks/SignpostSupport.framework/Versions/A/SignpostSupport
0x00007ff9175f0000 	/System/Library/PrivateFrameworks/FeatureFlagsSupport.framework/Versions/A/FeatureFlagsSupport
0x00007ff9293d3000 	/System/Library/PrivateFrameworks/ktrace.framework/Versions/A/ktrace
0x00007ff929f24000 	/System/Library/PrivateFrameworks/SampleAnalysis.framework/Versions/A/SampleAnalysis
0x00007ffa12497000 	/System/Library/PrivateFrameworks/kperfdata.framework/Versions/A/kperfdata
0x00007ff821c88000 	/usr/lib/libdscsym.dylib
0x00007ffa129a5000 	/System/Library/PrivateFrameworks/BulkSymbolication.framework/Versions/A/BulkSymbolication
0x00007ff817d27000 	/System/Library/Frameworks/CoreML.framework/Versions/A/CoreML
0x00007ffa1f2af000 	/usr/lib/libedit.3.dylib
0x00007ff81b999000 	/System/Library/Frameworks/MLCompute.framework/Versions/A/MLCompute
0x00007ffc10cda000 	/System/Library/PrivateFrameworks/MLAssetIO.framework/Versions/A/MLAssetIO
0x00007ffd12c9c000 	/usr/lib/swift/libswiftMLCompute.dylib
0x00007ff80fa05000 	/System/Library/PrivateFrameworks/LanguageModeling.framework/Versions/A/LanguageModeling
0x00007ff8146ac000 	/System/Library/PrivateFrameworks/Montreal.framework/Versions/A/Montreal
0x00007ff81c2d9000 	/usr/lib/libcmph.dylib
0x00007ffb29e40000 	/System/Library/PrivateFrameworks/GenerativeModelsFoundation.framework/Versions/A/GenerativeModelsFoundation
0x00007ffc24f65000 	/System/Library/PrivateFrameworks/TokenGeneration.framework/Versions/A/TokenGeneration
0x00007ffb29cb7000 	/System/Library/PrivateFrameworks/GenerativeFunctions.framework/Versions/A/GenerativeFunctions
0x00007ffb29cfb000 	/System/Library/PrivateFrameworks/GenerativeFunctionsFoundation.framework/Versions/A/GenerativeFunctionsFoundation
0x00007ffc12c5f000 	/System/Library/PrivateFrameworks/ModelCatalog.framework/Versions/A/ModelCatalog
0x00007ffc1ad07000 	/System/Library/PrivateFrameworks/SensitiveContentAnalysisML.framework/Versions/A/SensitiveContentAnalysisML
0x00007ffb29d59000 	/System/Library/PrivateFrameworks/GenerativeFunctionsInstrumentation.framework/Versions/A/GenerativeFunctionsInstrumentation
0x00007ffc1901a000 	/System/Library/PrivateFrameworks/PromptKit.framework/Versions/A/PromptKit
0x00007ffc18c81000 	/System/Library/PrivateFrameworks/ProactiveDaemonSupport.framework/Versions/A/ProactiveDaemonSupport
0x00007ffc250d1000 	/System/Library/PrivateFrameworks/TokenGenerationCore.framework/Versions/A/TokenGenerationCore
0x00007ffc28004000 	/System/Library/PrivateFrameworks/VectorSearch.framework/Versions/A/VectorSearch
0x00007ffd12d38000 	/usr/lib/swift/libswiftSynchronization.dylib
0x00007ffc12df4000 	/System/Library/PrivateFrameworks/ModelManagerServices.framework/Versions/A/ModelManagerServices
0x00007ff911832000 	/System/Library/PrivateFrameworks/ProactiveEventTracker.framework/Versions/A/ProactiveEventTracker
0x00007ffc269b9000 	/System/Library/PrivateFrameworks/UnifiedAssetFramework.framework/Versions/A/UnifiedAssetFramework
0x00007ffb19da4000 	/System/Library/PrivateFrameworks/AppleFlatBuffers.framework/Versions/A/AppleFlatBuffers
0x00007ffb167ae000 	/System/Library/PrivateFrameworks/AAAFoundationSwift.framework/Versions/A/AAAFoundationSwift
0x00007ff8283c5000 	/System/Library/PrivateFrameworks/AppleIDSSOAuthentication.framework/Versions/A/AppleIDSSOAuthentication
0x00007ff9245dd000 	/usr/lib/swift/libswiftCompression.dylib
0x00007ffc1aebc000 	/System/Library/PrivateFrameworks/SentencePieceInternal.framework/Versions/A/SentencePieceInternal
0x00007ff824144000 	/System/Library/Frameworks/Vision.framework/Versions/A/Vision
0x00007ffb20fe9000 	/System/Library/PrivateFrameworks/CoreSceneUnderstanding.framework/Versions/A/CoreSceneUnderstanding
0x00007ffc28ab5000 	/System/Library/PrivateFrameworks/VisionCore.framework/Versions/A/VisionCore
0x00007ff91fd55000 	/System/Library/Frameworks/Vision.framework/libfaceCore.dylib
0x00007ff920a38000 	/System/Library/PrivateFrameworks/Futhark.framework/Versions/A/Futhark
0x00007ff924399000 	/System/Library/PrivateFrameworks/InertiaCam.framework/Versions/A/InertiaCam
0x00007ff9207e3000 	/System/Library/PrivateFrameworks/TextRecognition.framework/Versions/A/TextRecognition
0x00007ff81dd36000 	/System/Library/PrivateFrameworks/CVNLP.framework/Versions/A/CVNLP
0x00007ffb28f92000 	/System/Library/PrivateFrameworks/GRDBInternal.framework/Versions/A/GRDBInternal
0x00007ff82a56c000 	/System/Library/PrivateFrameworks/RTCReporting.framework/Versions/A/RTCReporting
0x00007ff82861f000 	/System/Library/PrivateFrameworks/IntentsFoundation.framework/Versions/A/IntentsFoundation
0x00007ffb21315000 	/System/Library/PrivateFrameworks/CryptoKitPrivate.framework/Versions/A/CryptoKitPrivate
0x00007ff820f78000 	/System/Library/Frameworks/NetworkExtension.framework/Versions/A/NetworkExtension
0x00007ff91c4b1000 	/System/Library/PrivateFrameworks/CaptiveNetwork.framework/Versions/A/CaptiveNetwork
0x00007ff827cfa000 	/System/Library/PrivateFrameworks/EAP8021X.framework/Versions/A/EAP8021X
0x00007ffd12c8f000 	/usr/lib/swift/libswiftFileProvider.dylib
0x00007ff929ef2000 	/System/Library/PrivateFrameworks/UIKitServices.framework/Versions/A/UIKitServices
0x000000017ef18000 	/System/Library/Extensions/AGXMetal13_3.bundle/Contents/MacOS/AGXMetal13_3
0x00007ff910c2e000 	/System/Library/PrivateFrameworks/IOGPU.framework/Versions/A/IOGPU
0x000000017e11c000 	/Applications/Apache NetBeans.app/Contents/Home/lib/libosxui.dylib
0x00007ffc22f53000 	/System/Library/PrivateFrameworks/TextInputUI.framework/Versions/A/TextInputUI
0x00007ffc22f6f000 	/System/Library/PrivateFrameworks/TextInputUIMacHelper.framework/Versions/A/TextInputUIMacHelper
0x00007ffc1a3fe000 	/System/Library/PrivateFrameworks/Sage.framework/Versions/A/Sage


VM Arguments:
java_command: com.mycompany.javacheckers.Checkers
java_class_path (initial): /Users/robertpalmer/Desktop/Coding/Java/JavaCheckers/target/classes:/Users/robertpalmer/.m2/repository/commons-lang/commons-lang/2.6/commons-lang-2.6.jar
Launcher Type: SUN_STANDARD

[Global flags]
     intx CICompilerCount                          = 4                                         {product} {ergonomic}
     uint ConcGCThreads                            = 2                                         {product} {ergonomic}
     uint G1ConcRefinementThreads                  = 8                                         {product} {ergonomic}
   size_t G1HeapRegionSize                         = 1048576                                   {product} {ergonomic}
    uintx GCDrainStackTargetSize                   = 64                                        {product} {ergonomic}
   size_t InitialHeapSize                          = 134217728                                 {product} {ergonomic}
   size_t MarkStackSize                            = 4194304                                   {product} {ergonomic}
   size_t MaxHeapSize                              = 2147483648                                {product} {ergonomic}
   size_t MaxNewSize                               = 1287651328                                {product} {ergonomic}
   size_t MinHeapDeltaBytes                        = 1048576                                   {product} {ergonomic}
   size_t MinHeapSize                              = 8388608                                   {product} {ergonomic}
    uintx NonNMethodCodeHeapSize                   = 5839372                                {pd product} {ergonomic}
    uintx NonProfiledCodeHeapSize                  = 122909434                              {pd product} {ergonomic}
    uintx ProfiledCodeHeapSize                     = 122909434                              {pd product} {ergonomic}
    uintx ReservedCodeCacheSize                    = 251658240                              {pd product} {ergonomic}
     bool SegmentedCodeCache                       = true                                      {product} {ergonomic}
   size_t SoftMaxHeapSize                          = 2147483648                             {manageable} {ergonomic}
     bool UseCompressedOops                        = true                           {product lp64_product} {ergonomic}
     bool UseG1GC                                  = true                                      {product} {ergonomic}
     bool UseNUMA                                  = false                                     {product} {ergonomic}
     bool UseNUMAInterleaving                      = false                                     {product} {ergonomic}

Logging:
Log output configuration:
 #0: stdout all=warning uptime,level,tags foldmultilines=false
 #1: stderr all=off uptime,level,tags foldmultilines=false

Environment Variables:
JAVA_HOME=/Applications/Apache NetBeans.app/Contents/Home
PATH=/usr/bin:/bin:/usr/sbin:/sbin
SHELL=/bin/zsh
LC_CTYPE=UTF-8
TMPDIR=/var/folders/gl/y60l7cg13q5fbnqg8ytjy1_80000gn/T/

Active Locale:
LC_ALL=C/UTF-8/C/C/C/C
LC_COLLATE=C
LC_CTYPE=UTF-8
LC_MESSAGES=C
LC_MONETARY=C
LC_NUMERIC=C
LC_TIME=C

Signal Handlers:
   SIGSEGV: crash_handler in libjvm.dylib, mask=11100110100111111111111111111111, flags=SA_ONSTACK|SA_RESTART|SA_SIGINFO, unblocked
    SIGBUS: crash_handler in libjvm.dylib, mask=11100110100111111111111111111111, flags=SA_RESTART|SA_SIGINFO, unblocked
    SIGFPE: crash_handler in libjvm.dylib, mask=11100110100111111111111111111111, flags=SA_RESTART|SA_SIGINFO, unblocked
   SIGPIPE: javaSignalHandler in libjvm.dylib, mask=11100110100111111111111111111111, flags=SA_RESTART|SA_SIGINFO, blocked
   SIGXFSZ: javaSignalHandler in libjvm.dylib, mask=11100110100111111111111111111111, flags=SA_RESTART|SA_SIGINFO, blocked
    SIGILL: crash_handler in libjvm.dylib, mask=11100110100111111111111111111111, flags=SA_RESTART|SA_SIGINFO, unblocked
   SIGUSR2: SR_handler in libjvm.dylib, mask=00000000000000000000000000000000, flags=SA_RESTART|SA_SIGINFO, blocked
    SIGHUP: UserHandler in libjvm.dylib, mask=11100110100111111111111111111111, flags=SA_RESTART|SA_SIGINFO, blocked
    SIGINT: SIG_IGN, mask=11111111011111110111111111111111, flags=none, blocked
   SIGTERM: UserHandler in libjvm.dylib, mask=11100110100111111111111111111111, flags=SA_RESTART|SA_SIGINFO, blocked
   SIGQUIT: UserHandler in libjvm.dylib, mask=11100110100111111111111111111111, flags=SA_RESTART|SA_SIGINFO, blocked
   SIGTRAP: crash_handler in libjvm.dylib, mask=11100110100111111111111111111111, flags=SA_RESTART|SA_SIGINFO, unblocked


Periodic native trim disabled

---------------  S Y S T E M  ---------------

OS:
uname: Darwin 24.2.0 Darwin Kernel Version 24.2.0: Fri Dec  6 18:40:14 PST 2024; root:xnu-11215.61.5~2/RELEASE_ARM64_T8103 x86_64
OS uptime: 1 days 22:45 hours
rlimit (soft/hard): STACK 8176k/65520k , CORE 0k/infinity , NPROC 1333/2000 , NOFILE 10240/infinity , AS infinity/infinity , CPU infinity/infinity , DATA infinity/infinity , FSIZE infinity/infinity , MEMLOCK infinity/infinity , RSS infinity/infinity
load average: 6.93 4.65 5.80

CPU: (EMULATED) total 8 (initial active 8) (1 cores per cpu, 1 threads per core) family 6 model 44 stepping 0 microcode 0x0, cx8, cmov, fxsr, mmx, sse, sse2, sse3, ssse3, sse4.1, sse4.2, popcnt, tsc, tscinvbit, aes, clmul, clflush, rdtscp
machdep.cpu.brand_string:Apple M1
hw.cpufrequency:2400000000
hw.cpufrequency_min:2400000000
hw.cpufrequency_max:2400000000
hw.cachelinesize:64
hw.l1icachesize:131072
hw.l1dcachesize:65536
hw.l2cachesize:4194304

Memory: 4k page, physical 8388608k(678040k free), swap 5242880k(268096k free)

vm_info: OpenJDK 64-Bit Server VM (21.0.2+13-LTS) for bsd-amd64 JRE (21.0.2+13-LTS) (Zulu21.32+17-CA), built on 2024-01-09T19:41:02Z by "tester" with clang Apple LLVM 14.0.3 (clang-1403.0.22.14.1)

END.
